storyblokId,subscriptionTag,shopify_product_id,ga_path,url,inserted_at,publishedAt,price,editionSize,launchDate,medium,releaseType,closingDate,isDrawLaunch,seoDescription,description,authentication,mediumDescription,customDimensions,eligibility,releaseNote,framingDescription
459827901,"George Condo - Framing only Prismatic Head Composition",8785580556626,"/products/framing-only-prismatic-head-composition","https://avantarte.com/products/framing-only-prismatic-head-composition","2024-03-12T09:00:22.365000","2024-03-11T17:22:31.440000","","","","[]","","","","","","","","","","",""
215880573,"Six N. Five - Rituals",6856920825955,"/products/rituals","https://avantarte.com/products/rituals","2023-03-27T09:00:05.881000","2022-11-08T17:52:55.495000","","","","[]","","","","","","","","","","",""
492469589,"Hebru Brantley - Test Draw May 24",8914503369042,"/products/test-draw-with-crypto","https://avantarte.com/products/test-draw-with-crypto","2024-05-16T09:00:30.636000","2023-07-24T14:22:57.137000","","","","[]","","","","","","","","","","",""
115896179809334,"Ai Weiwei - Red Arm & Yellow Arm by Ai Weiwei",15669082161534,"/products/ai-weiwei-aluminium-arm-red-aluminium-arm-yellow-pair","https://avantarte.com/products/ai-weiwei-aluminium-arm-red-aluminium-arm-yellow-pair","2026-03-23T11:00:26.236000","2026-02-24T11:54:40.336000","","","","[]","","","","","","","","","","",""
460169907,"George Condo - Framing only Prismatic Head Composition",8785580556626,"/products/frame-only-prismatic-head-composition","https://avantarte.com/products/frame-only-prismatic-head-composition","2024-03-12T12:00:23.985000","2024-03-11T17:22:31.440000","","","","[]","","","","","","","","","","",""
"","GM_LEA_TEMP",9256973467986,"/products/gabriel-moses-lea-2024","","2024-07-01T18:26:39.675000","","","","","[]","","","","","","","","","","",""
66389871353752,"Carrie Mae Weems - Untitled (Man & Mirror), Kitchen Table Series by Carrie Mae Weems",15474693898622,"/products/carrie-mae-weems-untitled-man-and-mirror-alt","https://avantarte.com/products/carrie-mae-weems-untitled-man-and-mirror-alt","2025-07-17T11:00:14.774000","2025-07-07T14:25:39.119000","","","","[]","","","","","","","","","","",""
450216573,"Miwa Komatsu - Innocent Days and Wishes",8768460357970,"/products/miwa-komatsu-innocent-days-and-wishes","https://avantarte.com/products/miwa-komatsu-innocent-days-and-wishes","2025-02-13T10:00:33.700000","2024-03-18T17:15:06.207000","","","","[]","","","","","","","","","","",""
460169891,"George Condo - Framing only Portrait and Head",8785575838034,"/products/frame-only-portrait-and-head","https://avantarte.com/products/frame-only-portrait-and-head","2024-03-12T12:00:23.985000","2024-03-11T17:22:31.440000","","","","[]","","","","","","","","","","",""
86111673,"Mickalene Thomas - Left Behind",6668755763299,"/products/left-behind","https://avantarte.com/products/left-behind","2024-02-21T13:00:25.617000","2021-12-02T08:03:16","","","","[]","","","","","","","","","","",""
66384267658276,"Carrie Mae Weems - Untitled (Woman & Phone), Kitchen Table Series by Carrie Mae Weems",15474672206206,"/products/carrie-mae-weems-untitled-woman-and-phone-alt","https://avantarte.com/products/carrie-mae-weems-untitled-woman-and-phone-alt","2025-07-17T11:00:14.774000","2025-07-07T14:10:59.759000","","","","[]","","","","","","","","","","",""
234425662,"NessGraphics -  G4M30V3R.4.R34L",6865042112611,"/products/g4m30v3r-4-r34l-","https://avantarte.com/products/g4m30v3r-4-r34l-","2023-01-29T18:00:03.647000","2022-11-21T10:53:50.482000","","","","[]","","","","","","","","","","",""
114825759262980,"Ai Weiwei - Yellow Arm by Ai Weiwei",15669081866622,"/products/ai-weiwei-aluminium-arm-yellow","https://avantarte.com/products/ai-weiwei-aluminium-arm-yellow","2026-03-23T11:00:26.236000","2025-11-26T09:32:18.505000","","","","[]","","","","","","","","","","",""
280343077,"Minhee Kim - TERESA",8343315775826,"/products/minhee-kim-teresa","https://avantarte.com/products/minhee-kim-teresa","2023-03-27T19:00:04.606000","2023-03-27T16:53:01.517000","","","","[]","","","","","","","","","","",""
291870374,"Maxwell Mustardo - Blue Amphora",8364953010514,"/products/maxwell-mustardo-pink-yellow-amphora-2","https://avantarte.com/products/maxwell-mustardo-pink-yellow-amphora-2","2023-05-31T09:00:05.069000","2023-04-19T09:11:44.996000","","","","[]","","","","","","","","","","",""
66413510969964,"Carrie Mae Weems - Kitchen Table Triptych by Carrie Mae Weems",15474735645054,"/products/carrie-mae-weems-kitchen-table-triptych-alt","https://avantarte.com/products/carrie-mae-weems-kitchen-table-triptych-alt","2025-07-17T11:00:14.774000","2025-07-07T15:58:50.955000","","","","[]","","","","","","","","","","",""
213526110040012,"Julian Schnabel - Don’t Let It Bring You Down, It’s Only Castles Burning (For Neil Young) II by Julian Schnabel",16062572986750,"/products/julian-schnabel-don-t-let-it-bring-you-down-it-s-only-castles-burning-for-neil-young-ii-copy","https://avantarte.com/products/julian-schnabel-don-t-let-it-bring-you-down-it-s-only-castles-burning-for-neil-young-ii-copy","2026-08-28T16:02:12.650000","2026-08-27T08:41:08.671000","","","","[""print""]","","","","","","","","","","",""
177757014173211,"Gregory Crewdson - Untitled (Penitent Paltrow) by Gregory Crewdson",177757014173211,"/products/gregory-crewdson-tl-image-6-untitled-penitent-paltrow","https://avantarte.com/products/gregory-crewdson-tl-image-6-untitled-penitent-paltrow","2026-05-22T10:00:23.092000","2026-05-19T08:19:46.799000","","","","[]","","","","","","","","","","",""
234090312,"Roby Dwi Antono - Draw Test with frame",8468042252626,"/products/draw-test-with-frame","https://avantarte.com/products/draw-test-with-frame","2023-06-13T14:00:09.180000","2023-06-05T09:55:50.650000","","","","[]","","","","","","","","","","",""
234090312,"Roby Dwi Antono - Draw Test with frame",6876340158563,"/products/draw-test-with-frame","https://avantarte.com/products/draw-test-with-frame","2023-06-05T10:00:08.464000","2023-06-05T09:55:50.650000","","","","[]","","","","","","","","","","",""
654412460,"Judy Chicago - Heaven is for White Men Only by Judy Chicago",15016462811518,"/products/judy-chicago-heaven-is-for-white-men-only","https://avantarte.com/products/judy-chicago-heaven-is-for-white-men-only","2025-04-11T16:00:31.549000","2025-04-11T15:59:20.578000","","","","[]","","","","","","","","","","",""
76104747,"Margo Wolowiec - -57°",4489444884579,"/products/57","https://avantarte.com/products/57","2023-10-18T09:00:27.109000","2021-09-24T10:38:59","","","","[]","","","","","","","","","","",""
"","WZ_15_TEMP",9280819036498,"/products/wang-zhibo-15-nationalistic-optimism-by-the-sea-1","","2024-07-04T18:26:39.675000","2024-07-04T18:26:39.675000","","","","[]","","","","","","","","","","",""
618657545,"Jammie Holmes - Fred by Jammie Holmes",14908426486142,"/products/jammie-holmes-fred-preorder","https://avantarte.com/products/jammie-holmes-fred-preorder","2025-02-03T13:00:36.502000","2025-01-31T11:13:01.339000","","","","[]","","","","","","","","","","",""
173861013811901,"Tschabalala Self - Yellow Sapphire by Tschabalala Self",15905346650494,"/products/tschabalala-self-yellow-sapphire","https://avantarte.com/products/tschabalala-self-yellow-sapphire","2026-07-22T12:00:23.841000","2026-05-14T13:51:41.522000","","","","[]","","","","","","","","","","",""
271069607,"Paul Insect - Sweetie Drawing 2, 2021",6671368487011,"/products/sweetie-drawing-2-2021","https://avantarte.com/products/sweetie-drawing-2-2021","2023-06-14T14:00:08.889000","2023-02-24T10:14:31","","","","[]","","","","","","","","","","",""
86115099,"Mickalene Thomas - Jet Blue #11",6668755271779,"/products/jet-blue-11","https://avantarte.com/products/jet-blue-11","2024-02-21T13:00:25.617000","2021-12-02T08:03:18.655000","","","","[]","","","","","","","","","","",""
314016747,"Nicolas Holiber - Painted Mask 4",8456720220498,"/products/painted-mask-4","https://avantarte.com/products/painted-mask-4","2023-05-31T12:00:07.742000","2023-05-26T13:38:05.218000","","","","[]","","","","","","","","","","",""
688868356,"Gabrielle Garland - stripe test",8262791430482,"/products/test-stripe-2","https://avantarte.com/products/test-stripe-2","2025-06-17T16:00:14.472000","2025-06-17T15:46:48.372000","","","","[]","","","","","","","","","","",""
459811294,"George Condo - Framing only Lost in Time",8785579671890,"/products/framing-only-lost-in-time","https://avantarte.com/products/framing-only-lost-in-time","2024-03-12T09:00:22.365000","2024-03-11T17:22:31.440000","","","","[]","","","","","","","","","","",""
213526074574550,"Julian Schnabel - Don’t Let It Bring You Down, It’s Only Castles Burning (For Neil Young) I by Julian Schnabel",16062575640958,"/products/julian-schnabel-don-t-let-it-bring-you-down-it-s-only-castles-burning-for-neil-young-i-copy","https://avantarte.com/products/julian-schnabel-don-t-let-it-bring-you-down-it-s-only-castles-burning-for-neil-young-i-copy","2026-08-28T16:02:12.650000","2026-08-27T08:40:55.834000","","","","[""print""]","","","","","","","","","","",""
208659389128941,"Julian Schnabel - Don’t Let It Bring You Down, It’s Only Castles Burning (For Neil Young) III by Julian Schnabel",16026991526270,"/products/julian-schnabel-don-t-let-it-bring-you-down-it-s-only-castles-burning-for-neil-young-iii","https://avantarte.com/products/julian-schnabel-don-t-let-it-bring-you-down-it-s-only-castles-burning-for-neil-young-iii","2026-09-14T13:01:22.909000","2026-08-17T15:06:38.874000","","","","[""print""]","","","","Collect the first ever print release of the celebrated Big Girl Paintings. A trio of limited edition 20-colour silkscreens, available individually or as a cohesive set. ","Julian Schnabel releases a new trio of limited edition silkscreen prints drawn from his celebrated Big Girl Paintings. 

As with all the works in this series, Don’t Let It Bring You Down, It’s Only Castles Burning (For Neil Young) III is an enigmatic portrait characterised by the striking absence of eyes. By removing the subject’s gaze, the artist shifts the viewer’s attention away from expression and towards the composition itself. Originally created on a monumental scale of between seven and thirteen feet, Schnabel has revisited this figure several times over the past few decades. Widely exhibited, with features in the Gagosian Gallery and the Brant Foundation, the Big Girl Paintings are among Schnabel’s most recognised bodies of work.

A 25-layer limited edition silkscreen, this piece is one of three interconnected works in our latest collaboration with the artist – and marks the first ever translation of the Big Girl Paintings into prints on paper.","Signed by the artist. Individually numbered.","25 layer silkscreen print with matte varnish seal and gloss varnish details on 410gsm Somerset Tub Sized Satin White paper.","Unframed: 70.0cm (H) × 66.0cm (W)

Framed: 73.4cm (H) x 69.4cm (W) x 3cm (D)","","","Prints can be ordered float-mounted in one of two framing options:"
325992277,"Gabrielle Garland - Anything worth having hurts a little",8262791430482,"/products/test-stripe-2","https://avantarte.com/products/test-stripe-2","2025-06-17T15:00:15.051000","2023-02-23T12:56:43","","","","[]","","","","","","","","","","",""
281164552,"Pablo Tomek - Shotgun 1",8343314891090,"/products/pablo-tomek-shotgun-1","https://avantarte.com/products/pablo-tomek-shotgun-1","2024-02-26T14:00:26.938000","2023-03-27T16:53:13.485000","","","","[]","","","","","","","","","","",""
66387569820504,"Carrie Mae Weems - Untitled (Woman Brushing Hair), Kitchen Table Series by Carrie Mae Weems",15474679021950,"/products/carrie-mae-weems-untitled-woman-brushing-hair-alt","https://avantarte.com/products/carrie-mae-weems-untitled-woman-brushing-hair-alt","2025-07-17T11:00:14.774000","2025-07-07T14:40:59.025000","","","","[]","","","","","","","","","","",""
213278952,"Sarah Zucker - THIS IS REAL",6856921055331,"/products/this-is-real","https://avantarte.com/products/this-is-real","2023-03-27T09:00:05.881000","2022-11-07T17:26:05.498000","","","","[]","","","","","","","","","","",""
459840858,"George Condo - Framing only Portrait and Head",8785575838034,"/products/framing-only-portrait-and-head","https://avantarte.com/products/framing-only-portrait-and-head","2024-03-12T09:00:22.365000","2024-03-11T17:22:31.440000","","","","[]","","","","","","","","","","",""
"","GM_MONICA_TEMP",9256973762898,"/products/gabriel-moses-monica-2024","","2024-07-02T18:26:39.675000","2024-06-27T18:26:39.675000","","","","[]","","","","","","","","","","",""
231383057,"NessGraphics - CR4SH.",6873916014691,"/products/cr4sh","https://avantarte.com/products/cr4sh","2023-03-27T08:00:06.811000","2022-11-07T17:26:05","","","","[]","","","","","","","","","","",""
281015374,"Katie Hector - New Hope",8343313219922,"/products/katie-hector-new-hope","https://avantarte.com/products/katie-hector-new-hope","2024-02-26T14:00:26.938000","2023-03-27T16:48:41.202000","","","","[]","","","","","","","","","","",""
374041103,"Szabolcs Bozó - Alex's draw test for pricing",8578547089746,"/products/alexs-draw-test-for-pricing","https://avantarte.com/products/alexs-draw-test-for-pricing","2024-10-10T12:00:34.047000","2023-07-24T14:22:57.137000","","","","[]","","","","","","","","","","",""
460169976,"George Condo - Framing only Lost in Time",8785579671890,"/products/frame-only-lost-in-time","https://avantarte.com/products/frame-only-lost-in-time","2024-03-12T12:00:23.984000","2024-03-11T17:22:31.440000","","","","[]","","","","","","","","","","",""
"","P_251-375_TEMP",9247996739922,"/products/pejac-hope-release-3","","2024-07-06T18:26:39.675000","2024-07-05T18:26:39.675000","","","","[]","","","","","","","","","","",""
"","P_1-125_TEMP",9245690167634,"/products/pejac-hope-release-1","","2024-07-06T18:26:39.675000","2024-07-05T18:26:39.675000","","","","[]","","","","","","","","","","",""
"","P_876-1000_TEMP",9256865792338,"/products/pejac-hope-release-8","","2024-07-06T18:26:39.675000","2024-07-05T18:26:39.675000","","","","[]","","","","","","","","","","",""
"","P_376-500_TEMP",9248153141586,"/products/pejac-hope-release-4","","2024-07-06T18:26:39.675000","2024-07-05T18:26:39.675000","","","","[]","","","","","","","","","","",""
"","P_626-750_TEMP",9256741044562,"/products/pejac-hope-release-6","","2024-07-06T18:26:39.675000","2024-07-05T18:26:39.675000","","","","[]","","","","","","","","","","",""
"","P_751-875_TEMP",9256815296850,"/products/pejac-hope-release-7","","2024-07-06T18:26:39.675000","2024-07-05T18:26:39.675000","","","","[]","","","","","","","","","","",""
"","P_126-250_TEMP",9247734464850,"/products/pejac-hope-release-2","","2024-07-06T18:26:39.675000","2024-07-05T18:26:39.675000","","","","[]","","","","","","","","","","",""
"","P_501-625_TEMP",9256556495186,"/products/pejac-hope-release-5","","2024-07-06T18:26:39.675000","2024-07-05T18:26:39.675000","","","","[]","","","","","","","","","","",""
215711963907669,"David Wojnarowicz - Inside This House by David Wojnarowicz Estate",16058079215998,"/products/david-wojnarowicz-estate-inside-this-house","https://avantarte.com/products/david-wojnarowicz-estate-inside-this-house","2026-09-14T13:01:22.907000","2026-09-02T13:55:05.527000","","","","[""print""]","","","","TBC","David Wojnarowicz Estate presents Inside This House, for the first time as a limited edition print.

Wojnarowicz created this work in 1990, combining monochromatic photography with one of his poems, using the image of a house as a symbol of childhood, memory and vulnerability. The piece reflects his enduring practice of transforming personal experience into universal reflections on identity, trauma and resilience. As he once wrote: ""To make the private into something public is an action that has terrific ramifications.""

Produced in collaboration with the David Wojnarowicz Estate, this limited edition offers a rare opportunity to collect an intimate work by one of the most influential artists of his generation.","Deboss authentication stamp on front, numbered","Archival pigment print with silkscreen gloss varnish on Hahnemühle Photo Rag Bright White 310 gsm paper","Unframed: 38.5cm (H) x 50cm (W)
Framed: 45.9cm (H) x 57.4cm (W) x 3cm (D)","","","Prints can be ordered float-mounted in one of three framing options:

"
215709008700823,"David Wojnarowicz - History Keeps Me Awake at Night by David Wojnarowicz Estate",16058079248766,"/products/david-wojnarowicz-estate-history-keeps-me-awake-at-night","https://avantarte.com/products/david-wojnarowicz-estate-history-keeps-me-awake-at-night","2026-09-14T13:01:22.907000","2026-09-02T13:55:37.749000","","","","[""print""]","","","","TBC","For the first time, History Keeps Me Awake at Night by David Wojnarowicz has been authorised as a limited edition print by his Estate.

Wojnarowicz created this mixed-media painting at the height of the AIDS epidemic in 1986. The piece reflects his unflinching engagement with political violence, historical memory and life on the margins throughout his influential career, both as an artist and activist. The title of this piece became a defining statement within Wojnarowicz’s practice, later lending its name to his landmark 2018 retrospective at the Whitney Museum of American Art.

Produced in collaboration with the David Wojnarowicz Estate, this limited edition offers a rare opportunity to collect one of the artist's most celebrated works.","Deboss authentication stamp on front, numbered","Archival pigment print on Hahnemühle Photo Rag Bright White 310 gsm paper","Unframed:  43.7cm (H) 50cm (W)
Framed: 51.1cm (H) x 57.4cm (W) x 3cm (D)","","","Prints can be ordered float-mounted in one of three framing options:

"
215404641763940,"Maurizio Cattelan - Novecento by Maurizio Cattelan",16069209391486,"/products/maurizio-cattelan-novecento","https://avantarte.com/products/maurizio-cattelan-novecento","2026-09-14T13:01:22.907000","2026-09-07T13:05:54.269000","","","","[""sculpture""]","","","","Collect a limited edition of Maurizio Cattelan’s Novecento, the legendary suspended taxidermy horse, created in 1997 and now available as an edition for the first time.","As Maurizio Cattelan’s Novecento enters its 30th-anniversary year, the legendary sculpture becomes a limited edition for the first time.

Originally created in 1997, Novecento is a taxidermy horse suspended from the ceiling by a leather harness and metal cables. The sculpture was prominently featured in Cattelan’s seminal retrospective, Maurizio Cattelan: All, at the Guggenheim Museum in New York in 2011-12. Named after the Italian word for the 20th century, the artwork invokes an era defined by extraordinary technological ambition and the devastation of two World Wars – setting the stage for the work’s power struggle between grandeur, power, audacity and death.

This edition has been designed to hang from the ceiling using an adjustable twine cord, stylistically based on the original artwork, installed via a metal bracket. Each sculpture is hand-painted, individually numbered and accompanied by a Certificate of Authenticity, with a hanging guide included for installation. This edition is paired with Not Afraid of Love, and part of a wider series of sculpture editions, including We Are the Revolution and La Nona Ora.","Hand-written edition number. Each edition is accompanied by a certificate of authenticity, signed by Maurizio Cattelan.","Individually hand-painted resin sculpture, with adjustable twine hanging attachment.","25.0 (H) x 23.8 (W) x 9.5cm (D)","","",""
209036109913236,"Andy Warhol - Brillo Box Collectable White Portrait",16032991019390,"/products/andy-warhol-foundation-brillo-box-collectable-white-portrait","https://avantarte.com/products/andy-warhol-foundation-brillo-box-collectable-white-portrait","2026-09-14T13:01:22.907000","2026-08-19T10:55:07.545000","","","","[""print""]","","","","Collect a limited edition Brillo Box replica, released in collaboration with the Andy Warhol Foundation. One of the most iconic pieces of Pop art history, now available as an authorised silkscreen-printed collectible. ","A new silk-screen printed cardboard collectable draws from one of Andy Warhol's most famous works, extending the Pop art pioneer's exploration of replication, consumer culture and mass-produced imagery.

Authorised by The Andy Warhol Foundation, this piece is an accurate limited edition collectable of one of Warhol's iconic Brillo Boxes. First created in 1964 using silkscreen ink and house paint on plywood, the boxes were highly controversial due to their deliberate ""machine-made"" look and near identical appearance with actual Brillo packaging. Warhol sought to break down the boundaries between high art and everyday objects, asking his audience to seek out beauty in the unexpected.

Now, the work is available as a limited edition collectable, which can either be framed as is or assembled into a 3D box. This iteration arrives in a portrait orientation with a white colourway.","Editions are individually numbered, and marked with The Andy Warhol Foundation for Visual Arts logo on the edge of the bottom panel. They come with a certificate of authentication from Avant Arte, who produce the collectable under licence of the foundation.

Produced in 2026 under license by Avant Arte.","3 colour silkscreen on GF Smith Colourflute Bright White 175gsm (two-sided), mounted to 1.5 mm E-Flute, then die cut and creased.","Assembled as a box: 17.7cm (H) x 17.7cm (W) x 14.6cm (D)

Unframed: 69.1cm (H) x 59.1cm (W)

Framed: 77.1cm (H) x 66.5 (W)  x 3 cm (D)","","","Prints can be ordered float-mounted in one of four framing options:"
216418907875339,"Bisa Butler - Be Mine by Bisa Butler",16071989526910,"/products/bisa-butler-be-mine","https://avantarte.com/products/bisa-butler-be-mine","2026-09-14T13:01:22.907000","2026-09-07T15:56:20.190000","","","","[""print""]","","","","Collect Bisa Butler’s Be Mine, a luminous limited-edition print inspired by her intimate textile portrait of anonymous figures and budding love.","Bisa Butler brings the intimacy and tenderness of her textile portraits to a new limited edition print.

Be Mine, created in 2025, is based on found Photo Booth strips featuring people whose names have been lost to time. Butler revives these anonymous figures with radiant presence, transforming them into an intimate portrait of budding love. The original quilt – made with cotton, silk, lace, sequins, netting, vinyl, glass rhinestones and beads – is a prime example of Butler’s signature textile portraiture, where material, colour and pattern carry both emotional and historical weight.

This edition features silkscreen gloss and sparkle overprints, translating the diverse textile elements of Butler’s original quilt into a luminous new limited print.","Signed by the artist. Individually numbered.","Archival pigment print with silkscreen gloss and sparkle overprints, on Hahnemühle Photo Rag Bright White 310 gsm paper.","Unframed: 55.2cm (H) × 55.2cm (W) (tondo)
Framed: 62.6 (H) x 62.6 (W) x 4 cm (D) (tondo)","","Edition size confirmed after the 48 hours release","Prints can be ordered float-mounted in a bespoke frame contoured to match their tondo shape in one of three colours: "
211161101617541,"Andy Warhol - Brillo Box Lifesize",16053940257150,"/products/andy-warhol-foundation-brillo-box-collectable-lifesize","https://avantarte.com/products/andy-warhol-foundation-brillo-box-collectable-lifesize","2026-09-14T13:01:22.907000","2026-08-21T12:40:16.021000","","","","[""print""]","","","","Collect a 1:1 scale limited edition Brillo Box replica, released in collaboration with the Andy Warhol Foundation. One of the most iconic pieces of Pop art history, now available as an authorised silkscreen-printed collectible. ","A new silk-screen printed cardoard collectable draws from one of Andy Warhol's most famous works, extending the Pop art pioneer's exploration of replication, consumer culture and mass-produced imagery.

Authorised by The Andy Warhol Foundation, this 3D piece is an accurate limited edition replica collectable of one of Warhol's iconic Brillo Boxes, crafted at a 1:1 scale to the originals. First created in 1964 using silkscreen ink and house paint on plywood, the boxes were highly controversial due to their deliberate ""machine-made"" look and near identical appearance with actual Brillo packaging. Warhol sought to break down the boundaries between high art and everyday objects, asking his audience to seek out beauty in the unexpected.

Now, the work is available as a limited edition collectable 1:1 scale replica, silkscreened to accurately reflect Warhol's original process and colours.","Editions are individually numbered, and marked with The Andy Warhol Foundation for Visual Arts logo on the edge of the bottom panel. They come with a certificate of authentication from Avant Arte, who produce the collectable under licence of the foundation.

Produced in 2026 under license by Avant Arte.","3 colour silkscreen on corrugated Board EB Flute, 190Y/ 150D short flute 550g/m2 4000um, then die cut and creased.","Assembled as box: 43.2cm (H) x 36.5cm (W) 43.2cm (D)

Laid flat: 163.2cm (H) x 134cm (W)","","",""
217788665495465,"Robert Longo - Untitled (Sandy from Men in the Cities) by Robert Longo",16078746059134,"/products/test-untitled-sandy-from-the-series-men-in-the-cities","https://avantarte.com/products/test-untitled-sandy-from-the-series-men-in-the-cities","2026-09-14T13:01:22.907000","2026-09-08T09:57:03.235000","","","","[""print""]","","","","Collect a limited edition silkscreen print by Robert Longo in support of Vote.org. Drawn from the celebrated and rarely editioned Men in the Cities, Untitled (Sandy) is one of the series’ best-known figures. ","Released in support of Vote.org, Robert Longo’s new limited edition silkscreen print explores power, politics and the human condition.

Untitled (Sandy) is one of the rarest and best-known figures from Longo’s Men in the Cities series, a collection of graphite and charcoal drawings based on photographs of the artist’s friends and contemporaries taken on the roof of his New York studio in the late 70s and early 80s. Longo used ropes, loud noises and threw objects at his models to achieve the surreal half dancing, half dying movements of his reference imagery – which was partially inspired by the final scenes of Fassbinder’s film The American Soldier (1970).

Frequently imitated but rarely editioned, this release marks the second ever release of Men in the Cities as silkscreens – the first being our 2025 release of Untitled (Eric). Sandy has been deliberately produced at the same scale and dimensions as Eric for repeat collectors who may wish to display the two pieces together.

Our master printmakers have used Longo’s original Kodak transparencies to craft this limited edition print, resulting in a high level of fidelity with the original charcoal drawing.","Signed by the artist. Individually numbered.","9 colour silkscreen with matte varnish seal on Somerset Tub Sized Radiant White 410gsm paper","","","","Prints can be ordered float-mounted in one of three framing options:"
212468560562676,"Robert Longo - Untitled (Sandy from Men in the Cities) by Robert Longo",16058079281534,"/products/robert-longo-untitled-sandy-from-men-in-the-cities","https://avantarte.com/products/robert-longo-untitled-sandy-from-men-in-the-cities","2026-09-14T13:01:22.907000","2026-08-24T14:22:34.162000","","","","[""print""]","","","","Collect a limited edition silkscreen print by Robert Longo in support of Vote.org. Drawn from the celebrated and rarely editioned Men in the Cities, Untitled (Sandy) is one of the series’ best-known figures. ","Released in support of Vote.org, Robert Longo’s new limited edition silkscreen print explores power, politics and the human condition.

Untitled (Sandy) is one of the rarest and best-known figures from Longo’s Men in the Cities series, a collection of graphite and charcoal drawings based on photographs of the artist’s friends and contemporaries taken on the roof of his New York studio in the late 70s and early 80s. Longo used ropes, loud noises and threw objects at his models to achieve the surreal half dancing, half dying movements of his reference imagery – which was partially inspired by the final scenes of Fassbinder’s film The American Soldier (1970).

Frequently imitated but rarely editioned, this release marks the second ever release of Men in the Cities as silkscreens – the first being our 2025 release of Untitled (Eric). Sandy has been deliberately produced at the same scale and dimensions as Eric for repeat collectors who may wish to display the two pieces together.

Our master printmakers have used Longo’s original Kodak transparencies to craft this limited edition print, resulting in a high level of fidelity with the original charcoal drawing.","Signed by the artist. Individually numbered.","9 colour silkscreen with matte varnish seal on Somerset Tub Sized Radiant White 410gsm paper","","","","Prints can be ordered float-mounted in one of three framing options:"
215406064604608,"Maurizio Cattelan - Novecento by Maurizio Cattelan",16069209653630,"/products/maurizio-cattelan-not-afraid-of-love","https://avantarte.com/products/maurizio-cattelan-not-afraid-of-love","2026-09-14T13:01:22.907000","2026-09-10T11:06:46.131000","","","","[""sculpture""]","","","","Collect a limited edition of Maurizio Cattelan’s Not Afraid of Love, the celebrated elephant sculpture created in 2000 and now available as an edition for the first time.","Ten years after Not Afraid of Love marked Maurizio Cattelan’s triumphant return to the art world, the sculpture that gave the exhibition its name is editioned for the first time.

Originally created in 2000, Not Afraid of Love depicts a giant elephant concealed beneath a white sheet with two eye-holes. In 2016, the work lent its title to Cattelan’s major exhibition at the Monnaie de Paris, five years after he boldly announced his retirement from the art world following his 2011 retrospective at the Solomon R. Guggenheim Museum. Playing on the expression “elephant in the room”, the work turns an imposing creature into an absurd and vulnerable figure in hiding – a characteristically on-the-nose joke that, with disarming simplicity, opens onto a near-endless range of interpretations.

Each sculpture is hand-painted, individually numbered and accompanied by a Certificate of Authenticity. This edition is paired with Novecento, and part of a wider series of sculpture editions, including We Are the Revolution and La Nona Ora","Hand-written edition number. Each edition is accompanied by a certificate of authenticity, signed by Maurizio Cattelan.","Individually hand-painted resin sculpture.","18.8 (H) x 26.7 (W) x 11.0cm (D)","","",""
216421496077457,"Bisa Butler - I Go To Prepare A Place For You by Bisa Butler",16071989494142,"/products/bisa-butler-i-go-to-prepare-a-place-for-you","https://avantarte.com/products/bisa-butler-i-go-to-prepare-a-place-for-you","2026-09-14T13:01:22.907000","2026-09-07T13:47:45.897000","","","","[""print""]","","","","Collect Bisa Butler’s I Go To Prepare A Place For You, a limited-edition print depicting Harriet Tubman, created as a fundraising edition for Smithsonian American Art Museum and Renwick Gallery and National Museum of African American History and Culture","Bisa Butler brings a powerful portrait from American history to a new limited-edition print, created as a fundraising edition for Smithsonian American Art Museum and Renwick Gallery and National Museum of African American History and Culture

I Go To Prepare A Place For You, created in 2021, is a quilted and appliquéd textile portrait based on a 19th-century photograph of abolitionist Harriet Tubman by Benjamin F. Powelson. In the artwork, Butler uses a palette of blues to reflect Tubman's life in hiding as she carried out her work as a social activist, set against passages of red that speak to her strength, determination and unwavering will to be free. As Tubman herself once said: ""There are two things I've got a right to, and these are Death, or Liberty – one or the other I mean to have.""

Butler’s original work is held in the collection of the National Museum of African American History and Culture, Washington DC. This edition brings the artwork into print for the first time, with proceeds supporting Smithsonian American Art Museum and Renwick Gallery and National Museum of African American History and Culture.","Signed by the artist. Individually numbered.","Archival pigment print with silkscreen gloss varnish details on Hahnemühle Photo Rag Bright White 310 gsm paper.","Unframed: 60cm (H) × 43.3cm (W) 
Framed: 67.4 (H) x 50.7 (W) x  3cm (D)","","Edition size confirmed after the 48 hours release","Prints can be ordered float-mounted in a bespoke frame in one of three colours: "
198345483546135,"Parra - in your detached world by Parra",16001122599294,"/products/parra-in-your-detached-world","https://avantarte.com/products/parra-in-your-detached-world","2026-09-14T13:01:22.910000","2026-07-15T13:17:23.755000","","","","[""print""]","","","","Collect a limited edition silkscreen print of Parra's in your detached world, based on the artist's acclaimed 2015 painting and released as an edition for the first time.","A much-loved signature painting by Dutch artist Parra becomes a new limited edition print.

Based on an original acrylic on canvas painting from 2015, in your detached world exemplifies Parra's instantly recognisable approach to composition, where surreal figures and flat fields of colour come together in scenes that are both playful and melancholic.

One of the artist's most requested earlier works, this notable painting has been carefully translated into a limited edition silkscreen print for the first time, created with 6 colours and 13 layers to capture the crisp graphic quality of Parra's signature palette.","Signed by the artist. Individually numbered.","6 colour silkscreen printed in 13 layers on Somerset Tub Sized Radiant White 410gsm paper","","","","Prints can be ordered float-mounted in one of three framing options:"
197657681465861,"Piet Mondrian - Tableau No.1 with Red, Blue, Yellow, Black, and Gray by Piet Mondrian",15998924718462,"/products/piet-mondrian-tableau-no-1-with-red-blue-yellow-black-and-gray","https://avantarte.com/products/piet-mondrian-tableau-no-1-with-red-blue-yellow-black-and-gray","2026-09-14T13:01:22.910000","2026-07-14T08:39:40.337000","","","","[""print""]","","","","Collect one of Piet Mondrian’s most iconic paintings in our landmark first collaboration with The Mondrian/Holtzman Trust. ","One of Piet Mondrian’s most iconic paintings becomes a new limited edition print in our landmark first collaboration with his Estate.

This artwork was originally painted in 1925, part of Mondrian's groundbreaking Composition series. Reduced to black lines, rectangles and a restrained palette of primary colours, it marks the artist’s transition toward the pure, radical abstraction of his Neo-Plastic style – and stands as one of the defining examples of geometric abstraction in early 20th-century painting.

This limited edition of 300 has been created in close collaboration with the Estate of Piet Mondrian and features a bespoke authentication stamp inspired by the distinctive signature Mondrian used during this period.","Authenticated with a bespoke debossed archive stamp. Individually numbered.","Archival pigment print on 330gsm Somerset Enhanced Radiant White paper.","","","","Prints can be ordered float-mounted in one of four framing options:"
213262644644550,"Andy Warhol - Brillo Box Collectable Green Portrait",16061679436158,"/products/draws-test-brillo-box-collectable-green-portrait","https://avantarte.com/products/draws-test-brillo-box-collectable-green-portrait","2026-09-14T13:01:22.910000","2026-08-26T14:49:17.542000","","","","[""print""]","","","","Collect a limited edition Brillo Box replica, released in collaboration with the Andy Warhol Foundation. One of the most iconic pieces of Pop art history, now available as an authorised silkscreen-printed collectible. ","A new silk-screen printed cardboard collectable draws from one of Andy Warhol's most famous works, extending the Pop art pioneer's exploration of replication, consumer culture and mass-produced imagery.

Under license of The Andy Warhol Foundation for the Visual Arts, this piece is an accurate limited edition collectable of one of Warhol's iconic Brillo Boxes. First created in 1964 using silkscreen ink and house paint on plywood, the boxes were highly controversial due to their deliberate ""machine-made"" look and near identical appearance with actual Brillo packaging. Warhol sought to break down the boundaries between high art and everyday objects, asking his audience to seek out beauty in the unexpected.

Now, the work is available as a limited edition collectable, which can either be framed as is or assembled into a 3D box. This iteration arrives in a portrait orientation with a green colourway.","Editions are individually numbered, and marked with The Andy Warhol Foundation for Visual Arts logo on the edge of the bottom panel. They come with a certificate of authentication from Avant Arte, who produce the collectable under licence of the foundation.

Produced in 2026 under license by Avant Arte.","3 colour silkscreen on GF Smith Colourflute Bright White 175gsm (two-sided), mounted to 1.5 mm E-Flute, then die cut and creased.","","","","Prints can be ordered float-mounted in one of four framing options:"
208658458089238,"Julian Schnabel - Don’t Let It Bring You Down, It’s Only Castles Burning (For Neil Young) II by Julian Schnabel",16026991559038,"/products/julian-schnabel-don-t-let-it-bring-you-down-it-s-only-castles-burning-for-neil-young-ii","https://avantarte.com/products/julian-schnabel-don-t-let-it-bring-you-down-it-s-only-castles-burning-for-neil-young-ii","2026-09-14T13:01:22.910000","2026-08-17T15:01:49.069000","","","","[""print""]","","","","Collect the first ever print release of the celebrated Big Girl Paintings. A trio of limited edition 20-colour silkscreens, available individually or as a cohesive set. ","Julian Schnabel releases a new trio of limited edition silkscreen prints drawn from his celebrated Big Girl Paintings. 

As with all the works in this series, Don’t Let It Bring You Down, It’s Only Castles Burning (For Neil Young) II is an enigmatic portrait characterised by the striking absence of eyes. By removing the subject’s gaze, the artist shifts the viewer’s attention away from expression and towards the composition itself. Originally created on a monumental scale of between seven and thirteen feet, Schnabel has revisited this figure several times over the past few decades. Widely exhibited, with features in the Gagosian Gallery and the Brant Foundation, the Big Girl Paintings are among Schnabel’s most recognised bodies of work.

A 24-layer limited edition silkscreen, this piece is one of three interconnected works in our latest collaboration with the artist – and marks the first ever translation of the Big Girl Paintings into prints on paper.","Signed by the artist. Individually numbered.","24 layer silkscreen print with matte varnish seal and gloss varnish details on 410gsm Somerset Tub Sized Satin White paper.","Unframed: 70.0cm (H) × 66.0cm (W)

Framed: 73.4cm (H) x 69.4cm (W) x 3cm (D)","","","Prints can be ordered float-mounted in one of two framing options:"
210443467136595,"Andy Warhol - Brillo Box Collectable Green Landscape",16032990757246,"/products/andy-warhol-foundation-brillo-box-collectable-green-landscape","https://avantarte.com/products/andy-warhol-foundation-brillo-box-collectable-green-landscape","2026-09-14T13:01:22.910000","2026-08-19T10:55:36.071000","","","","[""print""]","","","","Collect a limited edition Brillo Box replica, released in collaboration with the Andy Warhol Foundation. One of the most iconic pieces of Pop art history, now available as an authorised silkscreen-printed collectible. ","A new silk-screen printed cardboard collectable draws from one of Andy Warhol's most famous works, extending the Pop art pioneer's exploration of replication, consumer culture and mass-produced imagery.

Authorised by The Andy Warhol Foundation, this piece is an accurate limited edition collectable of one of Warhol's iconic Brillo Boxes. First created in 1964 using silkscreen ink and house paint on plywood, the boxes were highly controversial due to their deliberate ""machine-made"" look and near identical appearance with actual Brillo packaging. Warhol sought to break down the boundaries between high art and everyday objects, asking his audience to seek out beauty in the unexpected.

Now, the work is available as a limited edition collectable, which can either be framed as is or assembled into a 3D box. This iteration arrives in a landscape orientation with a green colourway.","Editions are individually numbered, and marked with The Andy Warhol Foundation for Visual Arts logo on the edge of the bottom panel. They come with a certificate of authentication from Avant Arte, who produce the collectable under licence of the foundation.

Produced in 2026 under license by Avant Arte.","3 colour silkscreen on GF Smith Colourflute Bright White 175gsm (two-sided), mounted to 1.5 mm E-Flute, then die cut and creased.","Assembled as a box: 17.2cm (H) x 14.9cm (W) x 21.2cm (D)

Unframed: 55cm (H) x 67.1cm (W)

Framed: 62.4cm (H) x 74.5cm (W) x 3cm (D)","","","Prints can be ordered float-mounted in one of four framing options:"
213263412204904,"Andy Warhol - Brillo Box Collectable Yellow Portrait",16061679010174,"/products/draws-test-brillo-box-collectable-yellow-portrait","https://avantarte.com/products/draws-test-brillo-box-collectable-yellow-portrait","2026-09-14T13:01:22.910000","2026-08-26T14:53:30.404000","","","","[""print""]","","","","Collect a limited edition Brillo Box replica, released in collaboration with the Andy Warhol Foundation. One of the most iconic pieces of Pop art history, now available as an authorised silkscreen-printed collectible. ","A new silk-screen printed cardboard collectable draws from one of Andy Warhol's most famous works, extending the Pop art pioneer's exploration of replication, consumer culture and mass-produced imagery.

Under license of The Andy Warhol Foundation for the Visual Arts, this piece is an accurate limited edition collectable of one of Warhol's iconic Brillo Boxes. First created in1964 using silkscreen ink and house paint on plywood, the boxes were highly controversial due to their deliberate ""machine-made"" look and near identical appearance with actual Brillo packaging. Warhol sought to break down the boundaries between high art and everyday objects, asking his audience to seek out beauty in the unexpected.

Now, the work is available as a limited edition collectable, which can either be framed as is or assembled into a 3D box. This iteration arrives in a portrait orientation with a yellow colourway.","Editions are individually numbered, and marked with The Andy Warhol Foundation for Visual Arts logo on the edge of the bottom panel. They come with a certificate of authentication from Avant Arte, who produce the collectable under licence of the foundation.

Produced in 2026 under license by Avant Arte.","3 colour silkscreen on GF Smith Colourflute Bright White 175gsm (two-sided), mounted to 1.5 mm E-Flute, then die cut and creased.","","","","Prints can be ordered float-mounted in one of four framing options:"
198766031398119,"Carrie Mae Weems - Black Love TL 1 by  Carrie Mae Weems",16001140064638,"/products/carrie-mae-weems-black-love-tl-1","https://avantarte.com/products/carrie-mae-weems-black-love-tl-1","2026-09-14T13:01:22.910000","2026-07-20T11:22:55.102000","","","","[""print""]","","","","Collect a limited edition photographic print by Carrie Mae Weems from her Black Love series (1990). The work is part of a three-part sequence exploring intimacy and Black domestic life through cinematic silhouette and form.","Carrie Mae Weems presents her renowned photographic series Black Love as a new limited edition print.

Originally created in 1990, Black Love is a three-part cinematic sequence depicting two lovers in a darkened interior, gradually merging into a single silhouette. Through this quiet narrative structure, Weems transforms the personal into the political, inviting the viewer to witness a tender moment of Black domestic intimacy too often absent from dominant visual culture.

Created around the same period as her Kitchen Table Series, the work extends her broader practice of staging composed scenes that challenge historical narratives and assert the beauty of Black experience.

This is the first of three prints in the Black Love series, each available as a limited edition.","Signed via sticker on reverse. Ed number + year on front.","Archival pigment print on Hahnemühle Photo Rag Bright White 310gsm paper.","","","Edition size confirmed after the 48 hour release","Prints can be ordered float-mounted or window-mounted in one of three framing options:"
210439869065678,"Andy Warhol - Brillo Box Collectable White Landscape",16032990855550,"/products/andy-warhol-foundation-brillo-box-collectable-white-landscape","https://avantarte.com/products/andy-warhol-foundation-brillo-box-collectable-white-landscape","2026-09-14T13:01:22.910000","2026-08-19T10:55:26.221000","","","","[""print""]","","","","Collect a limited edition Brillo Box replica, released in collaboration with the Andy Warhol Foundation. One of the most iconic pieces of Pop art history, now available as an authorised silkscreen-printed collectible. ","A new silk-screen printed cardboard collectable draws from one of Andy Warhol's most famous works, extending the Pop art pioneer's exploration of replication, consumer culture and mass-produced imagery.

Authorised by The Andy Warhol Foundation, this piece is an accurate limited edition collectable of one of Warhol's iconic Brillo Boxes. First created in 1964 using silkscreen ink and house paint on plywood, the boxes were highly controversial due to their deliberate ""machine-made"" look and near identical appearance with actual Brillo packaging. Warhol sought to break down the boundaries between high art and everyday objects, asking his audience to seek out beauty in the unexpected.

Now, the work is available as a limited edition collectable, which can either be framed as is or assembled into a 3D box. This iteration arrives in a landscape orientation with a white colourway.","Editions are individually numbered, and marked with The Andy Warhol Foundation for Visual Arts logo on the edge of the bottom panel. They come with a certificate of authentication from Avant Arte, who produce the collectable under licence of the foundation.

Produced in 2026 under license by Avant Arte.","3 colour silkscreen on GF Smith Colourflute Bright White 175gsm (two-sided), mounted to 1.5 mm E-Flute, then die cut and creased.","Assembled as a box: 17.7cm (H) x 17.2cm (W) x 14.9cm (D)

Laid flat: 50.8cm (H) x 65.7cm (W)

Framed: 58.2cm (H) x 73.1cm (W) x 3cm (D)","","","Prints can be ordered float-mounted in one of four framing options:"
203720120834739,"Glenn Ligon - Untitled (White on White) by Glenn Ligon",16016413065598,"/products/glenn-ligon-untitled-white-on-white","https://avantarte.com/products/glenn-ligon-untitled-white-on-white","2026-09-14T13:01:22.910000","2026-08-04T11:06:38.075000","","","","[""print""]","","","","Collect a limited edition print by Glenn Ligon’s seminal Stranger series, based on James Baldwin's 1953 essay Stranger in the Village. ","Glenn Ligon's new limited edition print revisits one of the defining bodies of work in his career.

Untitled (White on White) belongs to the seminal series, Stranger, where Ligon transcribed James Baldwin's 1953 essay Stranger in the Village onto the canvas again and again. Over time, Ligon transforms Baldwin's reflections on race, history and estrangement into dense, pulsating fields of text, using oilstick, gesso and oil paint to give Baldwin's words literal, physical weight.

Produced as a limited edition of just 75, this silkscreen print captures the depth and materiality of Ligon's layered, text-based compositions.","Signed by the artist. Individually numbered.","26 layer silkscreen on Somerset Tub Sized Radiant White 410gsm paper, finished with hand-applied Sennelier Titanium White oil stick and matte varnish.","","","","Prints can be ordered float-mounted in one of three framing options:"
198341831743598,"Parra - il senso di colpa by Parra",16001122632062,"/products/parra-il-senso-di-colpa","https://avantarte.com/products/parra-il-senso-di-colpa","2026-09-14T13:01:22.910000","2026-07-15T13:41:54.012000","","","","[""print""]","","","","Collect a limited edition silkscreen print of Parra's il senso di colpa, originally created for the artist's 2013 solo exhibition in Milan and released as an edition for the first time.","A much-loved signature painting by Dutch artist Parra becomes a new limited edition print.

Originally created for the artist's 2013 solo exhibition of the same name in Milan, il senso di colpa is an early example of Parra's distinctive visual language. His surreal, Neo-Pop figures balance bold flat colour with moments of intimacy, awkwardness and quiet melancholy.

This limited edition silkscreen print of 150 was crafted in close collaboration with the artist at our London print house, Make-Ready. Created with 4-colours and 9 layers, each piece captures the crisp graphic quality of Parra's original composition.","Signed by the artist. Individually numbered.","4 colour silkscreen printed in 9 layers on Somerset Tub Sized Radiant White 410gsm paper.","","","","Prints can be ordered float-mounted in one of three framing options:"
213526110040012,"Julian Schnabel - Don’t Let It Bring You Down, It’s Only Castles Burning (For Neil Young) II by Julian Schnabel",16062575640958,"/products/julian-schnabel-don-t-let-it-bring-you-down-it-s-only-castles-burning-for-neil-young-ii-copy","https://avantarte.com/products/julian-schnabel-don-t-let-it-bring-you-down-it-s-only-castles-burning-for-neil-young-ii-copy","2026-09-14T13:01:22.910000","2026-08-27T08:41:08.671000","","","","[""print""]","","","","Collect the first ever print release of the celebrated Big Girl Paintings. A trio of limited edition 20-colour silkscreens, available individually or as a cohesive set. ","Julian Schnabel releases a new trio of limited edition silkscreen prints drawn from his celebrated Big Girl Paintings. 

As with all the works in this series, Don’t Let It Bring You Down, It’s Only Castles Burning (For Neil Young) II is an enigmatic portrait characterised by the striking absence of eyes. By removing the subject’s gaze, the artist shifts the viewer’s attention away from expression and towards the composition itself. Originally created on a monumental scale of between seven and thirteen feet, Schnabel has revisited this figure several times over the past few decades. Widely exhibited, with features in the Gagosian Gallery and the Brant Foundation, the Big Girl Paintings are among Schnabel’s most recognised bodies of work.

A 24-layer limited edition silkscreen, this piece is one of three interconnected works in our latest collaboration with the artist – and marks the first ever translation of the Big Girl Paintings into prints on paper.","Signed by the artist. Individually numbered.","24 layer silkscreen print with matte varnish seal and gloss varnish details on 410gsm Somerset Tub Sized Satin White paper.","","","","Prints can be ordered float-mounted in one of four framing options:"
210441586487570,"Andy Warhol - Brillo Box Collectable Yellow Landscape",16032990790014,"/products/andy-warhol-foundation-brillo-box-collectable-yellow-landscape","https://avantarte.com/products/andy-warhol-foundation-brillo-box-collectable-yellow-landscape","2026-09-14T13:01:22.910000","2026-08-18T16:36:22.455000","","","","[""print""]","","","","Collect a limited edition Brillo Box replica, released in collaboration with the Andy Warhol Foundation. One of the most iconic pieces of Pop art history, now available as an authorised silkscreen-printed collectible. ","A new silk-screen printed cardboard collectable draws from one of Andy Warhol's most famous works, extending the Pop art pioneer's exploration of replication, consumer culture and mass-produced imagery.

Authorised by The Andy Warhol Foundation, this piece is an accurate limited edition collectable of one of Warhol's iconic Brillo Boxes. First created in 1964 using silkscreen ink and house paint on plywood, the boxes were highly controversial due to their deliberate ""machine-made"" look and near identical appearance with actual Brillo packaging. Warhol sought to break down the boundaries between high art and everyday objects, asking his audience to seek out beauty in the unexpected.

Now, the work is available as a limited edition collectable, which can either be framed as is or assembled into a 3D box. This iteration arrives in a landscape orientation with a yellow colourway.","Editions are individually numbered, and marked with The Andy Warhol Foundation for Visual Arts logo on the edge of the bottom panel. They come with a certificate of authentication from Avant Arte, who produce the collectable under licence of the foundation.

Produced in 2026 under license by Avant Arte.","3 colour silkscreen on GF Smith Colourflute Bright White 175gsm (two-sided), mounted to 1.5 mm E-Flute, then die cut and creased.","Assembled as a box: 17.2cm (H) x 14.9cm (W) x 21.2cm (D)

Unframed: 55cm (H) x 67.1cm (W)

Framed: 62.4cm (H) x 74.5cm (W) x 3cm (D)","","","Prints can be ordered float-mounted in one of four framing options:"
210437345541111,"Andy Warhol - Brillo Box Collectable Green Portrait",16032990921086,"/products/andy-warhol-foundation-brillo-box-collectable-green-portrait","https://avantarte.com/products/andy-warhol-foundation-brillo-box-collectable-green-portrait","2026-09-14T13:01:22.910000","2026-08-19T10:55:32.514000","","","","[""print""]","","","","Collect a limited edition Brillo Box replica, released in collaboration with the Andy Warhol Foundation. One of the most iconic pieces of Pop art history, now available as an authorised silkscreen-printed collectible. ","A new silk-screen printed cardboard collectable draws from one of Andy Warhol's most famous works, extending the Pop art pioneer's exploration of replication, consumer culture and mass-produced imagery.

Authorised by The Andy Warhol Foundation, this piece is an accurate limited edition collectable of one of Warhol's iconic Brillo Boxes. First created in 1964 using silkscreen ink and house paint on plywood, the boxes were highly controversial due to their deliberate ""machine-made"" look and near identical appearance with actual Brillo packaging. Warhol sought to break down the boundaries between high art and everyday objects, asking his audience to seek out beauty in the unexpected.

Now, the work is available as a limited edition collectable, which can either be framed as is or assembled into a 3D box. This iteration arrives in a portrait orientation with a green colourway.","Editions are individually numbered, and marked with The Andy Warhol Foundation for Visual Arts logo on the edge of the bottom panel. They come with a certificate of authentication from Avant Arte, who produce the collectable under licence of the foundation.

Produced in 2026 under license by Avant Arte.","3 colour silkscreen on GF Smith Colourflute Bright White 175gsm (two-sided), mounted to 1.5 mm E-Flute, then die cut and creased.","Assembled as a box: 17.2cm (H) x 15.2cm (W) x 21.2cm (D)

Unframed: 69.9cm (H) x 60cm (W)

Framed: 77.3cm (H) x 67.4cm (W) x 3 cm (D)","","","Prints can be ordered float-mounted in one of four framing options:"
198768500115225,"Carrie Mae Weems - Black Love TL 3 by  Carrie Mae Weems",16001139868030,"/products/carrie-mae-weems-black-love-tl-3","https://avantarte.com/products/carrie-mae-weems-black-love-tl-3","2026-09-14T13:01:22.910000","2026-07-20T11:24:15.814000","","","","[""print""]","","","","Collect a limited edition photographic print by Carrie Mae Weems from her Black Love series (1990). The concluding image in a three-part sequence, it continues an exploration of intimacy, silhouette, and Black domestic life.","Carrie Mae Weems presents her renowned photographic series Black Love as a new limited edition print.

Originally created in 1990, Black Love is a three-part cinematic sequence depicting two lovers in a darkened interior, gradually merging into a single silhouette. Through this quiet narrative structure, Weems transforms the personal into the political, inviting the viewer to witness a tender moment of Black domestic intimacy too often absent from dominant visual culture.

Created around the same period as her Kitchen Table Series, the work extends her broader practice of staging composed scenes that challenge historical narratives and assert the beauty of Black experience.

This is the third of three prints in the Black Love series, each available as a limited edition.","Signed via sticker on reverse. Ed number + year on front.","Archival pigment print on Hahnemühle Photo Rag Bright White 310gsm paper.","","","Edition size confirmed after the 48 hour release","Prints can be ordered float-mounted or window-mounted in one of three framing options:"
203717916078632,"Glenn Ligon - Untitled (Black on Black) by Glenn Ligon",16016413032830,"/products/glenn-ligon-untitled-black-on-black","https://avantarte.com/products/glenn-ligon-untitled-black-on-black","2026-09-14T13:01:22.910000","2026-08-06T10:45:17.590000","","","","[""print""]","","","","Collect a limited edition print by Glenn Ligon’s seminal Stranger series, based on James Baldwin's 1953 essay Stranger in the Village. ","Glenn Ligon's new limited edition print revisits one of the defining bodies of work in his career.

Untitled (Black on Black) belongs to the seminal series, Stranger, where Ligon transcribed James Baldwin's 1953 essay Stranger in the Village onto the canvas again and again. Over time, Ligon transforms Baldwin's reflections on race, history and estrangement into dense, pulsating fields of text, famously using coal dust as a material to give Baldwin's words literal, physical weight.

Produced as a limited edition of just 75, this silkscreen print captures the depth and materiality of Ligon's layered, text-based compositions.","Signed by the artist. Individually numbered.","5-colour silkscreen print, printed in 5 layers on Somerset Tub Sized Radiant White 410gsm paper and finished with a fine-grade dusted layer of real coal and matte varnish","","","","Prints can be ordered float-mounted in one of three framing options:"
210435346462066,"Andy Warhol - Brillo Box Collectable Yellow Portrait",16032990953854,"/products/andy-warhol-foundation-brillo-box-collectable-yellow-portrait","https://avantarte.com/products/andy-warhol-foundation-brillo-box-collectable-yellow-portrait","2026-09-14T13:01:22.910000","2026-08-19T10:55:38.657000","","","","[""print""]","","","","Collect a limited edition Brillo Box replica, released in collaboration with the Andy Warhol Foundation. One of the most iconic pieces of Pop art history, now available as an authorised silkscreen-printed collectible. ","A new silk-screen printed cardboard collectable draws from one of Andy Warhol's most famous works, extending the Pop art pioneer's exploration of replication, consumer culture and mass-produced imagery.

Authorised by The Andy Warhol Foundation, this piece is an accurate limited edition collectable of one of Warhol's iconic Brillo Boxes. First created in 1964 using silkscreen ink and house paint on plywood, the boxes were highly controversial due to their deliberate ""machine-made"" look and near identical appearance with actual Brillo packaging. Warhol sought to break down the boundaries between high art and everyday objects, asking his audience to seek out beauty in the unexpected.

Now, the work is available as a limited edition collectable, which can either be framed as is or assembled into a 3D box. This iteration arrives in a portrait orientation with a yellow colourway.","Editions are individually numbered, and marked with The Andy Warhol Foundation for Visual Arts logo on the edge of the bottom panel. They come with a certificate of authentication from Avant Arte, who produce the collectable under licence of the foundation.

Produced in 2026 under license by Avant Arte.","3 colour silkscreen on GF Smith Colourflute Bright White 175gsm (two-sided), mounted to 1.5 mm E-Flute, then die cut and creased.","Assembled as a box: 17.2cm (H) x 15.2cm (W) x 21.2cm (D)

Unframed: 69.9cm (H) x 60cm (W)

Framed: 77.3cm (H) x 67.4cm (W) x 3 cm (D)","","","Prints can be ordered float-mounted in one of four framing options:"
203247178840629,"Parra - in your detached world by Parra",16015311831422,"/products/parra-in-your-detached-world-1","https://avantarte.com/products/parra-in-your-detached-world-1","2026-09-14T13:01:22.910000","2026-07-29T08:41:50.102000","","","","[""print""]","","","","TBC","A much-loved signature painting by Dutch artist Parra becomes a new limited edition print.

Based on an original acrylic on canvas painting from 2015, in your detached world exemplifies Parra's instantly recognisable approach to composition, where surreal figures and flat fields of colour come together in scenes that are both playful and melancholic.

One of the artist's most requested earlier works, this notable painting has been carefully translated into a limited edition silkscreen print for the first time, created with 6 colours and 13 layers to capture the crisp graphic quality of Parra's signature palette.","Signed by the artist. Individually numbered.","6 colour silkscreen printed in 13 layers on Somerset Tub Sized Radiant White 410gsm paper","","","","Prints can be ordered float-mounted in one of three framing options:"
203247979093625,"Parra - il senso di colpa by Parra",16015311929726,"/products/parra-il-senso-di-colpa-1","https://avantarte.com/products/parra-il-senso-di-colpa-1","2026-09-14T13:01:22.910000","2026-07-29T08:41:59.729000","","","","[""print""]","","","","TBC","A much-loved signature painting by Dutch artist Parra becomes a new limited edition print.

Originally created for the artist's 2013 solo exhibition of the same name in Milan, il senso di colpa is an early example of Parra's distinctive visual language. His surreal, Neo-Pop figures balance bold flat colour with moments of intimacy, awkwardness and quiet melancholy.

This limited edition silkscreen print of 150 was crafted in close collaboration with the artist at our London print house, Make-Ready. Created with 4-colours and 9 layers, each piece captures the crisp graphic quality of Parra's original composition.","Signed by the artist. Individually numbered.","4 colour silkscreen printed in 9 layers on Somerset Tub Sized Radiant White 410gsm paper.","","","","Prints can be ordered float-mounted in one of three framing options:"
213526074574550,"Julian Schnabel - Don’t Let It Bring You Down, It’s Only Castles Burning (For Neil Young) I by Julian Schnabel",16062572986750,"/products/julian-schnabel-don-t-let-it-bring-you-down-it-s-only-castles-burning-for-neil-young-i-copy","https://avantarte.com/products/julian-schnabel-don-t-let-it-bring-you-down-it-s-only-castles-burning-for-neil-young-i-copy","2026-09-14T13:01:22.910000","2026-08-27T08:40:55.834000","","","","[""print""]","","","","Collect the first ever print release of the celebrated Big Girl Paintings. A trio of limited edition 20-colour silkscreens, available individually or as a cohesive set. ","Julian Schnabel releases a new trio of limited edition silkscreen prints drawn from his celebrated Big Girl Paintings. 

As with all the works in this series, Don’t Let It Bring You Down, It’s Only Castles Burning (For Neil Young) I is an enigmatic portrait characterised by the striking absence of eyes. By removing the subject’s gaze, the artist shifts the viewer’s attention away from expression and towards the composition itself. Originally created on a monumental scale of between seven and thirteen feet, Schnabel has revisited this figure several times over the past few decades. Widely exhibited, with features in the Gagosian Gallery and the Brant Foundation, the Big Girl Paintings are among Schnabel’s most recognised bodies of work.

A 24-layer limited edition silkscreen, this piece is one of three interconnected works in our latest collaboration with the artist – and marks the first ever translation of the Big Girl Paintings into prints on paper.","Signed by the artist. Individually numbered.","24 layer silkscreen print with matte varnish seal and gloss varnish details on 410gsm Somerset Tub Sized Satin White paper.","","","","Prints can be ordered float-mounted in one of four framing options:"
198767997859511,"Carrie Mae Weems - Black Love TL 2 by  Carrie Mae Weems",16001139966334,"/products/carrie-mae-weems-black-love-tl-2","https://avantarte.com/products/carrie-mae-weems-black-love-tl-2","2026-09-14T13:01:22.910000","2026-07-20T11:23:35.276000","","","","[""print""]","","","","Collect a limited edition photographic print by Carrie Mae Weems from her Black Love series (1990). The central image in a three-part sequence, it explores intimacy and Black domestic life through cinematic composition and shadow.","Carrie Mae Weems presents her renowned photographic series Black Love as a new limited edition print.

Originally created in 1990, Black Love is a three-part cinematic sequence depicting two lovers in a darkened interior, gradually merging into a single silhouette. Through this quiet narrative structure, Weems transforms the personal into the political, inviting the viewer to witness a tender moment of Black domestic intimacy too often absent from dominant visual culture.

Created around the same period as her Kitchen Table Series, the work extends her broader practice of staging composed scenes that challenge historical narratives and assert the beauty of Black experience.

This is the second of three prints in the Black Love series, each available as a limited edition.","Signed via sticker on reverse. Ed number + year on front.","Archival pigment print on Hahnemühle Photo Rag Bright White 310gsm paper.","","","Edition size confirmed after the 48 hour release","Prints can be ordered float-mounted or window-mounted in one of three framing options:"
208654600660135,"Julian Schnabel - Don’t Let It Bring You Down, It’s Only Castles Burning (For Neil Young) I by Julian Schnabel",16026991624574,"/products/julian-schnabel-don-t-let-it-bring-you-down-it-s-only-castles-burning-for-neil-young-i","https://avantarte.com/products/julian-schnabel-don-t-let-it-bring-you-down-it-s-only-castles-burning-for-neil-young-i","2026-09-14T13:01:22.910000","2026-08-17T14:57:54.652000","","","","[""print""]","","","","Collect the first ever print release of the celebrated Big Girl Paintings. A trio of limited edition 20-colour silkscreens, available individually or as a cohesive set. ","Julian Schnabel releases a new trio of limited edition silkscreen prints drawn from his celebrated Big Girl Paintings. 

As with all the works in this series, Don’t Let It Bring You Down, It’s Only Castles Burning (For Neil Young) I is an enigmatic portrait characterised by the striking absence of eyes. By removing the subject’s gaze, the artist shifts the viewer’s attention away from expression and towards the composition itself. Originally created on a monumental scale of between seven and thirteen feet, Schnabel has revisited this figure several times over the past few decades. Widely exhibited, with features in the Gagosian Gallery and the Brant Foundation, the Big Girl Paintings are among Schnabel’s most recognised bodies of work.

A 24-layer limited edition silkscreen, this piece is one of three interconnected works in our latest collaboration with the artist – and marks the first ever translation of the Big Girl Paintings into prints on paper.","Signed by the artist. Individually numbered.","24 layer silkscreen print with matte varnish seal and gloss varnish details on 410gsm Somerset Tub Sized Satin White paper.","Unframed: 70.0cm (H) × 66.0cm (W)

Framed: 73.4cm (H) x 69.4cm (W) x 3cm (D)","","","Prints can be ordered float-mounted in one of two framing options:"
213526156658522,"Julian Schnabel - Don’t Let It Bring You Down, It’s Only Castles Burning (For Neil Young) III by Julian Schnabel",16062575739262,"/products/julian-schnabel-don-t-let-it-bring-you-down-it-s-only-castles-burning-for-neil-young-iii-1","https://avantarte.com/products/julian-schnabel-don-t-let-it-bring-you-down-it-s-only-castles-burning-for-neil-young-iii-1","2026-09-14T13:01:22.910000","2026-08-27T08:40:29.421000","","","","[""print""]","","","","Collect the first ever print release of the celebrated Big Girl Paintings. A trio of limited edition 20-colour silkscreens, available individually or as a cohesive set. ","Julian Schnabel releases a new trio of limited edition silkscreen prints drawn from his celebrated Big Girl Paintings. 

As with all the works in this series, Don’t Let It Bring You Down, It’s Only Castles Burning (For Neil Young) III is an enigmatic portrait characterised by the striking absence of eyes. By removing the subject’s gaze, the artist shifts the viewer’s attention away from expression and towards the composition itself. Originally created on a monumental scale of between seven and thirteen feet, Schnabel has revisited this figure several times over the past few decades. Widely exhibited, with features in the Gagosian Gallery and the Brant Foundation, the Big Girl Paintings are among Schnabel’s most recognised bodies of work.

A 25-layer limited edition silkscreen, this piece is one of three interconnected works in our latest collaboration with the artist – and marks the first ever translation of the Big Girl Paintings into prints on paper.","Signed by the artist. Individually numbered.","25 layer silkscreen print with matte varnish seal and gloss varnish details on 410gsm Somerset Tub Sized Satin White paper.","","","","Prints can be ordered float-mounted in one of four framing options:"
213260689687595,"Andy Warhol - Brillo Box Collectable White Portrait",16061678518654,"/products/draws-test-brillo-box-collectable-white-portrait","https://avantarte.com/products/draws-test-brillo-box-collectable-white-portrait","2026-09-14T13:01:22.910000","2026-08-26T14:41:42.366000","","","","[""print""]","","","","Collect a limited edition Brillo Box replica, released in collaboration with the Andy Warhol Foundation. One of the most iconic pieces of Pop art history, now available as an authorised silkscreen-printed collectible. ","A new silk-screen printed cardboard collectable draws from one of Andy Warhol's most famous works, extending the Pop art pioneer's exploration of replication, consumer culture and mass-produced imagery.

Authorised by The Andy Warhol Foundation, this piece is an accurate limited edition collectable of one of Warhol's iconic Brillo Boxes. First created in 1964 using silkscreen ink and house paint on plywood, the boxes were highly controversial due to their deliberate ""machine-made"" look and near identical appearance with actual Brillo packaging. Warhol sought to break down the boundaries between high art and everyday objects, asking his audience to seek out beauty in the unexpected.

Now, the work is available as a  limited edition collectable, which can either be framed as is or assembled into a 3D box. This iteration arrives in a portrait orientation with a white colourway.","Editions are individually numbered, and marked with The Andy Warhol Foundation for Visual Arts logo on the edge of the bottom panel. They come with a certificate of authentication from Avant Arte, who produce the collectable under licence of the foundation.

Produced in 2026 under license by Avant Arte.","3 colour silkscreen on GF Smith Colourflute Bright White 175gsm (two-sided), mounted to 1.5 mm E-Flute, then die cut and creased.","","","","Prints can be ordered float-mounted in one of four framing options:"
184221700897898,"Yoon Hyup - Ambre Roulette by Yoon Hyup",15944304984446,"/products/yoon-hyup-ambre-roulette","https://avantarte.com/products/yoon-hyup-ambre-roulette","2026-09-14T13:01:22.911000","2026-06-22T11:30:35.664000","","","","[""print""]","","","","Collect a new limited edition print from Korean-born, Brooklyn-based artist Yoon Hyup, depicting a  fleeting Parisian moment into a luminous nocturnal scene.","Yoon Hyup's new limited edition print transforms a fleeting Parisian moment into a luminous nocturnal tableau.

Ambre Roulette depicts a scene the artist encountered while walking through the streets of Paris in the daytime. Back in his Brooklyn studio, he reimagined it through the lens of night, suffusing the scene with the atmospheric glow that defines his practice. Working with his signature medley of dots and lines, Yoon builds compositions the way a jazz musician improvises – intuitively, rhythmically, each mark a note in a larger chord.

Each piece in this limited edition of 200 is finished with a silkscreen matte varnish seal, crafted in close collaboration with the artist and our specialist printmakers at Make-Ready.","Signed by the artist. Individually numbered.","Low texture archival pigment print on 410gsm Somerset Tub Sized Radiant White paper, with silkscreen matte varnish seal.","","","","Prints can be ordered float-mounted in one of three framing options:"
181042042299427,"Giuseppe Penone - Il mio vedere futuro - My Future Vision I by Giuseppe Penone",15934836605310,"/products/giuseppe-penone-il-mio-vedere-futuro-my-future-vision-i","https://avantarte.com/products/giuseppe-penone-il-mio-vedere-futuro-my-future-vision-i","2026-09-14T13:01:22.911000","2026-05-29T08:55:14.053000","","","","[""print""]","","","","Collect a limited edition photographic print duo by Italian Arte Povera artist Giuseppe Penone, drawn from his early performance Rovesciare i propri occhi. Exploring perception, nature, and the limits of vision","Giuseppe Penone draws from his 1970 performance Rovesciare i propri occhi (Reversing One’s Eyes) in the first of two limited edition prints.

Two years after the original performance, in which Penone wore mirrored contact lenses that stopped him from being able to see, he assembled various photographs of the piece into a striking and disquieting collage. The resulting work explores themes of blindness, myth, and the power and purpose of documentation.

Now, Penone releases the piece as a fine art limited edition print, each individually signed and featuring the title of the work written in the artist’s own hand.

“The pursuit of understanding the world around us, beyond the confines of convention, is a fundamental aspect of artistic expression.” – Giuseppe Penone in conversation with Alain Elkann","Handwritten Italian title and signed by the artist. Individually numbered.","Archival pigment print with matte varnish seal on Somerset Tub Sized Radiant White 410gsm paper.","","","","Prints can be ordered float-mounted in one of three framing options:"
210028522129465,"Salvador Dali - The Phantom Cart by Salvador Dali Estate",16050408161662,"/products/salvador-dali-estate-the-spectre-of-sex-appeal-1","https://avantarte.com/products/salvador-dali-estate-the-spectre-of-sex-appeal-1","2026-09-14T13:01:22.911000","2026-08-17T11:38:11.901000","","","","[""print""]","","","","Collect a limited edition print of The Spectre of Sex Appeal by Salvador Dalí Estate, featuring one of Dalí's most celebrated explorations of Surrealist symbolism.","Salvador Dalí Estate, Fundació Gala Salvador Dalí, presents a Surrealist masterpiece as a new limited edition print.

Painted around 1934, this enigmatic work is among Dalí's most celebrated Surrealist images. A towering biomorphic figure, balanced on fragile crutches, emerges from an expansive landscape, embodying the artist's fascination with dreams, desire and the subconscious.

Executed on a small wood panel with extraordinary precision, the painting exemplifies Dalí's meticulous technique and the psychological complexity of his paranoiac-critical method.","Authenticated with a bespoke debossed Salvador Dalí Estate stamp. Individually numbered.","Archival pigment print on 330gsm Somerset Enhanced Radiant White paper.","","","","Prints can be ordered float-mounted in one of three framing options:"
185280018392737,"Backside works. - Princess by Backside works.",15947504714110,"/products/backside-works-princess","https://avantarte.com/products/backside-works-princess","2026-09-14T13:01:22.911000","2026-06-08T14:32:01.090000","","","","[""print""]","","","","Collect a limited edition silkscreen print by anonymous artist Backside works., exploring identity and storytelling through animation, manga, and graffiti-inspired portraiture.","Our debut collaboration with anonymous artist Backside works. is a signature portrait.

Princess is a limited edition print that showcases the artist’s core philosophy: the female figure at the centre of the work is the ‘heroine’, while the viewer steps into the role of ‘protagonist’, free to construct their own story through engagement with the image. Rooted in Japanese otaku and street culture, the visual language of this composition fuses the aesthetics of animation, manga, and graffiti.

This edition is a 25-colour silkscreen printed in 31 layers, featuring a CMYK Amplitude Modulated Halftone background with fluorescent overprints, made in close collaboration with the artist.","Signed by the artist. Individually numbered.","25 colour silkscreen printed in 31 layers, with CMYK Amplitude Modulated Halftone background and fluorescent overprints on Somerset Tub Sized Radiant White 410gsm paper.","","","","Prints can be ordered float-mounted in one of three framing options:"
212532442915609,"Ai Weiwei - F.U.C.K. (Black & White) by Ai Weiwei",16058494058878,"/products/ai-weiwei-f-u-c-k-black-white","https://avantarte.com/products/ai-weiwei-f-u-c-k-black-white","2026-09-14T13:01:22.911000","2026-08-24T13:20:20.162000","","","","[""print""]","","","","Collect our new limited edition print by Ai Weiwei. ","This new collaboration with Ai Weiwei is a rare edition of just 20 unique pieces, split across four distinct colourways.

Since acquiring 30 tonnes of buttons from a South London factory in 2019, Ai Weiwei has returned repeatedly to the humble object, becoming a central motif in his practice. Now the subject of his exhibition Button Up! at Factory International, buttons have evolved into a potent symbol of identity, power, and resistance for the artist, testament to his unparalleled ability to charge everyday objects with cultural and political meaning.

Created in close collaboration with the artist at our London print house, Make-Ready, this edition translates the original work, made from real buttons, through a first-of-its-kind 49-layer archival pigment process with high-gloss varnish. Printed on French-sized fine linen and mounted on aluminium Dibond, the piece preserves the depth and sculptural presence of the original.","Signed, numbered & dated on front","49-layer archival pigment print with high-gloss varnish, printed on French-sized fine linen and mounted on aluminium Dibond","","","","All prints arrive mounted to aluminium Dibond with a built-in hanging bracket for easy installation"
197664255253370,"Piet Mondrian - Composition with Large Red Plane, Yellow, Black, Gray, and Blue by Piet Mondrian Estate",15998924685694,"/products/piet-mondrian-composition-with-large-red-plane-yellow-black-gray-and-blue","https://avantarte.com/products/piet-mondrian-composition-with-large-red-plane-yellow-black-gray-and-blue","2026-09-14T13:01:22.911000","2026-07-14T08:46:29.523000","","","","[""print""]","","","","Collect one of Piet Mondrian’s most iconic paintings in our landmark first collaboration with The Mondrian/Holtzman Trust. ","One of Piet Mondrian’s most iconic paintings becomes a new limited edition print in our landmark first collaboration with his Estate.

This artwork was originally painted in 1921, part of Mondrian's groundbreaking Composition series. Reduced to black lines, rectangles and a restrained palette of primary colours, it marks the artist’s transition toward the pure, radical abstraction of his Neo-Plastic style – and stands as one of the defining examples of geometric abstraction in early 20th-century painting.

This limited edition of 300 has been created in close collaboration with the Estate of Piet Mondrian and features a bespoke authentication stamp inspired by the distinctive signature Mondrian used during this period.","Authenticated with a bespoke debossed archive stamp. Individually numbered.","Archival pigment print on 330gsm Somerset Enhanced Radiant White paper.","","","","Prints can be ordered float-mounted in one of four framing options:"
196202892769828,"James Jean - Blossom (Vessel) by James Jean",15994519093630,"/products/james-jean-blossom-blossom-vessel","https://avantarte.com/products/james-jean-blossom-blossom-vessel","2026-09-14T13:01:22.911000","2026-07-09T10:25:11.692000","","","","[""sculpture""]","","","","Collect a first-of-its-kind ceramic sculpture by James Jean, drawing from the Māori creation story in an exploration of mythology, nature, and material transformation. ","James Jean's new limited edition ceramic sculpture finds renewal in ancient myth.

Blossom Vessel is an intricate vase inspired by the Māori creation story, in which the Sky Father and Earth Mother are pushed apart by their offspring, thus creating the world by allowing light to flood into the space between them. Jean expands on his previous explorations of this myth in a rare ceramic edition – with the deep fissures in the surface crafted to resemble cracked earth, hinting at the emergence of something waiting beneath. Through this new medium, Jean evokes the story’s themes of geological time, erosion and growth.

This limited edition sculpture is signed by the artist on the base. Variations in colour and glaze as a result of the firing process render each piece completely unique. It has been crafted alongside an exclusive print, titled Blossom Kannyu and available as part of the release, with lower and matching edition numbers for those collecting both pieces.","Edition number and artist signature engraved on base","Slip-cast earthenware vase with a blue-black engobe base coat and a two-layer glazed finish, consisting of a pink glaze beneath a white snakeskin-effect glaze.","","","",""
210028325352398,"Salvador Dali - The Phantom Cart by Salvador Dali Estate",16050409406846,"/products/salvador-dali-estate-the-phantom-cart-1","https://avantarte.com/products/salvador-dali-estate-the-phantom-cart-1","2026-09-14T13:01:22.911000","2026-08-17T11:38:15.189000","","","","[""print""]","","","","Collect a limited edition print of The Phantom Cart by Salvador Dalí Estate, showcasing Dalí's masterful use of illusion, perspective and dreamlike imagery.","Salvador Dalí Estate, Fundació Gala Salvador Dalí, presents a Surrealist masterpiece as a new limited edition print.

Painted in 1933, The Phantom Cart is a prime example of Dalí's fascination with illusion and double imagery. Set within the sunlit landscape of his native Catalonia, a cart appears to merge seamlessly with a distant city, creating an optical illusion encouraging the viewer to see multiple images within a single composition.

Once owned by the British poet and renowned Surrealist patron Edward James, the original painting is now housed in the Treasure Room of the Dalí Theatre-Museum in Figueres, Spain.","Authenticated with a bespoke debossed Salvador Dalí Estate stamp. Individually numbered.","Archival pigment print on 330gsm Somerset Enhanced Radiant White paper.","","","","Prints can be ordered float-mounted in one of three framing options:"
196548544099296,"Salvador Dali - Millet's Architectonic Angelus by Salvador Dali Estate",15993892209022,"/products/salvador-dali-estate-millets-architectonic-angelus","https://avantarte.com/products/salvador-dali-estate-millets-architectonic-angelus","2026-09-14T13:01:22.911000","2026-08-05T15:32:13.055000","","","","[""print""]","","","","Collect a limited edition print of Millet's Architectonic Angelus by Salvador Dalí Estate, presenting one of Dalí's most iconic Surrealist paintings.","Salvador Dalí Estate, Fundació Gala Salvador Dalí, presents a Surrealist masterpiece as a new limited edition print.

Originally painted in 1933, Millet's Architectonic Angelus is Dalí's surreal reimagining of Jean-François Millet's famous nineteenth-century painting The Angelus. Inspired by the original, Dalí reworked its quiet rural scene into a dreamlike composition filled with mystery, replacing its religious calm with an atmosphere of ambiguity, desire and illusion.

The original painting is held in the collection of the Museo Reina Sofía, Madrid.","Authenticated with a bespoke debossed Salvador Dalí Estate stamp. Individually numbered.","Archival pigment print on 330gsm Somerset Enhanced Radiant White paper.","","","","Prints can be ordered float-mounted in one of three framing options:"
212533986836066,"Ai Weiwei - F.U.C.K. (Blue) by Ai Weiwei",16058498711934,"/products/ai-weiwei-f-u-c-k-blue","https://avantarte.com/products/ai-weiwei-f-u-c-k-blue","2026-09-14T13:01:22.911000","2026-08-24T13:23:32.203000","","","","[""print""]","","","","Collect our new limited edition print by Ai Weiwei. ","This new collaboration with Ai Weiwei is a rare edition of just 20 unique pieces, split across four distinct colourways.

Since acquiring 30 tonnes of buttons from a South London factory in 2019, Ai Weiwei has returned repeatedly to the humble object, becoming a central motif in his practice. Now the subject of his exhibition Button Up! at Factory International, buttons have evolved into a potent symbol of identity, power, and resistance for the artist, testament to his unparalleled ability to charge everyday objects with cultural and political meaning.

Created in close collaboration with the artist at our London print house, Make-Ready, this edition translates the original work, made from real buttons, through a first-of-its-kind 49-layer archival pigment process with high-gloss varnish. Printed on French-sized fine linen and mounted on aluminium Dibond, the piece preserves the depth and sculptural presence of the original.","Signed, numbered & dated on front","49-layer archival pigment print with high-gloss varnish, printed on French-sized fine linen and mounted on aluminium Dibond","","","","All prints arrive mounted to aluminium Dibond with a built-in hanging bracket for easy installation"
195463639603554,"Abdulnasser Gharem - Hemisphere by Abdulnasser Gharem",15968075678078,"/products/abdulnasser-gharem-hemisphere","https://avantarte.com/products/abdulnasser-gharem-hemisphere","2026-09-14T13:01:22.911000","2026-07-07T13:04:33.420000","","","","[""print""]","","","","Collect a limited edition print by Abdulnasser Gharem exploring the duality of faith and conflict, using the form of a split dome to reflect the tension between spiritual tradition and political interpretation within the Islamic world.","Abdulnasser Gharem's new limited edition print explores the dual nature of faith and conflict within the Islamic world.

Hemisphere takes its name from the brain's two hemispheres, using this as a metaphor for the shifting relationship between Islamic tradition and contemporary cultural identity. The work presents a central dome split into two halves: one side in the green of the Prophet Muhammad's Mosque in Medina, representing the peaceful heart of Islam, and the other modelled on an ancient warrior's helmet, representing how religion can be misinterpreted for political ends.

Gharem first created the composition as a painting in 2013, using a stamp technique inspired by traditional Islamic interior design, before reimagining it as a sculpture in 2017. The painting has been exhibited worldwide, with major exhibitions at LACMA and the Station Museum of Modern Art. The painting and sculpture have also been exhibited together at the Sharjah Art Museum.

This 24 colour limited edition silkscreen carefully preserves the intricate detail and patterning of the original painting.","Signed by the artist. Individually numbered.","24 layer silkscreen print with diamond dust embellishments and two tones of hand applied precious metal leaf. Printed onto 410gsm Somerset Tub Sized Radiant White paper.","","","","Prints can be ordered float-mounted in one of three framing options:"
178462160375669,"Zeng Fanzhi - Ephemerality (13) by Zeng Fahnzi",15924000588158,"/products/zeng-fanzhi-ephemerality-13","https://avantarte.com/products/zeng-fanzhi-ephemerality-13","2026-09-14T13:01:22.911000","2026-05-21T09:29:21.023000","","","","[""print""]","","","","TBC","Zeng Fanzhi transforms one of his haunting skull paintings into a new limited edition print.

Ephemerality (13) brings together two defining aspects of Zeng's practice: the symbolic power of the skull and his relentless experimentation with paint. Originally a sixteen-panel work, it draws on Renaissance drawing techniques, using cross-hatched lines to build a richly layered composition. Through impasto and wet-on-wet brushwork, the skull dissolves into the materiality of oil pigment – revealing shifting textures and colour as a meditation on impermanence, life and death.

This 37-layer limited edition print with matte varnish has been crafted in close collaboration to capture the depth, texture and painterly complexity of Zeng's original work.","Signed by the artist. Individually numbered.","37-layer archival pigment print with matte varnish on 1650 micron Heritage conservation board.","","","","Prints can be ordered float-mounted in one of three framing options:"
185287802808040,"Ai Weiwei - F.U.C.K. (Yellow) by Ai Weiwei",15947487314302,"/products/ai-weiwei-f-u-c-k-yellow","https://avantarte.com/products/ai-weiwei-f-u-c-k-yellow","2026-09-14T13:01:22.911000","2026-06-11T08:28:39.960000","","","","[""print""]","","","","Collect our new limited edition print by Ai Weiwei. ","This new collaboration with Ai Weiwei is a rare edition of just 20 unique pieces, split across four distinct colourways.

Since acquiring 30 tonnes of buttons from a South London factory in 2019, Ai Weiwei has returned repeatedly to the humble object, becoming a central motif in his practice. Now the subject of his exhibition Button Up! at Factory International, buttons have evolved into a potent symbol of identity, power, and resistance for the artist, testament to his unparalleled ability to charge everyday objects with cultural and political meaning.

Created in close collaboration with the artist at our London print house, Make-Ready, this edition translates the original work, made from real buttons, through a first-of-its-kind 49-layer archival pigment process with high-gloss varnish. Printed on French-sized fine linen and mounted on aluminium Dibond, the piece preserves the depth and sculptural presence of the original.","Signed, numbered & dated on front","49-layer archival pigment print with high-gloss varnish, printed on French-sized fine linen and mounted on aluminium Dibond","","","","All prints arrive mounted to aluminium Dibond with a built-in hanging bracket for easy installation"
188054155567341,"Jaume Plensa - UTOPIA by Jaume Plensa",15954750046590,"/products/jaume-plensa-utopia","https://avantarte.com/products/jaume-plensa-utopia","2026-09-14T13:01:22.911000","2026-06-17T15:44:52.738000","","","","[""print""]","","","","TBC","A new limited edition print by Jaume Plensa translates the artist’s famed sculptural language into a striking two-dimensional work.

UTOPIA is a silkscreen print of a hand-drawn piece, created by Plensa in response to his major sculptural works Julia and Lou – large steel structures that currently appear in his exhibition at the Denver Botanical Gardens, titled A New Humanism. Both the sculptures and the drawing explore spirituality, inner silence and shared humanity.

This new work is available as an 11 colour silkscreen print, with a satin varnish and highlights. It is released in support of Human Rights Watch.","Signed by the artist. Individually numbered.","11 colour silkscreen print with a satin varnish and highlights printed from hand-drawn film. Somerset Satin White 410gsm paper with a deckled edge.","","","","Prints can be ordered float-mounted or window-mounted in one of three framing options:"
199083774052815,"Piet Mondrian - Tableau No.1 with Red, Blue, Yellow, Black, and Gray by Piet Mondrian",16002868937086,"/products/piet-mondrian-estate-tableau-no-1-with-red-blue-yellow-black-and-gray-1","https://avantarte.com/products/piet-mondrian-estate-tableau-no-1-with-red-blue-yellow-black-and-gray-1","2026-09-14T13:01:22.911000","2026-07-17T15:20:31.201000","","","","[""print""]","","","","TBC","One of Piet Mondrian’s most iconic paintings becomes a new limited edition print in our landmark first collaboration with the Mondrian Trust.

This artwork was originally painted in 1925, part of Mondrian's groundbreaking Composition series. Reduced to black lines, rectangles and a restrained palette of primary colours, it marks the artist’s transition toward the pure, radical abstraction of his Neo-Plastic style – and stands as one of the defining examples of geometric abstraction in early 20th-century painting.

This limited edition of 300 has been created in close collaboration with The Mondrian/Holtzman Trust and features a bespoke authentication stamp inspired by the distinctive signature Mondrian used during this period.

“I wish to approach truth as closely as is possible, and therefore I abstract everything until I arrive at the fundamental quality of objects.”","Authenticated with a bespoke debossed archive stamp. Individually numbered.","Archival pigment print on 330gsm Somerset Enhanced Radiant White paper.","","","","Prints can be ordered float-mounted in one of four framing options:"
199086081002888,"Piet Mondrian - Composition with Large Red Plane, Yellow, Black, Gray, and Blue by Piet Mondrian Estate",16002869002622,"/products/piet-mondrian-estate-composition-with-large-red-plane-yellow-black-gray-and-blue-1","https://avantarte.com/products/piet-mondrian-estate-composition-with-large-red-plane-yellow-black-gray-and-blue-1","2026-09-14T13:01:22.911000","2026-07-17T15:20:29.352000","","","","[""print""]","","","","TBC","One of Piet Mondrian’s most iconic paintings becomes a new limited edition print in our landmark first collaboration with the Mondrian Trust.

This artwork was originally painted in 1921, part of Mondrian's groundbreaking Composition series. Reduced to black lines, rectangles and a restrained palette of primary colours, it marks the artist’s transition toward the pure, radical abstraction of his Neo-Plastic style – and stands as one of the defining examples of geometric abstraction in early 20th-century painting.

This limited edition of 300 has been created in close collaboration with The Mondrian/Holtzman Trust and features a bespoke authentication stamp inspired by the distinctive signature Mondrian used during this period.

“I wish to approach truth as closely as is possible, and therefore I abstract everything until I arrive at the fundamental quality of objects.”","Authenticated with a bespoke debossed archive stamp. Individually numbered.","Archival pigment print on 330gsm Somerset Enhanced Radiant White paper.","","","","Prints can be ordered float-mounted in one of four framing options:"
181045822652639,"Giuseppe Penone - Il mio vedere futuro - My Future Vision II by Giuseppe Penone",15934836572542,"/products/giuseppe-penone-il-mio-vedere-futuro-my-future-vision-ii","https://avantarte.com/products/giuseppe-penone-il-mio-vedere-futuro-my-future-vision-ii","2026-09-14T13:01:22.911000","2026-05-29T08:51:24.079000","","","","[""print""]","","","","Collect a limited edition photographic print duo by Italian Arte Povera artist Giuseppe Penone, drawn from his early performance Rovesciare i propri occhi. Exploring perception, nature, and the limits of vision","Giuseppe Penone transforms an early performance work into My Future Vision II, the second of two limited edition prints.

In 1970, Penone wore mirrored contact lenses that rendered him temporarily blind and had himself photographed. The resulting work, Rovesciare i propri occhi (Reversing One’s Eyes), explores blindness, myth, and the power and purpose of documentation.

This limited edition print is a photograph from the performance, each piece is signed and hand-titled by the artist.

“The act of creation emerges from a state of wonder, born from the observation of a material or the manner in which it responds to specific conditions.” – Guiseppe Penone in conversation with Alain Elkann","Handwritten Italian title and signed by the artist. Individually numbered.","Archival pigment print with matte varnish seal on Somerset Tub Sized Radiant White 410gsm paper.","","","","Prints can be ordered float-mounted in one of three framing options:"
196552410234776,"Salvador Dali - The Phantom Cart by Salvador Dali Estate",15993892241790,"/products/salvador-dali-estate-the-phantom-cart","https://avantarte.com/products/salvador-dali-estate-the-phantom-cart","2026-09-14T13:01:22.911000","2026-08-05T15:45:37.020000","","","","[""print""]","","","","Collect a limited edition print of The Phantom Cart by Salvador Dalí Estate, showcasing Dalí's masterful use of illusion, perspective and dreamlike imagery.","Salvador Dalí Estate, Fundació Gala Salvador Dalí, presents a Surrealist masterpiece as a new limited edition print.

Painted in 1933, The Phantom Cart is a prime example of Dalí's fascination with illusion and double imagery. Set within the sunlit landscape of his native Catalonia, a cart appears to merge seamlessly with a distant city, creating an optical illusion encouraging the viewer to see multiple images within a single composition.

Once owned by the British poet and renowned Surrealist patron Edward James, the original painting is now housed in the Treasure Room of the Dalí Theatre-Museum in Figueres, Spain.","Authenticated with a bespoke debossed Salvador Dalí Estate stamp. Individually numbered.","Archival pigment print on 330gsm Somerset Enhanced Radiant White paper.","","","","Prints can be ordered float-mounted in one of three framing options:"
213186931464543,"Zeng Fanzhi - Ephemerality (13) by Zeng Fahnzi",16061253484926,"/products/3-2-ephemerality-13-copy-for-draw-testing-copy","https://avantarte.com/products/3-2-ephemerality-13-copy-for-draw-testing-copy","2026-09-14T13:01:22.911000","2026-08-26T09:56:18.187000","","","","[""print""]","","","","TBC","Zeng Fanzhi transforms one of his haunting skull paintings into a new limited edition print.

Ephemerality (13) brings together two defining aspects of Zeng's practice: the symbolic power of the skull and his relentless experimentation with paint. Originally a sixteen-panel work, it draws on Renaissance drawing techniques, using cross-hatched lines to build a richly layered composition. Through impasto and wet-on-wet brushwork, the skull dissolves into the materiality of oil pigment – revealing shifting textures and colour as a meditation on impermanence, life and death.

This 37-layer limited edition print with matte varnish has been crafted in close collaboration to capture the depth, texture and painterly complexity of Zeng's original work.","Signed by the artist. Individually numbered.","37-layer archival pigment print with matte varnish on 1650 micron Heritage conservation board.","","","","Prints can be ordered float-mounted in one of three framing options:"
210028088623895,"Salvador Dali - Millet's Architectonic Angelus by Salvador Dali Estate",16050406130046,"/products/salvador-dali-estate-millets-architectonic-angelus-1","https://avantarte.com/products/salvador-dali-estate-millets-architectonic-angelus-1","2026-09-14T13:01:22.911000","2026-08-17T11:38:17.401000","","","","[""print""]","","","","Collect a limited edition print of Millet's Architectonic Angelus by Salvador Dalí Estate, presenting one of Dalí's most iconic Surrealist paintings.","Salvador Dalí Estate, Fundació Gala Salvador Dalí, presents a Surrealist masterpiece as a new limited edition print.

Originally painted in 1933, Millet's Architectonic Angelus is Dalí's surreal reimagining of Jean-François Millet's famous nineteenth-century painting The Angelus. Inspired by the original, Dalí reworked its quiet rural scene into a dreamlike composition filled with mystery, replacing its religious calm with an atmosphere of ambiguity, desire and illusion.

The original painting is held in the collection of the Museo Reina Sofía, Madrid.","Authenticated with a bespoke debossed Salvador Dalí Estate stamp. Individually numbered.","Archival pigment print on 330gsm Somerset Enhanced Radiant White paper.","","","","Prints can be ordered float-mounted in one of three framing options:"
213186818585026,"Zeng Fanzhi - Ephemerality (13) by Zeng Fahnzi",16061251977598,"/products/3-1-ephemerality-13-copy-for-draw-testing","https://avantarte.com/products/3-1-ephemerality-13-copy-for-draw-testing","2026-09-14T13:01:22.911000","2026-08-26T09:56:21.344000","","","","[""print""]","","","","TBC","Zeng Fanzhi transforms one of his haunting skull paintings into a new limited edition print.

Ephemerality (13) brings together two defining aspects of Zeng's practice: the symbolic power of the skull and his relentless experimentation with paint. Originally a sixteen-panel work, it draws on Renaissance drawing techniques, using cross-hatched lines to build a richly layered composition. Through impasto and wet-on-wet brushwork, the skull dissolves into the materiality of oil pigment – revealing shifting textures and colour as a meditation on impermanence, life and death.

This 37-layer limited edition print with matte varnish has been crafted in close collaboration to capture the depth, texture and painterly complexity of Zeng's original work.","Signed by the artist. Individually numbered.","37-layer archival pigment print with matte varnish on 1650 micron Heritage conservation board.","","","","Prints can be ordered float-mounted in one of three framing options:"
212535061434029,"Ai Weiwei - F.U.C.K. (Red) by Ai Weiwei",16058502644094,"/products/ai-weiwei-f-u-c-k-red","https://avantarte.com/products/ai-weiwei-f-u-c-k-red","2026-09-14T13:01:22.911000","2026-08-24T13:27:42.589000","","","","[""print""]","","","","Collect our new limited edition print by Ai Weiwei. ","This new collaboration with Ai Weiwei is a rare edition of just 20 unique pieces, split across four distinct colourways.

Since acquiring 30 tonnes of buttons from a South London factory in 2019, Ai Weiwei has returned repeatedly to the humble object, becoming a central motif in his practice. Now the subject of his exhibition Button Up! at Factory International, buttons have evolved into a potent symbol of identity, power, and resistance for the artist, testament to his unparalleled ability to charge everyday objects with cultural and political meaning.

Created in close collaboration with the artist at our London print house, Make-Ready, this edition translates the original work, made from real buttons, through a first-of-its-kind 49-layer archival pigment process with high-gloss varnish. Printed on French-sized fine linen and mounted on aluminium Dibond, the piece preserves the depth and sculptural presence of the original.","Signed, numbered & dated on front","49-layer archival pigment print with high-gloss varnish, printed on French-sized fine linen and mounted on aluminium Dibond","","","","All prints arrive mounted to aluminium Dibond with a built-in hanging bracket for easy installation"
185271795481173,"Backside works. - Queen by Backside works.",15947504681342,"/products/backside-works-queen","https://avantarte.com/products/backside-works-queen","2026-09-14T13:01:22.911000","2026-06-08T14:36:45.058000","","","","[""print""]","","","","Collect a limited edition silkscreen print by anonymous artist Backside works., exploring identity and storytelling through animation, manga, and graffiti-inspired portraiture.","Our debut collaboration with anonymous artist Backside works. is a signature portrait.

Queen is a limited edition print that showcases the artist’s core philosophy: the female figure at the centre of the work is the ‘heroine’, while the viewer steps into the role of ‘protagonist’, free to construct their own story through engagement with the image. Rooted in Japanese otaku and street culture, the visual language of this composition fuses the aesthetics of animation, manga, and graffiti.

This edition is a 30 colour silkscreen printed in 40 layers, with CMYK Amplitude Modulated Halftone background and fluorescent, iridescent and metallic overprints on Somerset Tub Sized Radiant White 410gsm paper, made in close collaboration with the artist.","Signed by the artist. Individually numbered.","30 colour silkscreen printed in 40 layers, with CMYK Amplitude Modulated Halftone background and fluorescent, iridescent and metallic overprints on Somerset Tub Sized Radiant White 410gsm paper","","","","Prints can be ordered float-mounted in one of three framing options:"
199085546495180,"Piet Mondrian - Composition with Red, Yellow, Black, Blue, and Gray by Piet Mondrian Estate",16002868904318,"/products/piet-mondrian-estate-composition-with-red-yellow-black-blue-and-gray-1","https://avantarte.com/products/piet-mondrian-estate-composition-with-red-yellow-black-blue-and-gray-1","2026-09-14T13:01:22.911000","2026-07-17T15:20:32.798000","","","","[""print""]","","","","TBC","One of Piet Mondrian’s most iconic paintings becomes a new limited edition print in our landmark first collaboration with the Mondrian Trust.

This artwork was originally painted in 1921, part of the groundbreaking Composition series. Reduced to black lines, rectangles and a restrained palette of primary colours, it marks Mondrian's transition toward the pure, radical abstraction of his Neo-Plastic style – and stands as one of the defining examples of geometric abstraction in early 20th-century painting.

This limited edition of 300 has been created in close collaboration with The Mondrian/Holtzman Trust and features a bespoke authentication stamp inspired by the distinctive signature style Mondrian used during this period.

“I wish to approach truth as closely as is possible, and therefore I abstract everything until I arrive at the fundamental quality of objects.”","Authenticated with a bespoke debossed archive stamp. Individually numbered.","Archival pigment print on 330gsm Somerset Enhanced Radiant White paper.","","","","Prints can be ordered float-mounted in one of four framing options:"
196553657360326,"Salvador Dali - The Phantom Cart by Salvador Dali Estate",15993892274558,"/products/salvador-dali-estate-the-spectre-of-sex-appeal","https://avantarte.com/products/salvador-dali-estate-the-spectre-of-sex-appeal","2026-09-14T13:01:22.911000","2026-08-05T15:41:40.163000","","","","[""print""]","","","","Collect a limited edition print of The Spectre of Sex Appeal by Salvador Dalí Estate, featuring one of Dalí's most celebrated explorations of Surrealist symbolism.","Salvador Dalí Estate, Fundació Gala Salvador Dalí, presents a Surrealist masterpiece as a new limited edition print.

Painted around 1934, this enigmatic work is among Dalí's most celebrated Surrealist images. A towering biomorphic figure, balanced on fragile crutches, emerges from an expansive landscape, embodying the artist's fascination with dreams, desire and the subconscious.

Executed on a small wood panel with extraordinary precision, the painting exemplifies Dalí's meticulous technique and the psychological complexity of his paranoiac-critical method.","Authenticated with a bespoke debossed Salvador Dalí Estate stamp. Individually numbered.","Archival pigment print on 330gsm Somerset Enhanced Radiant White paper.","","","","Prints can be ordered float-mounted in one of three framing options:"
180954190390046,"LY - LUV New Beginnings by LY",15933279371646,"/products/ly-luv-new-beginnings","https://avantarte.com/products/ly-luv-new-beginnings","2026-09-14T13:01:22.911000","2026-06-15T08:34:41.749000","","","","[""print""]","","","","Collect a limited edition print featuring LY’s iconic character LUV, reimagined in a soft pastel green palette inspired by matcha and seasonal renewal. A 22-colour, 48-layer silkscreen exploring collectability and evolution within the artist’s ongoing LUV series.","LY’s new limited edition print features her beloved character LUV in a new pastel green palette.

Part of LY’s ongoing LUV series, this new green composition has been commissioned specifically for this release. Inspired by matcha and the Camellia sinensis plant, the work evokes spring renewal and seasonal change through its soft, natural palette.

This edition is a 22 colour silkscreen print produced in 48 layers, designed to sit alongside the previous editions as part of a cohesive, collectable body of work.","Signed by the artist. Individually numbered.","22 colour silkscreen printed in 48 layers on 410gsm Somerset Tub Sized Radiant White paper.","","","","Prints can be ordered float-mounted in one of three framing options:"
196197645502330,"James Jean - Blossom (Kannyu) by James Jean",15994519060862,"/products/james-jean-blossom-kannyu","https://avantarte.com/products/james-jean-blossom-kannyu","2026-09-14T13:01:22.911000","2026-07-09T10:25:01.389000","","","","[""print""]","","","","Collect a limited edition print by James Jean, drawing from the Māori creation story in an exploration of mythology, nature, and material transformation.","James Jean's new limited edition print retells ancient myth in a story of renewal.

Inspired by the Māori creation story, in which life emerges in the void created by the physical separation of Sky Father and Earth Mother, this piece borrows fragments of the story to cast some of Jean’s recurring characters in a world of mythology, nature and material transformation. The artist’s signature blending of graphic and highly rendered elements “creates a visual rhythm” which Jean uses to allow “different layers of reality to coexist” within the artwork. The print is signed by the artist and features silver foil blocking and silkscreen spot gloss varnish. It is released alongside a ceramic sculpture titled Blossom Vessel which explores overlapping themes, with lower and matching edition numbers for those collecting both pieces.","Signed by the artist. Individually numbered.","Archival pigment print with silver foil blocking and silkscreen spot gloss varnish on Hahnemuhle Photo Rag Bright White 310gsm paper.","","","","Prints can be ordered float-mounted in one of three framing options, or window mounted in the framer's choice:"
197661853690907,"Piet Mondrian - Composition with Red, Yellow, Black, Blue, and Gray by Piet Mondrian Estate",15998924652926,"/products/piet-mondrian-composition-with-red-yellow-black-blue-and-gray","https://avantarte.com/products/piet-mondrian-composition-with-red-yellow-black-blue-and-gray","2026-09-14T13:01:22.911000","2026-07-14T10:49:40.350000","","","","[""print""]","","","","Collect one of Piet Mondrian’s most iconic paintings in our landmark first collaboration with The Mondrian/Holtzman Trust. ","One of Piet Mondrian’s most iconic paintings becomes a new limited edition print in our landmark first collaboration with The Mondrian/Holtzman Trust.

This artwork was originally painted in 1921, part of the groundbreaking Composition series. Reduced to black lines, rectangles and a restrained palette of primary colours, it marks Mondrian's transition toward the pure, radical abstraction of his Neo-Plastic style – and stands as one of the defining examples of geometric abstraction in early 20th-century painting.

This limited edition of 300 has been created in close collaboration with The Estate of Piet Mondrian and features a bespoke authentication stamp inspired by the distinctive signature style Mondrian used during this period.","Authenticated with a bespoke debossed archive stamp. Individually numbered.","Archival pigment print on 330gsm Somerset Enhanced Radiant White paper.","","","","Prints can be ordered float-mounted in one of four framing options:"
205472091322070,"Zeng Fanzhi - Ephemerality (15) by Zeng Fahnzi",16027372814718,"/products/ephemerality-15-copy-for-draft-testing","https://avantarte.com/products/ephemerality-15-copy-for-draft-testing","2026-09-14T13:01:22.912000","2026-08-04T14:31:57.549000","","","","[""print""]","","","","TBC","Zeng Fanzhi transforms one of his haunting skull paintings into a new limited edition print.

Ephemerality (15) brings together two defining aspects of Zeng's practice: the symbolic power of the skull and his relentless experimentation with paint. Originally a sixteen-panel work, it draws on Renaissance drawing techniques, using cross-hatched lines to build a richly layered composition. Through impasto and wet-on-wet brushwork, the skull dissolves into the materiality of oil pigment – revealing shifting textures and colour as a meditation on impermanence, life and death.

This 37-layer limited edition print with matte varnish has been crafted in close collaboration to capture the depth, texture and painterly complexity of Zeng's original work.","Signed by the artist. Individually numbered.","37-layer archival pigment print with matte varnish on 1650 micron Heritage conservation board.","","","","Prints can be ordered float-mounted in one of three framing options:"
177862646954558,"Hank Willis Thomas - “Success is no accident.”",15923385172350,"/products/hank-willis-thomas-success-is-no-accident","https://avantarte.com/products/hank-willis-thomas-success-is-no-accident","2026-09-14T13:01:22.912000","2026-05-21T08:23:47.733000","","","","[""print""]","","","","TBC","Hank Willis Thomas brings one of football’s most iconic images to a new limited edition print.

Depicting the legendary Brazilian footballer Pelé’s bicycle kick, this work is a classic example of Thomas’ conceptual approach – reframing familiar cultural images to explore identity, history and mass media.

Its title, “Success is no accident.”, comes from one of Pelé’s most celebrated quotes: “Success is no accident. It is hard work, perseverance, learning, studying, sacrifice and most of all, love of what you are doing or learning to do.”","Signed by the artist. Individually numbered.","10 layer textured archival pigment print with matte varnish seal on 410gsm Somerset Tub Sized Radiant White paper.","","","","Prints can be ordered float-mounted or window-mounted in one of four framing options:"
177756169385202,"Gregory Crewdson - Untitled [Dream House 4] by Gregory Crewdson",15918008238462,"/products/gregory-crewdson-untitled-dream-house-4","https://avantarte.com/products/gregory-crewdson-untitled-dream-house-4","2026-09-14T13:01:22.912000","2026-05-19T08:19:47.060000","","","","[""print""]","","","","Collect a new limited edition print from Gregory Crewdson’s celebrated photographic series Dream House, originally commissioned by the New York Times in 2002. ","Gregory Crewdson brings his star-studded series Dream House to a new limited edition print.

This edition is from Dream House, a series of twelve cinematic photographs shot in an abandoned home in Vermont, originally commissioned by the New York Times in 2002. Each image stages the quiet darkness of suburban life with the precision of Hollywood production, with a cast including Julianne Moore, Philip Seymour Hoffman, Tilda Swinton, William H. Macy and Gwyneth Paltrow.

Meticulous, still and unsettling, Crewdson’s photographs construct a distinctly American psychological space with Lynchian atmosphere, somewhere between the familiar and the uncanny.","Signed by the artist. Individually numbered.","Archival pigment print on Hahnemühle Photo Rag Bright White 310gsm paper.","","","Edition size of 343","Prints can be ordered float-mounted or window-mounted in one of four framing options:"
185998369288637,"Gregory Crewdson - Untitled [Dream House - Pre-order set of 6] by Gregory Crewdson",15949325500798,"/products/gregory-crewdson-untitled-untitled-dream-house-set-of-6","https://avantarte.com/products/gregory-crewdson-untitled-untitled-dream-house-set-of-6","2026-09-14T13:01:22.912000","2026-06-10T14:12:32.312000","","","","[""print""]","","","","Collect a new limited edition print from Gregory Crewdson’s celebrated photographic series Dream House, originally commissioned by the New York Times in 2002. ","Gregory Crewdson brings his star-studded series Dream House to a new set of limited edition prints.

These editions are from Dream House, a series of twelve cinematic photographs shot in an abandoned home in Vermont, originally commissioned by the New York Times in 2002. Each image stages the quiet darkness of suburban life with the precision of Hollywood production, with a cast including Julianne Moore, Philip Seymour Hoffman, Tilda Swinton, William H. Macy and Gwyneth Paltrow.

Meticulous, still and unsettling, Crewdson’s photographs construct a distinctly American psychological space with Lynchian atmosphere, somewhere between the familiar and the uncanny.","Signed by the artist. Individually numbered.","Archival pigment print on Hahnemühle Photo Rag Bright White 310gsm paper.","","","Edition size confirmed after the 48 hour release","Prints can be ordered float-mounted or window-mounted in one of four framing options:"
212505615891533,"Zeng Fanzhi - Ephemerality (15) by Zeng Fahnzi",16058327695742,"/products/draw-test-2-3-ephemerality-15-copy-for-draw-testing","https://avantarte.com/products/draw-test-2-3-ephemerality-15-copy-for-draw-testing","2026-09-14T13:01:22.912000","2026-08-24T13:03:27.073000","","","","[""print""]","","","","TBC","Zeng Fanzhi transforms one of his haunting skull paintings into a new limited edition print.

Ephemerality (15) brings together two defining aspects of Zeng's practice: the symbolic power of the skull and his relentless experimentation with paint. Originally a sixteen-panel work, it draws on Renaissance drawing techniques, using cross-hatched lines to build a richly layered composition. Through impasto and wet-on-wet brushwork, the skull dissolves into the materiality of oil pigment – revealing shifting textures and colour as a meditation on impermanence, life and death.

This 37-layer limited edition print with matte varnish has been crafted in close collaboration to capture the depth, texture and painterly complexity of Zeng's original work.","Signed by the artist. Individually numbered.","37-layer archival pigment print with matte varnish on 1650 micron Heritage conservation board.","","","","Prints can be ordered float-mounted in one of three framing options:"
177754598474467,"Gregory Crewdson - Untitled [Dream House 5] by Gregory Crewdson",15918008303998,"/products/gregory-crewdson-untitled-dream-house-5","https://avantarte.com/products/gregory-crewdson-untitled-dream-house-5","2026-09-14T13:01:22.912000","2026-05-18T15:54:40.828000","","","","[""print""]","","","","Collect a new limited edition print from Gregory Crewdson’s celebrated photographic series Dream House, originally commissioned by the New York Times in 2002. ","Gregory Crewdson brings his star-studded series Dream House to a new limited edition print.

This edition is from Dream House, a series of twelve cinematic photographs shot in an abandoned home in Vermont, originally commissioned by the New York Times in 2002. Each image stages the quiet darkness of suburban life with the precision of Hollywood production, with a cast including Julianne Moore, Philip Seymour Hoffman, Tilda Swinton, William H. Macy and Gwyneth Paltrow.

Meticulous, still and unsettling, Crewdson’s photographs construct a distinctly American psychological space with Lynchian atmosphere, somewhere between the familiar and the uncanny.","Signed by the artist. Individually numbered.","Archival pigment print on Hahnemühle Photo Rag Bright White 310gsm paper.","","","Edition size of 945","Prints can be ordered float-mounted or window-mounted in one of four framing options:"
177752598772135,"Gregory Crewdson - Untitled [Dream House 2] by Gregory Crewdson",15918007353726,"/products/gregory-crewdson-untitled-dream-house-2","https://avantarte.com/products/gregory-crewdson-untitled-dream-house-2","2026-09-14T13:01:22.912000","2026-05-19T08:19:47.914000","","","","[""print""]","","","","Collect a new limited edition print from Gregory Crewdson’s celebrated photographic series Dream House, originally commissioned by the New York Times in 2002. ","Gregory Crewdson brings his star-studded series Dream House to a new limited edition print.

This edition is from Dream House, a series of twelve cinematic photographs shot in an abandoned home in Vermont, originally commissioned by the New York Times in 2002. Each image stages the quiet darkness of suburban life with the precision of Hollywood production, with a cast including Julianne Moore, Philip Seymour Hoffman, Tilda Swinton, William H. Macy and Gwyneth Paltrow.

Meticulous, still and unsettling, Crewdson’s photographs construct a distinctly American psychological space with Lynchian atmosphere, somewhere between the familiar and the uncanny.","Signed by the artist. Individually numbered.","Archival pigment print on Hahnemühle Photo Rag Bright White 310gsm paper.","","","Edition size of 382","Prints can be ordered float-mounted or window-mounted in one of four framing options:"
205472004384464,"Zeng Fanzhi - Ephemerality (13) by Zeng Fahnzi",16027351777662,"/products/ephemerality-13-copy-for-draw-testing","https://avantarte.com/products/ephemerality-13-copy-for-draw-testing","2026-09-14T13:01:22.912000","2026-08-04T14:32:00.608000","","","","[""print""]","","","","TBC","Zeng Fanzhi transforms one of his haunting skull paintings into a new limited edition print.

Ephemerality (13) brings together two defining aspects of Zeng's practice: the symbolic power of the skull and his relentless experimentation with paint. Originally a sixteen-panel work, it draws on Renaissance drawing techniques, using cross-hatched lines to build a richly layered composition. Through impasto and wet-on-wet brushwork, the skull dissolves into the materiality of oil pigment – revealing shifting textures and colour as a meditation on impermanence, life and death.

This 37-layer limited edition print with matte varnish has been crafted in close collaboration to capture the depth, texture and painterly complexity of Zeng's original work.","Signed by the artist. Individually numbered.","37-layer archival pigment print with matte varnish on 1650 micron Heritage conservation board.","","","","Prints can be ordered float-mounted in one of three framing options:"
178466569563610,"Zeng Fanzhi - Ephemerality (15) by Zeng Fahnzi",15924000620926,"/products/zeng-fanzhi-ephemerality-15","https://avantarte.com/products/zeng-fanzhi-ephemerality-15","2026-09-14T13:01:22.912000","2026-05-22T11:58:28.750000","","","","[""print""]","","","","TBC","Zeng Fanzhi transforms one of his haunting skull paintings into a new limited edition print.

Ephemerality (15) brings together two defining aspects of Zeng's practice: the symbolic power of the skull and his relentless experimentation with paint. Originally a sixteen-panel work, it draws on Renaissance drawing techniques, using cross-hatched lines to build a richly layered composition. Through impasto and wet-on-wet brushwork, the skull dissolves into the materiality of oil pigment – revealing shifting textures and colour as a meditation on impermanence, life and death.

This 37-layer limited edition print with matte varnish has been crafted in close collaboration to capture the depth, texture and painterly complexity of Zeng's original work.","Signed by the artist. Individually numbered.","37-layer archival pigment print with matte varnish on 1650 micron Heritage conservation board.","","","","Prints can be ordered float-mounted in one of three framing options:"
177755564069919,"Gregory Crewdson - Untitled [Dream House 1] by Gregory Crewdson",15918008271230,"/products/gregory-crewdson-untitled-dream-house-1","https://avantarte.com/products/gregory-crewdson-untitled-dream-house-1","2026-09-14T13:01:22.912000","2026-05-19T08:19:47.404000","","","","[""print""]","","","","Collect a new limited edition print from Gregory Crewdson’s celebrated photographic series Dream House, originally commissioned by the New York Times in 2002. ","Gregory Crewdson brings his star-studded series Dream House to a new limited edition print.

This edition is from Dream House, a series of twelve cinematic photographs shot in an abandoned home in Vermont, originally commissioned by the New York Times in 2002. Each image stages the quiet darkness of suburban life with the precision of Hollywood production, with a cast including Julianne Moore, Philip Seymour Hoffman, Tilda Swinton, William H. Macy and Gwyneth Paltrow.

Meticulous, still and unsettling, Crewdson’s photographs construct a distinctly American psychological space with Lynchian atmosphere, somewhere between the familiar and the uncanny.","Signed by the artist. Individually numbered.","Archival pigment print on Hahnemühle Photo Rag Bright White 310gsm paper.","","","Edition size of 523","Prints can be ordered float-mounted or window-mounted in one of four framing options:"
177757014173211,"Gregory Crewdson - Untitled [Dream House 3] by Gregory Crewdson",15918008172926,"/products/gregory-crewdson-untitled-dream-house-3","https://avantarte.com/products/gregory-crewdson-untitled-dream-house-3","2026-09-14T13:01:22.912000","2026-05-19T08:19:46.799000","","","","[""print""]","","","","Collect a new limited edition print from Gregory Crewdson’s celebrated photographic series Dream House, originally commissioned by the New York Times in 2002. ","Gregory Crewdson brings his star-studded series Dream House to a new limited edition print.

This edition is from Dream House, a series of twelve cinematic photographs shot in an abandoned home in Vermont, originally commissioned by the New York Times in 2002. Each image stages the quiet darkness of suburban life with the precision of Hollywood production, with a cast including Julianne Moore, Philip Seymour Hoffman, Tilda Swinton, William H. Macy and Gwyneth Paltrow.

Meticulous, still and unsettling, Crewdson’s photographs construct a distinctly American psychological space with Lynchian atmosphere, somewhere between the familiar and the uncanny.","Signed by the artist. Individually numbered.","Archival pigment print on Hahnemühle Photo Rag Bright White 310gsm paper.","","","Edition of 368","Prints can be ordered float-mounted or window-mounted in one of four framing options:"
177749535209559,"Gregory Crewdson - Untitled [Dream House 6] by Gregory Crewdson",15918007320958,"/products/gregory-crewdson-untitled-dream-house-6","https://avantarte.com/products/gregory-crewdson-untitled-dream-house-6","2026-09-14T13:01:22.917000","2026-05-19T08:19:48.117000","","","","[""print""]","","","","Collect a new limited edition print from Gregory Crewdson’s celebrated photographic series Dream House, originally commissioned by the New York Times in 2002. ","Gregory Crewdson brings his star-studded series Dream House to a new limited edition print.

This edition is from Dream House, a series of twelve cinematic photographs shot in an abandoned home in Vermont, originally commissioned by the New York Times in 2002. Each image stages the quiet darkness of suburban life with the precision of Hollywood production, with a cast including Julianne Moore, Philip Seymour Hoffman, Tilda Swinton, William H. Macy and Gwyneth Paltrow.

Meticulous, still and unsettling, Crewdson’s photographs construct a distinctly American psychological space with Lynchian atmosphere, somewhere between the familiar and the uncanny.","Signed by the artist. Individually numbered.","Archival pigment print on Hahnemühle Photo Rag Bright White 310gsm paper.","","","Edition size of 500","Prints can be ordered float-mounted or window-mounted in one of three framing options.

Prints can also be ordered in a window mount in Silver (Aluminium)"
176829670237070,"Johnson Tsang - Alliance by Johnson Tsang",15913871049086,"/products/johnson-tsang-alliance","https://avantarte.com/products/johnson-tsang-alliance","2026-09-14T13:01:22.917000","2026-05-20T12:15:33.704000","","","","[""sculpture""]","","","","Collect a new limited edition sculpture by Johnson Tsang exploring coexistence, intimacy and human connection through six intertwined cherubic faces rendered in the artist’s signature hyperreal sculptural style.","Johnson Tsang's new limited edition sculpture asks what it really means to live alongside others.

Alliance depicts a line of six cherubic baby faces, smooshed cheek-to-cheek in tender, almost suffocating closeness – capturing what Tsang describes as ""the entangled, love-hate relationship between people"". First created in 2021 under the title Coexistence, the work represents both the joys and challenges of co-living, intimacy and mutual support. For Tsang, the work carries a quietly radical message: that our identities are not prisons, but interpretations, and that we are always free to let go, and create new forms of self and community.

This limited edition sculpture was produced in close collaboration with the artist, showcasing his signature hyperreal sculptural techniques and instinctive touch that gives each character a life of its own","Artist's signature engraved on the base.","Resin cast sculpture with hand-finished detailing and matte spray finish","","","",""
185947081930810,"Ahmed Mater - Ray by Ahmed Mater",15948516983166,"/products/ahmed-mater-ray","https://avantarte.com/products/ahmed-mater-ray","2026-09-14T13:01:22.917000","2026-06-24T15:58:13.098000","","","","[""print""]","","","","Collect a new limited edition print from Ahmed Mater's acclaimed Guncaps series, in which words are formed from the red plastic caps of toy guns.","Ahmed Mater writes ‘Opinion’ in his new limited edition print.

Ray (Opinion) is part of Guncaps, one of the most celebrated series of Mater's early career, in which he spelt out symbolic words using the plastic caps of toy guns – objects synonymous with American cowboy culture, widely sold across Saudi Arabia. In repurposing these Western symbols to write Ray, Mater creates a quietly subversive meditation on cultural identity and transformation.

This edition is one of three prints from the series: Salam (Peace), Hurriya (Freedom) and Ray (Opinion). Each 37-layer archival pigment print emulates the texture of the original mixed-media artwork.","Signed by the artist. Individually numbered.","37 layers archival pigment print on Somerset Tub Sized White 410 gsm paper.","","","","Prints can be ordered float-mounted in one of three framing options:"
176347731557791,"Urs Fischer - Problem Painting by Urs Fischer",15913871114622,"/products/urs-fischer-problem-painting-1","https://avantarte.com/products/urs-fischer-problem-painting-1","2026-09-14T13:01:22.917000","2026-05-21T17:01:01.631000","","","","[""print""]","","","","Collect a new limited edition print from Urs Fischer’s iconic Problem Paintings series, layering silkscreened fruit and everyday objects over Hollywood portraits in a meditation on fame, decay and permanence.","An iconic Problem Painting by Urs Fischer becomes a new limited edition print.

Originally presented at Gagosian Beverly Hills in 2012, Problem Paintings is a series of collaged paintings that layer silkscreened fruit and everyday objects over portraits of Hollywood starlets. The obstructions are deliberate and disarming. ""The funny thing is fruits are more universal than movie stars,"" Fischer has said. For the artist, the organic and the disposable will always outlast fame and celebrity.

This limited edition print features a matte varnish seal and 6 silkscreen layers, in an edition of 100.

© Urs Fischer. Courtesy of the artist","Signed by the artist. Individually numbered.","Archival pigment print with matte varnish seal and 6 silkscreen layers, on 410gsm Somerset Tub Sized Radiant White paper.","","","","Prints can be ordered float-mounted in one of three framing options:"
175758194928524,"Zeng Fanzhi - Rainbow (Mask Series 1997 No.8 by Zeng Fanzhi)",15913871212926,"/products/zeng-fanzhi-mask-series-1997-no-8","https://avantarte.com/products/zeng-fanzhi-mask-series-1997-no-8","2026-09-14T13:01:22.917000","2026-05-19T13:30:34.366000","","","","[""print""]","","","","Collect a new limited edition silkscreen print by Zeng Fanzhi, revisiting one of the most iconic works from his landmark Mask Series exploring alienation, identity and social performance.","Zeng Fanzhi brings one of the most iconic works of Chinese contemporary art to a new limited edition silkscreen print.

The Mask Series began after the artist moved from Wuhan to Beijing in the early 1990s, and established Fanzhi as a defining voice of his generation. The works portray figures in Western suits wearing blank, expressionless masks, evoking the alienation he experienced whilst navigating unfamiliar social codes, new acquaintances, and a rapidly changing China. ""I felt deeply connected to the collision between people’s fervent pursuit of well-being and their inner struggle,"" Fanzhi has said. Through oil paints manoeuvred with a palette knife, the artist created abstract details and blurred drapery to “capture a collective memory of that period”.

This limited edition silkscreen print is available in an edition of 300.

Zeng Fanzhi. 'Mask: Rainbow', 1997. oil on canvas, overall: 179.1 × 199.5 × 4 cm. M+ Sigg Collection, Hong Kong. By donation.

[2012.1329]. © Zeng Fanzhi. Image courtesy of M+, Hong Kong.","Signed by the artist. Individually numbered.","22 colour silkscreen print on 600gsm Somerset Tub Sized paper.","","","","Prints can be ordered float-mounted in one of three framing options:"
176340822040775,"Urs Fischer - Problem Painting by Urs Fischer",15913870983550,"/products/urs-fischer-problem-painting","https://avantarte.com/products/urs-fischer-problem-painting","2026-09-14T13:01:22.917000","2026-05-14T13:18:48.468000","","","","[""print""]","","","","Collect a new limited edition print from Urs Fischer’s iconic Problem Paintings series, layering silkscreened fruit and everyday objects over Hollywood portraits in a meditation on fame, decay and permanence.","An iconic Problem Painting by Urs Fischer becomes a new limited edition print.

Originally presented at Gagosian Beverly Hills in 2012, Problem Paintings is a series of collaged works that layer silkscreened everyday objects over portraits of Hollywood starlets. Confrontational, surreal, and darkly humorous, Fischer’s compositions transform familiar imagery into something unsettling and psychologically charged. Fischer said, “Humor is a way to deal with fear.” That tension between attraction and discomfort sits at the centre of this work.

This limited edition print features a matte varnish seal and 4 silkscreen layers, in an edition of 100.

© Urs Fischer. Courtesy of the artist","Signed by the artist. Individually numbered.","Archival pigment print with matte varnish seal and 4 silkscreen layers, on 410gsm Somerset Tub Sized Radiant White paper.","","","","Prints can be ordered float-mounted in one of three framing options:"
163989089795563,"Takashi Murakami - Quartet by Takashi Murakami",15852841664894,"/products/takashi-murakami-set-of-4-flowers-of-heaven-2018-lollipop-flowers-rainbow-mid-summer-pandas-golden-sky-2021-tan-tan-bo-communicating-with-someone-somewhere-in-the-universe-2014","https://avantarte.com/products/takashi-murakami-set-of-4-flowers-of-heaven-2018-lollipop-flowers-rainbow-mid-summer-pandas-golden-sky-2021-tan-tan-bo-communicating-with-someone-somewhere-in-the-universe-2014","2026-09-14T13:01:22.918000","2026-04-16T15:44:37.631000","","","","[""print""]","","","","TBC","Takashi Murakami brings his Superflat universe to a new quartet of limited edition prints.

Since the late 1990s, Murakami's eclectic cast of characters and vibrant floral imagery have been at the heart of his Superflat philosophy – a movement defined by its blend of high art and popular culture, traditional Japanese painting and contemporary manga.

This quartet of prints spans the full breadth of that world: from his iconic smiling flowers and endearing panda cubs, to his villain alter ego Tan Tan Bo. Cheerful and unsettling, these works embody Murakami's core belief that joy and pain are not opposites, but instead, two inevitable parts of every human experience.

Proceeds from this release will support the future of the Brooklyn Museum.

©︎2026 Takashi Murakami/Kaikai Kiki Co., Ltd. All Rights Reserved.","Signed by the artist. Individually numbered.","Archival pigment print with silkscreen high gloss details on Hahnemühle Photo Rag 308gsm paper.
Archival pigment print with silkscreen sparkle and high gloss details on Hahnemühle Photo Rag 308gsm paper.","","","","Prints can be ordered float-mounted in one of three framing options:"
174243687710768,"Miwa Komatsu - Three Guardians by Miwa Komatsu",15905346748798,"/products/miwa-komatsu-three-guardians-gatekeeping-the-heat-and-cold","https://avantarte.com/products/miwa-komatsu-three-guardians-gatekeeping-the-heat-and-cold","2026-09-14T13:01:22.918000","2026-05-08T09:39:49.903000","","","","[""print""]","","","","Collect a new limited edition print by Japanese artist Miwa Komatsu, inspired by Japanese mythology and a childhood growing up in the mountains of Nagano.","Miwa Komatsu channels Japanese mythology into her new limited edition print.

Three Guardians: Gatekeeping the Heat and Cold, painted in 2021, depicts three mythical lion dogs of Japanese folklore, known as komainu. For the artist, who grew up among the mountains of Nagano and begins each work through prayer and meditation, art is a direct channel to the immaterial world. Inspired by the monk and calligrapher Kūkai, she approaches her practice as a form of living mythology.

This limited edition print features two silkscreen shimmer layers, a matte varnish seal and bespoke deckled edges, made in close collaboration with the artist and our specialist printmakers at Make-Ready.","Signed by the artist. Individually numbered.","Archival pigment print with matte varnish seal and 2 silkscreen shimmer layers, on 410gsm Somerset Tub Sized Radiant White paper with deckled edges.","","","","Prints can be ordered float-mounted in one of three framing options. Includes a sleek metal bar for secure, stable hanging:"
168661803542814,"Ai Weiwei - Guardian (Purple) by Ai Weiwei",15871286182270,"/products/ai-weiwei-guardian-purple","https://avantarte.com/products/ai-weiwei-guardian-purple","2026-09-14T13:01:22.918000","2026-04-28T13:51:32.846000","","","","[""print""]","","","","A new limited edition silkscreen print by Ai Weiwei","Ai Weiwei releases a symbolic new print ahead of his major UK exhibition, Button Up!.

In Guardian (Purple), Ai Weiwei depicts himself as a Door God, a traditional Chinese figurine placed at the entrance of the home to protect the people inside. The composition includes recurring motifs from his work, including a dragon, cat, sunflower, life jacket and buttons – the focal point of his upcoming exhibition Button Up! at Factory International.

This 2-colour limited edition silkscreen print features a metallic glitter base layer. It is a fundraiser edition made in support of Factory International.","Signed by the artist. Individually numbered.","2 colour silkscreen with metallic glitter base layer on Somerset Tub Sized Radiant White 410gsm paper.","","","","Prints can be ordered float-mounted in one of four framing options:"
164041892735559,"Joel Mesler - I Love You by Joel Mesler",15851869438334,"/products/joel-mesler-i-love-you-yellow","https://avantarte.com/products/joel-mesler-i-love-you-yellow","2026-09-14T13:01:22.918000","2026-04-10T09:58:37.282000","","","","[""print""]","","","","Collect a limited edition print by Joel Mesler, known for his vivid colours and candid text-based works that merge personal memory with pop culture, capturing raw emotion through playful yet deeply honest visual language.","I Love You is a new limited edition print from the Los Angeles-born artist, alive with his signature bold colours, stylised patterns and looping calligraphic text. Drawing on personal memory and popular culture in equal measure, Joel's work has always been disarmingly direct – and this edition's statement leaves no doubt.

Available in four variations – the 'I Love You' a different colour on each – the edition was created in close collaboration with the artist at our London fine art print studio, Make-Ready. It is printed using a 9-colour split fountain silkscreen with archival pigment print overlay, metallic shimmer and high gloss varnish details, capturing the playful and heartfelt sentiment of the piece.","Signed by the artist. Individually numbered.","9 colour split fountain silkscreen with archival pigment print overlay and silkscreen printed metallic shimmer and high gloss varnish details, printed on Somerset Tub Sized Radiant White 410gsm paper.","","","Edition size confirmed after the 48 hour release","Prints can be ordered float-mounted or window-mounted in one of four framing options:"
159447515296269,"Paul Insect - Prismatic Visions by Paul Insect",15837278142846,"/products/paul-insect-prismatic-visions","https://avantarte.com/products/paul-insect-prismatic-visions","2026-09-14T13:01:22.918000","2026-03-30T21:01:07.635000","","","","[""print""]","","","","Collect a new limited edition print by Paul Insect in collaboration with Avant Arte","An optical illusion enhances a bold and enigmatic portrait in a new limited-edition silkscreen print.

Prismatic Visions is a quintessential work from the British artist, a visual embodiment of his interest in identities hidden and revealed.

Printed in 32 layers across 18 colours, this edition was carefully crafted in close collaboration with the artist at our London fine art print studio, Make-Ready, emulating the rich, collaged surfaces of his mixed-media canvases, with a hand-finished collage element on each print. The result is an intricate silkscreen print finished with highly tactile texture pyramids that create a subtle optical shift, allowing colours to transform depending on the viewer's perspective.

Collectors who buy a print will have the chance to win one of ten unique special editions, each hand-painted and finished with additional collage elements by the artist.","Signed by the artist. Individually numbered.","18-colour silkscreen printed in 32 layers, including bespoke metallic and fluorescent inks, printed on 410gsm Somerset Tub Sized Radiant White paper. Finished with raised texture created using UV-cured ink, with additional collage elements cut and applied by hand.

10 special editions feature additional collage elements applied by the artist, with hand-painted details.","","","","Prints can be ordered float-mounted in one of three framing options: "
185939598543042,"Ahmed Mater - Salam by Ahmed Mater",15948516950398,"/products/ahmed-mater-salam","https://avantarte.com/products/ahmed-mater-salam","2026-09-14T13:01:22.918000","2026-06-24T15:57:58.896000","","","","[""print""]","","","","Collect a new limited edition print from Ahmed Mater's acclaimed Guncaps series, in which words are formed from the red plastic caps of toy guns.","Ahmed Mater writes ‘Peace’ in his new limited edition print.

Salam (Peace) is part of Guncaps, one of the most celebrated series of Mater's early career, in which he spelt out symbolic words using the plastic caps of toy guns – objects synonymous with American cowboy culture, widely sold across Saudi Arabia. In repurposing these Western symbols to write Salam, Mater creates a quietly subversive meditation on cultural identity and transformation.

This edition is one of three prints from the series: Salam (Peace), Hurriya (Freedom) and Ray (Opinion). Each 37-layer archival pigment print emulates the texture of the original mixed-media artwork.","Signed by the artist. Individually numbered.","37 layers archival pigment print on Somerset Tub Sized White 410 gsm paper.","","","","Prints can be ordered float-mounted in one of three framing options:"
164043501152746,"Joel Mesler - I Love You by Joel Mesler",15851869503870,"/products/joel-mesler-i-love-you-blue","https://avantarte.com/products/joel-mesler-i-love-you-blue","2026-09-14T13:01:22.918000","2026-04-10T09:58:36.155000","","","","[""print""]","","","","Collect a limited edition print by Joel Mesler, known for his vivid colours and candid text-based works that merge personal memory with pop culture, capturing raw emotion through playful yet deeply honest visual language.","I Love You is a new limited edition print from the Los Angeles-born artist, alive with his signature bold colours, stylised patterns and looping calligraphic text. Drawing on personal memory and popular culture in equal measure, Joel's work has always been disarmingly direct – and this edition's statement leaves no doubt.

Available in four variations – the 'I Love You' a different colour on each – the edition was created in close collaboration with the artist at our London fine art print studio, Make-Ready. It is printed using a 9-colour split fountain silkscreen with archival pigment print overlay, metallic shimmer and high gloss varnish details, capturing the playful and heartfelt sentiment of the piece.","Signed by the artist. Individually numbered.","9 colour split fountain silkscreen with archival pigment print overlay and silkscreen printed metallic shimmer and high gloss varnish details, printed on Somerset Tub Sized Radiant White 410gsm paper.","","","Edition size confirmed after the 48 hour release","Prints can be ordered float-mounted or window-mounted in one of four framing options:"
164042797074840,"Joel Mesler - I Love You by Joel Mesler",15851869471102,"/products/joel-mesler-i-love-you-purple","https://avantarte.com/products/joel-mesler-i-love-you-purple","2026-09-14T13:01:22.918000","2026-04-10T07:37:32.748000","","","","[""print""]","","","","Collect a limited edition print by Joel Mesler, known for his vivid colours and candid text-based works that merge personal memory with pop culture, capturing raw emotion through playful yet deeply honest visual language.","I Love You is a new limited edition print from the Los Angeles-born artist, alive with his signature bold colours, stylised patterns and looping calligraphic text. Drawing on personal memory and popular culture in equal measure, Joel's work has always been disarmingly direct – and this edition's statement leaves no doubt.

Available in four variations – the 'I Love You' a different colour on each – the edition was created in close collaboration with the artist at our London fine art print studio, Make-Ready. It is printed using a 9-colour split fountain silkscreen with archival pigment print overlay, metallic shimmer and high gloss varnish details, capturing the playful and heartfelt sentiment of the piece.","Signed by the artist. Individually numbered.","9 colour split fountain silkscreen with archival pigment print overlay and silkscreen printed metallic shimmer and high gloss varnish details, printed on Somerset Tub Sized Radiant White 410gsm paper.","","","Edition size confirmed after the 48 hour release","Prints can be ordered float-mounted or window-mounted in one of four framing options:"
181762437825880,"Ai Weiwei - Guardian (Green) by Ai Weiwei",15936627081598,"/products/ai-weiwei-guardian-green-copy","https://avantarte.com/products/ai-weiwei-guardian-green-copy","2026-09-14T13:01:22.918000","2026-05-29T15:44:16.979000","","","","[""print""]","","","","A new limited edition silkscreen print by Ai Weiwei","Ai Weiwei releases a symbolic new print ahead of his major UK exhibition, Button Up!.

In Guardian (Green), Ai Weiwei depicts himself as a Door God, a traditional Chinese figurine placed at the entrance of the home to protect the people inside. The composition includes recurring motifs from his work, including a dragon, cat, sunflower, life jacket and buttons – the focal point of his upcoming exhibition Button Up! at Factory International.

This 2-colour limited edition silkscreen print features a metallic glitter base layer. It is a fundraiser edition made in support of Factory International.","Signed by the artist. Individually numbered.","2 colour silkscreen with metallic glitter base layer on Somerset Tub Sized Radiant White 410gsm paper.","","","Edition size confirmed after the 7 day release","Prints can be ordered float-mounted in one of four framing options:"
165777835587563,"Josef Albers - Set of 4 by Josef Albers",15857737400702,"/products/josef-albers-set-of-4","https://avantarte.com/products/josef-albers-set-of-4","2026-09-14T13:01:22.918000","2026-04-14T16:12:13.571000","","","","[""print""]","","","","Collect a limited edition set of four silkscreen prints by Josef Albers from his seminal Homage to the Square series, a defining exploration of colour relationships and visual perception in modern abstraction.","The seminal series Homage to the Square by Josef Albers becomes a quartet of new silkscreen prints.

One of the most influential artists of the 20th century, Josef began his practice at the Bauhaus art school in Berlin, where he became a key figure in its visual culture. Forced to flee Nazi Germany in 1933, he and his wife Anni emigrated to the United States, where their work helped reshape the language of modern art. As a professor at Yale, Josef became a pioneering figure in colour theory, with his painting practice shaped by his seminal book Interaction of Color.

Produced in close collaboration with the Josef and Anni Albers Foundation, this fundraising edition has been made with the greatest care to honour the precision and chromatic clarity that define his legacy. The release fundraises for  Bët-bi – a new museum, culture and community centre in Senegal, developed by the Josef and Anni Albers Foundation and Le Korsa.

This reproduction is authorised by, and has been produced under license from, The Josef and Anni Albers Foundation and is part of a finite edition of 250 authorised reproductions.","Authenticated with a bespoke embossed Josef & Anni Albers Foundation stamp.","3 colour silkscreen print on 410gsm Somerset Tub Sized Satin White paper.","","","","Prints can be ordered float-mounted in one of three framing options: "
173226894126249,"Cindy Sherman - Untitled by Cindy Sherman",15901570302334,"/products/cindy-sherman-untitled-2026","https://avantarte.com/products/cindy-sherman-untitled-2026","2026-09-14T13:01:22.918000","2026-05-06T14:14:41.500000","","","","[""print""]","","","","A new limited edition print release in collaboration with Cindy Sherman, in support of MoMA.","An unexpected, never-before-seen colour photograph from 1979 is now revealed as a new limited edition print by Cindy Sherman.

Untitled was shot on a roll of colour film Cindy mistakenly loaded while making Untitled Film Stills – her historic series of black-and-white photographs in which she poses as various female characters, evoking stereotypical roles from 1950s and '60s Hollywood, film noir, and European art-house cinema.

47 years later, the image has been released in support of MoMA PS1’s 50th anniversary, offering collectors a rare colour work from Cindy's personal archive and a unique piece of photographic history.","Signed by the artist on the reverse","Archival pigment print on Hahnemühle Photo Rag Bright White 310gsm paper.","","","","Prints can be ordered float-mounted in one of three framing options: 

Includes a metal bar for secure, stable hanging.
"
165774977551485,"Anni Albers - Study for TR I, ca. 1969 & Study for A, 1968 by Anni Albers",15857626055038,"/products/anni-albers-study-for-tr-i-ca-1969-study-for-a-1968","https://avantarte.com/products/anni-albers-study-for-tr-i-ca-1969-study-for-a-1968","2026-09-14T13:01:22.918000","2026-04-14T14:43:29.603000","","","","[""print""]","","","","Collect a limited edition set of two silkscreen prints by Anni Albers, highlighting her innovative textile practice defined by colour, geometry, and structural rhythm.","Two signature works by Anni Albers become a pair of new silkscreen prints.

One of the most influential artists of the 20th century, Anni began her practice in the weaving workshop of the revolutionary Bauhaus art school in Berlin. Forced to flee Nazi Germany in 1933, she and her husband Josef emigrated to the United States, where their work and teaching helped reshape the language of modern art. In 1949, Albers became the first textile artist to have a solo exhibition at MoMA – bringing a lifetime of innovation in colour, structure, textile and pattern into the evolving language of abstraction.

Produced in close collaboration with the Josef and Anni Albers Foundation, this fundraising edition has been made with the greatest care to honour the precision and chromatic integrity that define her legacy. The release fundraises for  Bët-bi – a new museum, culture and community centre in Senegal, developed by the Josef and Anni Albers Foundation and Le Korsa.

This reproduction of Study for TR I, ca. 1969 and Study for A, 1968 is authorised by, and has been produced under license from, The Josef and Anni Albers Foundation and is part of a finite edition of 250 authorised reproductions.","Authenticated with a bespoke embossed Josef & Anni Albers Foundation stamp.","5 colour silkscreen print on 410gsm Somerset Tub Sized Satin White paper.","","","","Prints can be ordered float-mounted in one of three framing options: "
159132595027226,"Anni Albers - Study for A, 1968- BLUE by Anni Albers",15838224417150,"/products/anni-albers-study-for-a-1968-blue","https://avantarte.com/products/anni-albers-study-for-a-1968-blue","2026-09-14T13:01:22.918000","2026-04-14T14:38:47.754000","","","","[""print""]","","","","Collect a limited edition silkscreen print by Anni Albers, celebrating her pioneering approach to textile art defined by colour, structure, and pattern within modern abstraction.","A signature work by Anni Albers becomes a new  silkscreen print.

One of the most influential artists of the 20th century, Anni began her practice in the weaving workshop of the revolutionary Bauhaus art school in Berlin. Forced to flee Nazi Germany in 1933, she and her husband Josef emigrated to the United States, where their work and teaching helped reshape the language of modern art. In 1949, Albers became the first textile artist to have a solo exhibition at MoMA – bringing a lifetime of innovation in colour, structure, textile and pattern into the evolving language of abstraction.

Produced in close collaboration with the Josef and Anni Albers Foundation, this fundraising edition has been made with the greatest care to honour the precision and chromatic integrity that define her legacy. The release fundraises for  Bët-bi – a new museum, culture and community centre in Senegal, developed by the Josef and Anni Albers Foundation and Le Korsa.

This reproduction of Study for A, 1968 is authorised by, and has been produced under license from, The Josef and Anni Albers Foundation and is part of a finite edition of 250 authorised reproductions.","Authenticated with a bespoke embossed Josef & Anni Albers Foundation stamp.","5 colour silkscreen print on 410gsm Somerset Tub Sized Satin White paper.","","","","Prints can be ordered float-mounted in one of three framing options: "
163609264412093,"Takashi Murakami - Flowers of Heaven, 2018 by Takashi Murakami",15850167435646,"/products/takashi-murakami-flowers-of-heaven-2018","https://avantarte.com/products/takashi-murakami-flowers-of-heaven-2018","2026-09-14T13:01:22.918000","2026-04-14T16:02:27.497000","","","","[""print""]","","","","Collect a limited edition print by Takashi Murakami – one of four iconic motifs from his Superflat universe, where joy and anxiety, high art and popular culture exist in irresistible tension.","Takashi Murakami brings his iconic smiling flowers to a new limited edition print.

These cheerful, wide-eyed blooms conceal deeper reflections on consumerism, trauma, and post-war Japanese society. For the artist, his flower paintings represent life’s emotional contradictions: an endless pendulum between grief and joy, hardship and hope.

This composition draws on two formative influences: Murakami's PhD in Japanese art history at Tokyo University of the Arts, and his love for Abstract Expressionism, specifically the technique of ‘all-over’ painting, which fills the entire canvas with paint.

Proceeds from this release will support the future of the Brooklyn Museum.

©︎2026 Takashi Murakami/Kaikai Kiki Co., Ltd. All Rights Reserved.","Signed by the artist. Individually numbered.","Archival pigment print with silkscreen high gloss details on Hahnemühle Photo Rag 308gsm paper.","","","","Prints can be ordered float-mounted in one of three framing options:"
180687741938190,"Joel Mesler - I Love You by Joel Mesler",15932678308222,"/products/joel-mesler-i-love-you","https://avantarte.com/products/joel-mesler-i-love-you","2026-09-14T13:01:22.918000","2026-05-26T13:57:02.999000","","","","[""print""]","","","","Collect a limited edition print by Joel Mesler, known for his vivid colours and candid text-based works that merge personal memory with pop culture, capturing raw emotion through playful yet deeply honest visual language.","I Love You is a new limited edition print from the Los Angeles-born artist, alive with his signature bold colours, stylised patterns and looping calligraphic text. Drawing on personal memory and popular culture in equal measure, Joel's work has always been disarmingly direct – and this edition's statement leaves no doubt.

Available in four variations – the 'I Love You' a different colour on each – the edition was created in close collaboration with the artist at our London fine art print studio, Make-Ready. It is printed using a 9-colour split fountain silkscreen with archival pigment print overlay, metallic shimmer and high gloss varnish details, capturing the playful and heartfelt sentiment of the piece.","Signed by the artist. Individually numbered.","9 colour split fountain silkscreen with archival pigment print overlay and silkscreen printed metallic shimmer and high gloss varnish details, printed on Somerset Tub Sized Radiant White 410gsm paper.","","","","Prints can be ordered float-mounted or window-mounted in one of four framing options:"
168650679516615,"Ai Weiwei - Guardian (Green) by Ai Weiwei",15871286247806,"/products/ai-weiwei-guardian-green","https://avantarte.com/products/ai-weiwei-guardian-green","2026-09-14T13:01:22.918000","2026-04-28T14:02:19.353000","","","","[""print""]","","","","A new limited edition silkscreen print by Ai Weiwei","Ai Weiwei releases a symbolic new print ahead of his major UK exhibition, Button Up!.

In Guardian (Green), Ai Weiwei depicts himself as a Door God, a traditional Chinese figurine placed at the entrance of the home to protect the people inside. The composition includes recurring motifs from his work, including a dragon, cat, sunflower, life jacket and buttons – the focal point of his upcoming exhibition Button Up! at Factory International.

This 2-colour limited edition silkscreen print features a metallic glitter base layer. It is a fundraiser edition made in support of Factory International.","Signed by the artist. Individually numbered.","2 colour silkscreen with metallic glitter base layer on Somerset Tub Sized Radiant White 410gsm paper.","","","","Prints can be ordered float-mounted in one of four framing options:"
161465125520359,"Joel Mesler - I Love You by Joel Mesler",15838229561726,"/products/joel-mesler-i-love-you-pink","https://avantarte.com/products/joel-mesler-i-love-you-pink","2026-09-14T13:01:22.918000","2026-04-10T09:58:34.423000","","","","[""print""]","","","","Collect a limited edition print by Joel Mesler, known for his vivid colours and candid text-based works that merge personal memory with pop culture, capturing raw emotion through playful yet deeply honest visual language.","I Love You is a new limited edition print from the Los Angeles-born artist, alive with his signature bold colours, stylised patterns and looping calligraphic text. Drawing on personal memory and popular culture in equal measure, Joel's work has always been disarmingly direct – and this edition's statement leaves no doubt.

Available in four variations – the 'I Love You' a different colour on each – the edition was created in close collaboration with the artist at our London fine art print studio, Make-Ready. It is printed using a 9-colour split fountain silkscreen with archival pigment print overlay, metallic shimmer and high gloss varnish details, capturing the playful and heartfelt sentiment of the piece.","Signed by the artist. Individually numbered.","9 colour split fountain silkscreen with archival pigment print overlay and silkscreen printed metallic shimmer and high gloss varnish details, printed on Somerset Tub Sized Radiant White 410gsm paper.","","","Edition size confirmed after the 48 hour release","Prints can be ordered float-mounted or window-mounted in one of four framing options:"
163618296306154,"Takashi Murakami - Tan Tan Bo Communicating with Someone, Somewhere in the Universe, 2014 by Takashi Murakami",15850167271806,"/products/takashi-murakami-tan-tan-bo-communicating-with-someone-somewhere-in-the-universe-2014","https://avantarte.com/products/takashi-murakami-tan-tan-bo-communicating-with-someone-somewhere-in-the-universe-2014","2026-09-14T13:01:22.918000","2026-04-14T16:02:31.830000","","","","[""print""]","","","","Collect a limited edition print by Takashi Murakami – one of four iconic motifs from his Superflat universe, where joy and anxiety, high art and popular culture exist in irresistible tension.","Takashi Murakami unleashes his villain alter ego, Tan Tan Bo, in a new limited edition print.

Since the late 1990s, Murakami's eclectic characters have been at the heart of his Superflat philosophy – a movement defined by its blend of high art and popular culture, traditional Japanese painting and contemporary anime and manga.

Mr. DOB is one of the artist's most charming characters, often seen as an alter ego for the artist himself. Tan Tan Bo, however, represents Mr DOB’s dark side. Volatile, visceral and charged with anxiety, he is a potent reminder that horror and joy, loss and love, darkness and beauty are always two sides of the same coin.

Proceeds from this release will support the future of the Brooklyn Museum.

©︎2026 Takashi Murakami/Kaikai Kiki Co., Ltd. All Rights Reserved.","Signed by the artist. Individually numbered.","Archival pigment print with silkscreen high gloss details on Hahnemühle Photo Rag 308gsm paper.","","","","Prints can be ordered float-mounted in one of three framing options:"
163703539465807,"Eddie Martinez - Olive Garden by Eddie Martinez",15838230315390,"/products/eddie-martinez-olive-garden","https://avantarte.com/products/eddie-martinez-olive-garden","2026-09-14T13:01:22.918000","2026-04-14T13:34:59.111000","","","","[""print""]","","","","American artist Eddie Martinez describes his studio as a boxing ring. Discover more about his painting, sculptures and influences, from street art to automatic drawing. ","A defining work by Eddie Martinez becomes a boldly charismatic limited edition silkscreen print.

Olive Garden takes its name from the infamous American restaurant chain – a knowing joke that doubles as art historical reference, the olive grove being one of the most enduring motifs of classical painting. Full of power and life, the work reflects Eddie's rhythmic, dance-like approach to making art, built through instinct and physical momentum. Nature and everyday life form the bedrock of his visual language.

To create the edition, printers at our London fine art print studio, Make–Ready, meticulously translated the painting into vibrant silkscreen layers, preserving both the colour and energy of the original.","Signed by the artist. Individually numbered.","Archival pigment print with matte varnish seal and 3 silkscreen layers on Somerset Tub Sized Radiant White 410gsm paper.","","","","Prints can be ordered float-mounted in one of three framing options:"
173861013811901,"Tschabalala Self - Yellow Sapphire by Tschabalala Self",15914275668350,"/products/tschabalala-self-yellow-sapphire","https://avantarte.com/products/tschabalala-self-yellow-sapphire","2026-09-14T13:01:22.918000","2026-05-14T13:51:41.522000","","","","[""print""]","","","","TBC","Tschabalala Self unveils a majestic limited edition embroidery.

Yellow Sapphire is inspired by the original artwork Sapphire (2015), an important early work. The composition is built from the artist's signature blend of paint and collaged fabric, a technique that she’s been developing for the past 10 years through studio experimentation. In Yellow Sapphire the collage and assemblage found in Self’s paintings are rendered through the use of embroidery. Self's work investigates the corporeal boundaries of the human existence through the lens her own identity politic as a Black-American woman

This textile edition is presented as a stretched and framed canvas, comprising nearly 208,076 stitches in over 35 colours on mustard-coloured suede, made in close collaboration with the artist.","Signed & numbered on a sticker attached to the back of the piece.","This collaboration with Tschabalala is an embroidered piece comprising of nearly 208,076 stitches on a mustard-colored suede fabric. It features over 35 colours and is presented as a stretched and framed canvas.","","","","Tapestries can be ordered in a tray frame in one framing option:"
165781343980304,"Antony Micallef - Self Portrait with Blue Slash by Antony Micallef",15857626087806,"/products/antony-micallef-self-portrait-with-blue-slash","https://avantarte.com/products/antony-micallef-self-portrait-with-blue-slash","2026-09-14T13:01:22.918000","2026-04-24T14:24:52.988000","","","","[""print""]","","","","TBC","Antony Micallef’s new limited edition print captures the raw instinct of his painting process.

Self Portrait with Blue Slash was originally painted in front of a mirror. However, Antony does not see himself as the primary subject of the work. Instead, he uses his own likeness as a starting point to see where the light falls, building up thick layers of oil until the paint takes on a life of its own.

To honour the extreme texture of Antony's impasto painted surfaces, this edition was printed as a 57-layer archival pigment print with 3 layers of gloss varnish.","Signed by the artist. Individually numbered.","57-layer archival pigment print with 3 layers of gloss varnish, printed on 600gsm Somerset Tub Sized Radiant White paper and mounted on 1650 micron heritage conservation board.","","","","Prints can be ordered float-mounted in one of three framing options:
"
168659040199358,"Ai Weiwei - Guardian (Blue) by Ai Weiwei",15871286215038,"/products/ai-weiwei-guardian-blue","https://avantarte.com/products/ai-weiwei-guardian-blue","2026-09-14T13:01:22.918000","2026-04-28T14:17:14.530000","","","","[""print""]","","","","A new limited edition silkscreen print by Ai Weiwei","Ai Weiwei releases a symbolic new print ahead of his major UK exhibition, Button Up!.

In Guardian (Blue), Ai Weiwei depicts himself as a Door God, a traditional Chinese figurine placed at the entrance of the home to protect the people inside. The composition includes recurring motifs from his work, including a dragon, cat, sunflower, life jacket and buttons – the focal point of his upcoming exhibition Button Up! at Factory International.

This 2-colour limited edition silkscreen print features a metallic glitter base layer. It is a fundraiser edition made in support of Factory International.","Signed by the artist. Individually numbered.","2 colour silkscreen with metallic glitter base layer on Somerset Tub Sized Radiant White 410gsm paper.","","","","Prints can be ordered float-mounted in one of four framing options:"
163617262530675,"Takashi Murakami - Mid-summer Pandas Golden Sky, 2021 by Takashi Murakami",15850167304574,"/products/takashi-murakami-mid-summer-pandas-golden-sky-2021","https://avantarte.com/products/takashi-murakami-mid-summer-pandas-golden-sky-2021","2026-09-14T13:01:22.918000","2026-04-14T16:02:24.010000","","","","[""print""]","","","","Collect a limited edition print by Takashi Murakami – one of four iconic motifs from his Superflat universe, where joy and anxiety, high art and popular culture exist in irresistible tension.","Takashi Murakami's beloved panda takes centre stage in this new limited edition print.

Originally created through a collaboration with Louis Vuitton, the panda has since become one of Murakami's most enduring characters. Here, a mother and her cubs sit on a burning ball of smiling flowers, the kind of unsettling paradox that defines his practice.

In this limited edition print, the sky, originally rendered in gold leaf, has been reimagined using high-density reflective glitter, adding a final layer of contradiction between brilliance and unease.

Proceeds from this release will support the future of the Brooklyn Museum.

©︎2026 Takashi Murakami/Kaikai Kiki Co., Ltd. All Rights Reserved.","Signed by the artist. Individually numbered.","Archival pigment print with silkscreen sparkle and high gloss details on Hahnemühle Photo Rag 308gsm paper.","","","","Prints can be ordered float-mounted in one of three framing options:"
181763990792043,"Ai Weiwei - Guardian (Blue) by Ai Weiwei",15936627310974,"/products/ai-weiwei-guardian-blue-copy","https://avantarte.com/products/ai-weiwei-guardian-blue-copy","2026-09-14T13:01:22.918000","2026-05-29T15:44:11.752000","","","","[""print""]","","","","A new limited edition silkscreen print by Ai Weiwei","Ai Weiwei releases a symbolic new print ahead of his major UK exhibition, Button Up!.

In Guardian (Blue), Ai Weiwei depicts himself as a Door God, a traditional Chinese figurine placed at the entrance of the home to protect the people inside. The composition includes recurring motifs from his work, including a dragon, cat, sunflower, life jacket and buttons – the focal point of his upcoming exhibition Button Up! at Factory International.

This 2-colour limited edition silkscreen print features a metallic glitter base layer. It is a fundraiser edition made in support of Factory International.","Signed by the artist. Individually numbered.","2 colour silkscreen with metallic glitter base layer on Somerset Tub Sized Radiant White 410gsm paper.","","","Edition size confirmed after the 7 day release","Prints can be ordered float-mounted in one of four framing options:"
159131080719512,"Anni Albers - Study for TR I, ca. 1969 by Anni Albers",15838224482686,"/products/anni-albers-study-for-tr-i-ca-1969","https://avantarte.com/products/anni-albers-study-for-tr-i-ca-1969","2026-09-14T13:01:22.918000","2026-04-14T14:33:56.275000","","","","[""print""]","","","","Collect a limited edition silkscreen print by Anni Albers, celebrating her pioneering approach to textile art defined by colour, structure, and pattern within modern abstraction.","A signature work by Anni Albers becomes a new silkscreen print.

One of the most influential artists of the 20th century, Anni began her practice in the weaving workshop of the revolutionary Bauhaus art school in Berlin. Forced to flee Nazi Germany in 1933, she and her husband Josef emigrated to the United States, where their work and teaching helped reshape the language of modern art. In 1949, Albers became the first textile artist to have a solo exhibition at MoMA – bringing a lifetime of innovation in colour, structure, textile and pattern into the evolving language of abstraction.

Produced in close collaboration with the Josef and Anni Albers Foundation, this edition has been made with the greatest care to honour the precision and chromatic integrity that define her legacy. The release fundraises for  Bët-bi – a new museum, culture and community centre in Senegal, developed by the Josef and Anni Albers Foundation and Le Korsa.

This reproduction of Study for TR I, ca. 1969 is authorised by, and has been produced under license from, The Josef and Anni Albers Foundation and is part of a finite edition of 250 authorised reproductions.","Authenticated with a bespoke embossed Josef & Anni Albers Foundation stamp.","6 colour silkscreen print on 410gsm Somerset Tub Sized Satin White paper.","","","","Prints can be ordered float-mounted in one of three framing options: "
163615725131949,"Takashi Murakami - Lollipop Flowers Rainbow by Takashi Murakami",15850167370110,"/products/takashi-murakami-lollipop-flowers-rainbow","https://avantarte.com/products/takashi-murakami-lollipop-flowers-rainbow","2026-09-14T13:01:22.918000","2026-04-14T16:02:25.823000","","","","[""print""]","","","","Collect a limited edition print by Takashi Murakami – one of four iconic motifs from his Superflat universe, where joy and anxiety, high art and popular culture exist in irresistible tension.","Takashi Murakami brings his iconic smiling flowers to a new limited edition print.

Murakami originally created Lollipop Flowers Rainbow at the height of the pandemic, depicting smaller flowers contained within the outline of a single bloom to represent life in the confines of lockdown.

The artwork is part of the artist’s broader series of flower paintings that have become a defining motif of his Superflat universe. Despite their cheerful demeanour, the flowers conceal deeper reflections on consumerism, trauma and post-war Japanese society – embodying the paradox that grief and joy, hardship and hope, are never far apart.

Proceeds from this release will support the future of the Brooklyn Museum.

©︎2026 Takashi Murakami/Kaikai Kiki Co., Ltd. All Rights Reserved.","Signed by the artist. Individually numbered.","Archival pigment print with silkscreen high gloss details on Hahnemühle Photo Rag 308gsm paper.","","","","Prints can be ordered float-mounted in one of three framing options:"
165776979179456,"Josef Albers - Homage to the Square, 1971 (yellow) & Study for Homage to the Square, 1967 by Josef Albers",15857737499006,"/products/josef-albers-homage-to-the-square-yellow-study-for-homage-to-the-square","https://avantarte.com/products/josef-albers-homage-to-the-square-yellow-study-for-homage-to-the-square","2026-09-14T13:01:22.918000","2026-04-14T16:10:52.708000","","","","[""print""]","","","","Collect a limited edition set of two silkscreen prints by Josef Albers, exploring colour interaction and perception through works from his iconic Homage to the Square series.","The seminal series Homage to the Square by Josef Albers becomes a pair of new  silkscreen prints.

One of the most influential artists of the 20th century, Josef began his practice at the Bauhaus art school in Berlin, where he became a key figure in its visual culture. Forced to flee Nazi Germany in 1933, he and his wife Anni emigrated to the United States, where their work helped reshape the language of modern art. As a professor at Yale, Josef became a pioneering figure in colour theory, with his painting practice shaped by his seminal book Interaction of Color.

Produced in close collaboration with the Josef and Anni Albers Foundation, this fundraising edition has been made with the greatest care to honour the precision and chromatic clarity that define his legacy. The release fundraises for  Bët-bi – a new museum, culture and community centre in Senegal, developed by the Josef and Anni Albers Foundation and Le Korsa. 

This reproduction is authorised by, and has been produced under license from, The Josef and Anni Albers Foundation and is part of a finite edition of 250 authorised reproductions.","Authenticated with a bespoke embossed Josef & Anni Albers Foundation stamp.","3 colour silkscreen print on 410gsm Somerset Tub Sized Satin White paper.","","","","Prints can be ordered float-mounted in one of three framing options: "
173623737627007,"Felipe Pantone - Subtractive Variability Dimensional 13 AA by Felipe Pantone",15903182619006,"/products/felipe-pantone-subtractive-variability-dimensional-13-aa","https://avantarte.com/products/felipe-pantone-subtractive-variability-dimensional-13-aa","2026-09-14T13:01:22.918000","2026-05-19T11:24:12.021000","","","","[""sculpture""]","","","","Collect a new limited edition sculpture by artist Felipe Pantone, formed of bold geometric forms and chromatic gradients that draw from digital culture, early video games and the restless transience of the screen. ","Felipe Pantone brings his kinetic, colour-charged vision to a new limited edition sculpture.

Subtractive Variability Dimensional 13 AA is a quintessential expression of Pantone's post-internet aesthetic — bold geometric forms and dizzying chromatic gradients that draw from digital culture, early video games and the restless transience of the screen. Movement is central to the work: suspended from a nylon rope, the sculpture shifts and rotates, its UV-painted surfaces catching light in constant flux. For Pantone, this is not incidental — colour, he believes, only exists because of light, and light is the reason life itself happens.

The sculpture is made from UV paint, UHS lacquer, PMMA, nylon and steel cable, produced in an edition of 200 through the artist's own production studio, Configurable Art.","Edition number & artist's signature engraved on the PMMA.","UV paint, UHS lacquer, PMMA, nylon cable","","","",""
181762208937945,"Ai Weiwei - Guardian (Purple) by Ai Weiwei",15936549618046,"/products/ai-weiwei-guardian-purple-copy","https://avantarte.com/products/ai-weiwei-guardian-purple-copy","2026-09-14T13:01:22.918000","2026-05-29T15:44:07.362000","","","","[""print""]","","","","A new limited edition silkscreen print by Ai Weiwei","Ai Weiwei releases a symbolic new print ahead of his major UK exhibition, Button Up!.

In Guardian (Purple), Ai Weiwei depicts himself as a Door God, a traditional Chinese figurine placed at the entrance of the home to protect the people inside. The composition includes recurring motifs from his work, including a dragon, cat, sunflower, life jacket and buttons – the focal point of his upcoming exhibition Button Up! at Factory International.

This 2-colour limited edition silkscreen print features a metallic glitter base layer. It is a fundraiser edition made in support of Factory International.","Signed by the artist. Individually numbered.","2 colour silkscreen with metallic glitter base layer on Somerset Tub Sized Radiant White 410gsm paper.","","","Edition size confirmed after the 7 day release","Prints can be ordered float-mounted in one of four framing options:"
185934223625805,"Ahmed Mater - Hurriya by Ahmed Mater",15948517048702,"/products/ahmed-mater-hurriya","https://avantarte.com/products/ahmed-mater-hurriya","2026-09-14T13:01:22.918000","2026-06-24T15:58:48.248000","","","","[""print""]","","","","Collect a new limited edition print from Ahmed Mater's acclaimed Guncaps series, in which words are formed from the red plastic caps of toy guns.","Ahmed Mater writes ‘Freedom’ in his new limited edition print.

Hurriya (Freedom) is part of Guncaps, one of the most celebrated series of Mater's early career, in which he spelt out symbolic words using the plastic caps of toy guns – objects synonymous with American cowboy culture, widely sold across Saudi Arabia. In repurposing these Western symbols to write Hurriya, Mater creates a quietly subversive meditation on cultural identity and transformation.

This edition is one of three prints from the series: Salam (Peace), Hurriya (Freedom) and Ray (Opinion). Each 37-layer archival pigment print emulates the texture of the original mixed-media artwork.","Signed by the artist. Individually numbered.","37 layers archival pigment print on Somerset Tub Sized White 410 gsm paper.","","","","Prints can be ordered float-mounted in one of three framing options:"
122579659497396,"Pejac - SELF-DEFENCE by Pejac",15712471023998,"/products/pejac-self-defence-2am","https://avantarte.com/products/pejac-self-defence-2am","2026-09-14T13:01:22.919000","2026-01-12T08:49:21.062000","","","","[""print""]","","","","Collect a new limited edition silkscreen print by Spanish artist Pejac: a series composed of 12 works depicting a single day in the life of an icebreaker ship, circling endlessly through a frozen polar landscape. ","This hand-finished limited edition print forms part of Pejac’s ambitious new project, SELF-DEFENCE.

Translating 12 original paintings by the artist, the series depicts a day in the life of an icebreaker ship, circling endlessly through a frozen polar landscape. The icebreaker moves counterclockwise, representing a 12-hour countdown. Each print represents a different hour of the day, as the vessel traces its path like a hand on an imaginary clock.

This 28-colour silkscreen features a hand-finished beam of light from the ship’s bow – applied in Pejac's studio in Madrid to each individual print using spray and stencil techniques. The team at Make-Ready, our specialist fine art print studio in London, have translated the artist’s original works to a result the artist described as the “highest possible level of fidelity and detail, achieved thanks to the exceptional technical work, meticulous adjustments and absolute precision at every stage.”

Discover the collaboration.","Signed by the artist. Individually numbered.","28 colour silkscreen on Somerset Tub Sized Radiant White 410gsm with spray-painted acrylic details.","","","","Prints can be ordered float-mounted in one of three framing options:"
136094696979755,"Mickalene Thomas - A Moment’s Pleasure #2 by Mickalene Thomas",15753772728702,"/products/mickalene-thomas-a-moment-s-pleasure-2","https://avantarte.com/products/mickalene-thomas-a-moment-s-pleasure-2","2026-09-14T13:01:22.919000","2026-02-20T09:10:53.565000","","","","[""print""]","","","","TBC","Mickalene Thomas presents a shimmering, richly layered limited edition print of a signature double portrait.

A Moment’s Pleasure #2, created in 2008, depicts two women sharing a familiar and unguarded moment of closeness in a domestic setting. Like much of Mickalene’s work, the boldly textured composition shows intimacy as something lived and accumulated through small acts, rather than grand gestures – creating a space where love exists without performance.

This limited edition print is the result of an intricate silkscreen process, featuring metallic shimmer layers alongside gloss and matte varnishes, faithfully embodying the radiance of the original multi-media artwork.","Signed by the artist. Individually numbered.","Archival pigment print on 410gsm Somerset Tub Sized Radiant White paper with 10 silkscreen layers, including metallic shimmer and glitter layers, gloss varnish and a matte varnish seal","","","","Prints can be ordered float-mounted in one of three framing options:"
144263051100290,"Luc Tuymans - Bell Boy by Luc Tuymans",15778029011326,"/products/luc-tuymans-bell-boy","https://avantarte.com/products/luc-tuymans-bell-boy","2026-09-14T13:01:22.919000","2026-02-26T11:48:44.624000","","","","[""print""]","","","","Collect a limited edition silkscreen print by Luc Tuymans. Based on his 2023 oil painting, the piece is a cautionary tale against mistaking beauty for truth.","Luc Tuymans unveils a signature elusive portrait as a new limited edition silkscreen print.

Bell Boy, painted in 2023, depicts what appears to be an innocent figure suggested by its title, but the history behind the image tells a very different story. The work is based on photographs from Dresden, Germany, in the late 1930s, likely of a fascist soldier. Its sparse palette and subtle blur create an intentionally deceptive sense of calm, forcing us to confront how easily beauty can obscure the true nature of violence and complicity. This quietly radical approach is emblematic of the artist’s broader practice, where images operate as unstable carriers of meaning, capable of communicating and withholding at once.

This limited edition silkscreen print faithfully captures the muted tones and carefully calibrated contrasts that define the artist’s profound exploration of memory, history and morality.","Signed by the artist. Individually numbered.","26 colour silkscreen print with matte varnish seal on Somerset Tub Sized Radiant White 410gsm paper.","","","","Prints can be ordered float-mounted in one of three framing options:"
153703536389356,"Grayson Perry - The Changeling by Grayson Perry",15816011219326,"/products/grayson-perry-the-changeling","https://avantarte.com/products/grayson-perry-the-changeling","2026-09-14T13:01:22.919000","2026-03-13T11:39:53.981000","","","","[""print""]","","","","TBC","Grayson Perry turns his inimitable hand to a new silkscreen print launched in support of the Foundling Museum.

The Changeling is a vivid artwork that portrays changeling folklore when a child is swapped by malevolent spirits – reinterpreted by the artist for the digital age. Grayson Perry describes the artwork as intentionally “quite disturbing”, reflecting on how digital culture and AI are callously shaping our sense of self. His newly imagined changeling challenges us to rethink identity, belonging, and what truly makes us human. It sits in contrast to the stories and lives of foundlings, children ‘found’ and cared for by supportive communities.

This 9-colour silkscreen print was carefully produced at our London studio, Make-Ready, in close collaboration with the artist to capture the vivid detail of his world-renowned drawing style, exemplified in this new design.

For each artwork sold, a minimum of €195 will be donated to the Foundling Museum. The total donation made to the charity will depend on the final number of artworks sold in the edition","Signed by the artist. Individually numbered.","9 colour silkscreen on bespoke 410gsm Somerset White Rough Textured M-R 100% cotton paper.","","","","Prints can be ordered float-mounted or window-mounted in one of four framing options:"
144149656184855,"DRIFT - Proto Nature I by DRIFT",15776485278078,"/products/drift-proto-nature-i","https://avantarte.com/products/drift-proto-nature-i","2026-09-14T13:01:22.919000","2026-02-18T14:05:07.200000","","","","[""sculpture""]","","","","Discover DRIFT's mesmerising light artwork inspired by starling murmurations. A limited edition piece that transforms viewer interaction into a luminous dance, exploring community, individuality, and nature's intelligence.","DRIFT channels the collective intelligence of swarming starlings in a new light artwork.

This limited edition is based on Flylight, a site-specific installation inspired by the behaviour of starlings. In the original 2015 work by the Dutch duo, a custom algorithm controls a cluster of hanging glass tubes with lights, changing their movement and brightness depending on where the viewer stands. The piece reveals the ultimate paradox of the swarm: while each bird moves freely, together they create something greater than themselves.

For the artists, this limited edition, crafted in copper and glass, invites collectors to join the swarm itself, each owner becoming an individual part within a larger interconnected network.","Studio stamp on back of artwork.","Quartz, copper, electronics, LEDs, optical fiber & plexiglass.","","","",""
156611570473754,"Maurizio Cattelan - La Nona Ora by Maurizio Cattelan",15831337042302,"/products/maurizio-cattelan-la-nona-ora","https://avantarte.com/products/maurizio-cattelan-la-nona-ora","2026-09-14T13:01:22.919000","2026-03-23T15:52:09.830000","","","","[""sculpture""]","","","","Collect a limited edition sculpture of one of Maurizio Cattelan’s most scandalous works. The satirical work, which casts the most powerful figure in Catholicism as suddenly mortal and powerless, divided the art world and beyond.","Maurizio Cattelan brings his most sacrilegious work to a new limited edition, hand-painted sculpture.

La Nona Ora is based on Maurizio's original 1999 installation piece that depicts Pope John Paul II struck down by a meteorite and pinned to a bright red carpet. The title references the ninth hour of Christ's crucifixion, when he cries out ""My God, my God, why have you forsaken me?"" before dying on the cross.

The satirical work, which casts the most powerful figure in Catholicism as mortal and vulnerable, divided the art world and beyond. Most notably, forcing a museum director in Catholic Poland to resign.

Each resin edition arrives individually hand-painted and with a metal cross.","Hand-written edition number.","Individually hand-painted resin sculpture, with metal ferula.","","","",""
136446812458464,"Lucian Freud - Girl in Bed, 1953, Reflection with Two Children, 1965",15753773351294,"/products/lucian-freud-girl-in-bed-1953-reflection-with-two-children-self-portrait-1965","https://avantarte.com/products/lucian-freud-girl-in-bed-1953-reflection-with-two-children-self-portrait-1965","2026-09-14T13:01:22.919000","2026-03-04T16:49:52.188000","","","","[""print""]","","","","Two seminal works from Freud’s early and mid-career, now available as a limited edition print pair. These portraits capture intimate observation, experimentation with mirrors, and the artist’s enduring pursuit of truth.","Two seminal works by Lucian Freud become a pair of new limited edition prints from his Estate.

These two portraits trace Lucian Freud’s enduring commitment to painting from life, affirming his belief that truth in painting could only emerge through prolonged, repeated encounters with the living body. Girl in Bed, 1953 portrays Lady Caroline Blackwood with Freud’s signature intensified features, while Reflection with Two Children marks a pivotal moment of experimentation when the artist used mirrors to paint his own image, decorated by portraits of his children.

Created with Lucian Freud Estate at Make-Ready, our London print house, this pair of limited edition prints on 310gsm Hahnemühle German Etching paper faithfully captures the psychological depth of Freud's original oils.

These prints are two of four limited editions celebrating Freud's portraiture from 1953 to 2002.","Authenticated with a bespoke debossed Lucian Freud Archive stamp (lower right corner).","Archival pigment print on 310gsm Hahnemühle German Etching paper.","","","Girl in Bed, 1953: Edition of 80 / Reflection with Two Children (Self-portrait), 1965: Edition of 55","Prints can be ordered float-mounted in one of three framing options:"
156636014403813,"Shirin Neshat  - Untitled from Women of Allah series, 1994 by Shirin Neshat.",15831337075070,"/products/shirin-neshat-untitled-from-women-of-allah-series-1994","https://avantarte.com/products/shirin-neshat-untitled-from-women-of-allah-series-1994","2026-09-14T13:01:22.919000","2026-04-01T14:43:19.579000","","","","[""print""]","","","","Collect a new limited edition print from a defining series by Iranian artist Shirin Neshat, crafted in close collaboration with the artist using silkscreen calligraphy layers.","Shirin Neshat revisits a defining body of work in this new limited edition print.

Women of Allah (1993-1997) is the seminal series that introduced Shirin to an international audience. Created after her return to Iran in 1990 following seventeen years in exile, the striking black-and-white photographs challenge Western perceptions of Muslim women while bearing witness to women's lives in Iran and in exile.

This new edition reworks an iconic photograph from the series with additional silkscreen layers of handwritten Farsi calligraphy. The print has been carefully crafted in close collaboration with the artist at our London fine art print studio, Make-Ready.","Signed by the artist. Individually numbered.","Archival pigment print with matte varnish seal and silkscreen calligraphy layer on Somerset Tub Sized Radiant White 410gsm paper.","","","Edition size confirmed after the 48 hour release","Prints can be ordered float-mounted or window-mounted in one of four framing options: "
133624524319798,"Lucian Freud - Girl in Bed, 1953 by Lucian Freud Estate",15745180959102,"/products/lucian-freud-girl-in-bed-1953","https://avantarte.com/products/lucian-freud-girl-in-bed-1953","2026-09-14T13:01:22.919000","2026-03-04T16:50:44.274000","","","","[""print""]","","","","Collect a coveted limited edition print from the Lucian Freud Estate, picturing a quintessential piece by the artist, Girl in Bed, 1953.","Lucian Freud Estate presents an evocative early portrait as a new limited edition print.

Girl in Bed, 1953 depicts writer Lady Caroline Blackwood in the Hôtel La Louisiane, Paris, where she and Freud stayed after eloping together. The work is an early example of Freud's dedication to close observation. This approach led to what he later described as the “involuntary magnification” of his sitters' features, as seen in Blackwood's wide eyes in this piece. True to Freud's lifelong practice of working directly from life, Blackwood herself later reflected on the experience, saying: “'The results were only half me, I think – after all, it was Lucian's vision.”

This limited edition print on 310gsm Hahnemühle German Etching paper faithfully preserves the meticulous detail and psychological depth of Freud's original oil painting.

Girl in Bed, 1953 is one of four limited editions celebrating Freud's portraiture from 1953 to 2002.","Authenticated with a bespoke debossed Lucian Freud Archive stamp (lower right corner).","Archival pigment print on 310gsm Hahnemühle German Etching paper.","","","","Prints can be ordered float-mounted in one of three framing options:"
156636938798766,"Shirin Neshat  - Untitled (Chest), from Unveiling series, 1993 by Shirin Neshat.",15831337009534,"/products/shirin-neshat-untitled-chest-from-unveiling-series-1993","https://avantarte.com/products/shirin-neshat-untitled-chest-from-unveiling-series-1993","2026-09-14T13:01:22.919000","2026-03-31T18:44:53.256000","","","","[""print""]","","","","Collect a new limited edition print from a defining series by Iranian artist Shirin Neshat, crafted in close collaboration with the artist using silkscreen calligraphy layers.","Shirin Neshat revisits a defining body of work in this new limited edition print.

Unveiling (1993) is a landmark series exploring the politics of women living in Islamic countries. Through striking black-and-white photographs, Shirin challenges Western perceptions of Muslim women, integrating text from radical feminist poet Forugh Farrokhzad, a household name in Iran. Rather than criticising the veil, Shirin probes its complexity, resisting the impulse to transpose Western feminist politics onto Islamic cultures.

This edition translates Shirin's powerful uniting of photography with handwritten Farsi calligraphy. The print has been carefully crafted in close collaboration with the artist at our London fine art print studio, Make-Ready.","Signed by the artist. Individually numbered.","Archival pigment print with matte varnish seal and silkscreen calligraphy layer on Somerset Tub Sized Radiant White 410gsm paper.","","","Edition size confirmed after the 48 hour release","Prints can be ordered float-mounted or window-mounted in one of four framing options: "
136095389563904,"Mickalene Thomas - La Maison de Monet by Mickalene Thomas",15753772695934,"/products/mickalene-thomas-la-maison-de-monet","https://avantarte.com/products/mickalene-thomas-la-maison-de-monet","2026-09-14T13:01:22.919000","2026-02-08T15:31:33.095000","","","","[""print""]","","","","TBC","Mickalene Thomas unveils a new multi-layered limited edition print in which architecture and landscape intertwine.

A portrait of Monet through his house and garden, La Maison de Monet is a prime example of Mickalene's architectural compositions. Translating an original work from 2022 – a combination of photomontage, acrylic paint and rhinestone embellishment – the artwork presents home and garden as ever-shifting spaces alive with memory and change.

This limited edition print is the result of an intricate silkscreen process, featuring metallic shimmer layers alongside gloss and matte varnishes, preserving the complexity and visual richness of the original mixed-media work.","Signed by the artist. Individually numbered.","Archival pigment print on 410gsm Somerset Tub Sized Radiant White paper with 10 silkscreen layers, including CMYK silkscreen panels, silkscreen metallic shimmer, gloss varnish and a matte varnish seal.","","","","Prints can be ordered float-mounted in one of three framing options:"
156637705973819,"Shirin Neshat  - Fervor, 2000 by Shirin Neshat.",15831336943998,"/products/shirin-neshat-fervor-2000","https://avantarte.com/products/shirin-neshat-fervor-2000","2026-09-14T13:01:22.919000","2026-04-01T14:42:07.601000","","","","[""print""]","","","","Collect a new limited edition print based on a two-channel film installation shot in Marrakech by Iranian artist Shirin Neshat. crafted in close collaboration with the artist using silkscreen calligraphy layers.","Shirin Neshat transforms a powerful film installation into a new limited edition print.

Fervor (2000) is the final work in Shirin's celebrated film trilogy, following Turbulent (1998) and Rapture (1999). Shot in Marrakech, the two-channel installation centres on a single man and woman whose paths briefly cross. Intimate and political, the film captures the restraint and intensity of forbidden desire.

This limited edition print brings together two film stills into a single composition, mirroring the work's original two-channel form. The piece has been crafted in close collaboration with the artist at our London fine art print studio, Make-Ready.","Signed by the artist. Individually numbered.","Archival pigment print on Hahnemühle Photo Rag Bright White 310gsm paper.","","","Edition size confirmed after the 48 hour release","Prints can be ordered float-mounted or window-mounted in one of four framing options: "
213587045730341,"Maurizio Cattelan - La Nona Ora by Maurizio Cattelan",16062898733438,"/products/la-nona-ora-plinth","https://avantarte.com/products/la-nona-ora-plinth","2026-09-14T13:01:22.919000","2026-08-27T12:59:34.851000","","","","[""sculpture""]","","","","Collect a limited edition sculpture of one of Maurizio Cattelan’s most scandalous works. The satirical work, which casts the most powerful figure in Catholicism as suddenly mortal and powerless, divided the art world and beyond.","A bespoke display plinth, designed to accompany the La Nona Ora sculpture edition.

Handcrafted in wood with a cushioned red textile inlay, the plinth echoes the bright red carpet of Cattelan's original 1999 installation, offering collectors an elevated way to display and present their sculpture.","No authentication","Bespoke wooden display plinth with cushioned red textile inlay.","","","",""
158362817573098,"Shirin Neshat  - Untitled, from Unveiling series, 1993 & Fervor, 2000 by Shirin Neshat.",15835983806846,"/products/shirin-neshat-untitled-from-unveiling-series-1993-fervor-2000-pair","https://avantarte.com/products/shirin-neshat-untitled-from-unveiling-series-1993-fervor-2000-pair","2026-09-14T13:01:22.919000","2026-04-01T14:43:41.760000","","","","[""print""]","","","","Collect a limited edition signed print by Shirin Neshat.","Shirin Neshat brings together two pivotal bodies of work in this new limited edition print duo.

Untitled, from Unveiling series, 1993 is part of Women of Allah (1993-1997), the seminal series that Neshat created after her return to Iran in 1990 following seventeen years in exile. This new edition is reworked with hand-finished layers by the artist.

Fervor, 2000 is an intimate and political film installation, tracing the forbidden desire between a man and woman whose paths briefly cross. This print brings together two film stills into a single composition, mirroring the work's original two-channel form.

Both pieces in the pair have been carefully crafted in close collaboration with the artist at our London fine art print studio, Make-Ready.","Signed by the artist. Individually numbered.","Archival pigment print with matte varnish seal and silkscreen calligraphy layer on Somerset Tub Sized Radiant White 410gsm paper.

Archival pigment print on Hahnemühle Photo Rag Bright White 310gsm paper.","","","Edition size confirmed after the 48 hour release","Prints can be ordered float-mounted in one of four framing options: "
136093768068014,"Mickalene Thomas - Portrait of Qusuquzah #8 by Mickalene Thomas",15753772761470,"/products/mickalene-thomas-portrait-of-qusuquzah-8","https://avantarte.com/products/mickalene-thomas-portrait-of-qusuquzah-8","2026-09-14T13:01:22.919000","2026-02-16T12:00:14.544000","","","","[""print""]","","","","TBC","Mickalene Thomas presents a shimmering, richly layered limited edition print of a signature portrait.

Portrait of Qusuquzah #8, created in 2008, captures the distinctive power of Mickalene’s portraiture: a unique ability to hold multitudes. The figure commands attention without asking for it, decorated yet self-sufficient, wholly present, fully herself. This complexity – unapologetic and irreducible – is a singular expression of the confidence and layered identity that runs throughout the artist’s practice.

This limited edition print is the result of an intricate silkscreen process, featuring metallic shimmer layers alongside gloss and matte varnishes, amplifying the intricate textures central to Mickalene’s renowned aesthetic.","Signed by the artist. Individually numbered.","Archival pigment print on 410gsm Somerset Tub Sized Radiant White paper with 6 silkscreen layers, including metallic shimmer layers, gloss varnish and a matte varnish seal.","","","","Prints can be ordered float-mounted in one of three framing options:"
159112865488042,"Josef Albers - Homage to the Square, 1971 (yellow) by Josef Albers",15838224384382,"/products/josef-albers-homage-to-the-square-yellow","https://avantarte.com/products/josef-albers-homage-to-the-square-yellow","2026-09-14T13:01:22.919000","2026-04-14T14:45:44.343000","","","","[""print""]","","","","Collect a limited edition silkscreen print by Josef Albers, drawn from his exploration of colour relationships and perception, developed through his seminal Homage to the Square series.","The seminal series Homage to the Square by Josef Albers becomes a new silkscreen print.

One of the most influential artists of the 20th century, Josef began his practice at the Bauhaus art school in Berlin, where he became a key figure in its visual culture. Forced to flee Nazi Germany in 1933, he and his wife Anni emigrated to the United States, where their work helped reshape the language of modern art. As a professor at Yale, Josef became a pioneering figure in colour theory, with his painting practice shaped by his seminal book Interaction of Color.

Produced in close collaboration with the Josef and Anni Albers Foundation, this fundraising edition has been made with the greatest care to honour the precision and chromatic clarity that define his legacy. The release fundraises for  Bët-bi – a new museum, culture and community centre in Senegal, developed by the Josef and Anni Albers Foundation and Le Korsa.

This reproduction of Homage to the Square, (Yellow) is authorised by, and has been produced under license from, The Josef and Anni Albers Foundation and is part of a finite edition of 250 authorised reproductions.","Authenticated with a bespoke embossed Josef & Anni Albers Foundation stamp.","3 colour silkscreen print on 410gsm Somerset Tub Sized Satin White paper.","","","","Prints can be ordered float-mounted in one of three framing options: "
133623117707050,"Lucian Freud - Reflection with Two Children (Self-Portrait), 1965 by Lucian Freud Estate",15745179976062,"/products/lucian-freud-reflection-with-two-children-self-portrait-1965","https://avantarte.com/products/lucian-freud-reflection-with-two-children-self-portrait-1965","2026-09-14T13:01:22.919000","2026-03-04T16:51:00.534000","","","","[""print""]","","","","Collect a coveted limited edition print from the Lucian Freud Estate, picturing a quintessential piece by the artist, Reflection with Two Children (Self-Portrait), 1965.","One of Lucian Freud’s earliest self-portraits becomes a new limited edition print from his Estate.

Reflection with Two Children (Self-Portrait), 1965 represents a breakthrough moment when Freud began experimenting with dual mirrors to create complex, disorienting compositions. The painting shows the artist twisting his body to study his own reflection in a mirror positioned on the floor, his concentrated gaze nodding to the physical effort required to paint himself in this position. Two small portraits of his children, Rose and Ali, appear in the lower corner, inspired by an ancient Egyptian tomb sculpture, Statue of Seneb and his Family.

This limited edition print on 310gsm Hahnemühle German Etching paper faithfully reproduces the textured brushwork of Freud's original oil painting, showcasing his unflinching exploration of self-perception.

Reflection with Two Children (Self-Portrait), 1965 is one of four limited editions celebrating Freud's portraiture from 1953 to 2002.","Authenticated with a bespoke debossed Lucian Freud Archive stamp (lower right corner).","Archival pigment print on 310gsm Hahnemühle German Etching paper.","","","","Prints can be ordered float-mounted in one of three framing options:"
136445534580018,"Lucian Freud - Double Portrait, 1988-90 & Self Portrait (Reflection), 2002",15753773318526,"/products/lucian-freud-double-portrait-1988-90-self-portrait-reflection-2002","https://avantarte.com/products/lucian-freud-double-portrait-1988-90-self-portrait-reflection-2002","2026-09-14T13:01:22.919000","2026-03-04T16:50:02.837000","","","","[""print""]","","","","Two mature masterpieces in a limited edition print pair, reflecting Freud’s later practice: slow, highly physical observation, psychological intensity, and profound self-scrutiny.","Two mature masterpieces by Lucian Freud become a pair of new limited edition prints from his Estate.

These two portraits belong to Freud’s later period, marked by dense impasto and bodily presence. Double Portrait, 1988-90 captures a tender moment between the sitter and the family dog Pluto, their poses revealing the hours of stillness required for Freud’s demanding painting-from-life process. Self Portrait (Reflection), 2002 shows the artist aged 70 at the height of his creative powers, often working into the small hours of the night during this period.

Created with Lucian Freud Estate at Make-Ready, our London print house, this pair of limited edition prints on 310gsm Hahnemühle German Etching paper faithfully captures the psychological depth of Freud's original oils.

These prints are two of four limited editions celebrating Freud's portraiture from 1953 to 2002.","Authenticated with a bespoke debossed Lucian Freud Archive stamp (lower right corner).","Archival pigment print on 310gsm Hahnemühle German Etching paper.","","","Double Portrait, 1988-90: Edition of 63 / Self-portrait, Reflection, 2002: Edition of 48","Prints can be ordered float-mounted in one of three framing options:"
133625622315993,"Lucian Freud - Self-Portrait (Reflection), 2002 by Lucian Freud Estate",15745180893566,"/products/lucian-freud-self-portrait-reflection-2002","https://avantarte.com/products/lucian-freud-self-portrait-reflection-2002","2026-09-14T13:01:22.919000","2026-03-04T16:50:24.972000","","","","[""print""]","","","","Collect a coveted limited edition print from the Lucian Freud Estate, picturing a quintessential piece by the artist, Self-Portrait (Reflection).","A self-portrait from Lucian Freud’s mature period becomes a striking new limited edition print from his Estate.

Self-Portrait (Reflection), 2002 is one of numerous revered self-portraits Freud created throughout his career. Aged 70, he made the oil painting amidst a period of extraordinary creative energy, known to work into the small hours of the night well into his late seventies. The piece exemplifies the scrupulous honesty and psychological depth he brought to all his subjects, including himself. Harnessing his technique of “maximum observation”, Freud captures himself with remarkable vitality with his signature dappled skin-tones and meticulous approach to light.

This limited edition print on 310gsm Hahnemühle German Etching paper faithfully captures the luminous quality and psychological intensity of Freud's original oil painting.

Self-Portrait (Reflection), 2002 is one of four limited editions celebrating Freud's portraiture from 1953 to 2002.","Authenticated with a bespoke debossed Lucian Freud Archive stamp (lower right corner).","Archival pigment print on 310gsm Hahnemühle German Etching paper.","","","","Prints can be ordered float-mounted in one of three framing options:"
122946508360354,"Pejac - SELF-DEFENCE (Special Editions) by Pejac",15712472760702,"/products/pejac-self-defence-1am-special-edition","https://avantarte.com/products/pejac-self-defence-1am-special-edition","2026-09-14T13:01:22.919000","2026-01-12T08:57:55.150000","","","","[""print""]","","","","Collect a new hand-finished silkscreen print by Spanish artist Pejac: a series composed of 12 works depicting a single day in the life of an icebreaker ship, circling endlessly through a frozen polar landscape. ","This hand-finished, glow-in-the-dark edition forms part of Pejac’s ambitious new project, SELF-DEFENCE.

Translating 12 original paintings by the artist, the series depicts a day in the life of an icebreaker ship, circling endlessly through a frozen polar landscape. The icebreaker moves counterclockwise, representing a countdown. Each print represents a different hour of the day, as the vessel traces its path like a hand on an imaginary clock.

This glow-in-the-dark special edition of the 28-colour silkscreen features a hand-finished beam of light from the ship’s bow and a luminescent Aurora Borealis – applied by Pejac at his studio in Madrid to each individual print using spray and stencil techniques. Edition one of three also includes a hand-finished submerged ship, available via draw entry from 2 February to 6 February.

The team at Make-Ready, our specialist fine art print studio in London, have translated the artist’s original works to a result the artist described as the “highest possible level of fidelity and detail, achieved thanks to the exceptional technical work, meticulous adjustments and absolute precision at every stage.”

Discover the collaboration.","Signed by the artist. Individually numbered.","28 colour silkscreen on Somerset Tub Sized Radiant White 410gsm, with luminescent and acrylic hand-painted details.","","","","Prints can be ordered float-mounted in one of three framing options:"
122958678969877,"Pejac - SELF-DEFENCE (Set of 3 Handfinished) by Pejac",15712468533630,"/products/pejac-self-defence-sets-of-3","https://avantarte.com/products/pejac-self-defence-sets-of-3","2026-09-14T13:01:22.919000","2026-01-05T11:30:54.269000","","","","[""print""]","","","","Collect a new hand-finished silkscreen print by Spanish artist Pejac: a series composed of 12 works depicting a single day in the life of an icebreaker ship, circling endlessly through a frozen polar landscape. ","This hand-selected trio of silkscreen prints forms part of Pejac’s ambitious new project, SELF-DEFENCE.

Translating 12 original paintings by the artist, the series depicts a day in the life of an icebreaker ship, circling endlessly through a frozen polar landscape. The icebreaker moves counterclockwise, representing a 12-hour countdown. Each print represents a different hour of the day, as the vessel traces its path like a hand on an imaginary clock.

For this set, the artist has hand-selected a trio of prints. These glow-in-the-dark special editions of the 28-colour silkscreen feature a hand-finished beam of light from the ship’s bow and a luminescent Aurora Borealis – applied in Pejac's studio in Madrid to each individual print using spray and stencil techniques. Each edition in the set also features polar bears crossing in varying positions across the 12 images, making every set completely unique, available via draw entry from 2 February to 6 February.

The team at Make-Ready, our specialist fine art print studio in London, have translated the artist’s original works to a result the artist described as the “highest possible level of fidelity and detail, achieved thanks to the exceptional technical work, meticulous adjustments and absolute precision at every stage.”

Discover the collaboration.","Signed by the artist. Individually numbered.","Special edition: 28 colour silkscreen on Somerset Tub Sized Radiant White 410gsm, with luminescent and acrylic hand-painted details. 
Standard editions: 28 colour silkscreen on Somerset Tub Sized Radiant White 410gsm","","","Each of the 24 sets of three comprises one hand-finished edition (from the special edition of three) and two silkscreen prints (from the edition of 25).","Prints can be ordered float-mounted in one of three framing options:"
146388147238917,"Grant Riven Yun - High Fly Over the Valley by Grant Riven Yun",15788743065982,"/products/grant-riven-yun-high-fly-over-the-valley","https://avantarte.com/products/grant-riven-yun-high-fly-over-the-valley","2026-09-14T13:01:22.919000","2026-02-27T11:32:34.575000","","","","[""nft""]","","","","Collect Grant Riven Yun’s first-ever limited edition silkscreen print. Translating his highly sought-after digital landscapes into analogue form. ","Grant Riven Yun releases his first-ever limited edition silkscreen print.

High Fly Over the Valley marks a pivotal moment in the artist’s practice, translating his sought-after digital landscapes into a meticulously crafted analogue print. Rooted in visual traditions that predate the digital age, the work draws inspiration from 1920s Precisionist painters who reduced American landscapes to geometric form and negative space. Grant describes his own approach as ‘Neo-Precisionism’. Working from photographs, he distils landscapes into powerful hard-edged compositions, using a limited colour palette that invites viewers to fill in the gaps with their own memories.

This 27 colour silkscreen print is hand-pulled in 48 layers to capture the intricate depth of Grant’s digital landscapes. Each print in this edition is paired with a corresponding NFT.","Signed by the artist. Individually numbered.","27 colour silkscreen print, printed in 48 layers on 410gsm Somerset Tub Sized paper.","","","","Prints can be ordered float-mounted in one of three framing options:"
158366524561460,"Shirin Neshat  - Untitled from Women of Allah series, 1994 & Untitled (Chest), from Unveiling series, 1993 by Shirin Neshat.",15835983839614,"/products/shirin-neshat-untitled-from-women-of-allah-series-1994-untitled-chest-from-unveiling-series-1993-pair","https://avantarte.com/products/shirin-neshat-untitled-from-women-of-allah-series-1994-untitled-chest-from-unveiling-series-1993-pair","2026-09-14T13:01:22.919000","2026-04-01T14:43:05.856000","","","","[""print""]","","","","Collect a limited edition signed print by Shirin Neshat.","Shirin Neshat returns to her most iconic series in this new pair of limited edition prints.

Untitled from Women of Allah series, 1994 and Untitled (Chest), from Unveiling series, 1993 are both part of Women of Allah (1993-1997), the seminal series that introduced Neshat to an international audience. Created after her return to Iran in 1990 following seventeen years in exile, the striking black-and-white photographs challenge Western perceptions of Muslim women while bearing witness to women’s lives in Iran and in exile.

This new edition reworks both artworks with additional layers of handwritten Farsi calligraphy, combining Neshat’s signature pairing of photography and text. Both prints have been carefully crafted in close collaboration with the artist at our London fine art print studio, Make-Ready.","Signed by the artist. Individually numbered.","Archival pigment print with matte varnish seal and silkscreen calligraphy layer on Somerset Tub Sized Radiant White 410gsm paper.","","","Edition size confirmed after the 48 hour release","Prints can be ordered float-mounted in one of four framing options: "
133227020884520,"Em Cooper - In the Middle of a Dream by Em Cooper",15737796231550,"/products/em-cooper-in-the-middle-of-a-dream","https://avantarte.com/products/em-cooper-in-the-middle-of-a-dream","2026-09-14T13:01:22.919000","2026-02-06T11:30:51.773000","","","","[""print""]","","","","Collect a limited edition print featuring nine stills from Cooper's Grammy award-winning  acclaimed oil-painted Beatles animation for I'm Only Sleeping, created with over 1,300 hand-painted frames.","Em Cooper transforms her Grammy-winning Beatles animation into a new limited edition print.

In the Middle of a Dream brings together nine stills featuring all members of The Beatles from Em Cooper's 2022 music video for a special release of the 1966 song, I'm Only Sleeping.

The hand-painted film is composed of more than 1,300 individual oil paintings, blending glimpsed moments of Beatles history with undulating sequences that perfectly match the warm, introspective quality of the song. The film was named Best Music Video at the 2024 Grammys.","Signed by the artist and individually numbered, with an authentication stamp featuring The Beatles’ iconic Apple logo.","13-layer textured archival pigment print with matte varnish seal. Printed on Somerset TS White 410gsm paper.","","","","Prints can be ordered float-mounted in one of three framing options:"
136775790972306,"Mickalene Thomas - Girlfriends & Lovers, Portrait of Qusuquzah #8, A Moment’s Pleasure #2, La Maison de Monet by Mickalene Thomas",15753772663166,"/products/mickalene-thomas-girlfriends-lovers-portrait-of-qusuquzah-8-a-moment-s-pleasure-2-la-maison-de-monet","https://avantarte.com/products/mickalene-thomas-girlfriends-lovers-portrait-of-qusuquzah-8-a-moment-s-pleasure-2-la-maison-de-monet","2026-09-14T13:01:22.919000","2026-02-20T10:37:20.360000","","","","[""print""]","","","","TBC","This quartet of limited edition prints presents four seminal works by Mickalene Thomas in a single, unified collection.

Spanning portraiture to interior spaces, each connected to personal memory, the selection traces key themes across the artist’s practice: intimacy, self-representation, ornamentation and the reclamation of Black femme beauty. From the serene gaze of Portrait of Qusuquzah #8 to the layered architectural space of La Maison de Monet, the works collectively reflect Mickalene’s unapologetic, celebratory vision and her enduring impact on contemporary art.

Each print is realised with intricate silkscreen layering, metallic shimmer details, gloss varnish and a matte varnish seal, ensuring consistency, depth and textual richness across the full quartet.","Signed by the artist. Individually numbered.","Archival pigment print on 410gsm Somerset Tub Sized Radiant White paper with  6 - 10 silkscreen layers, including metallic shimmer layers, gloss varnish and a matte varnish seal.","","","Girlfriends & Lovers - Edition of 283 / A Moment's Pleasure - Edition of 568 / La Maison de Monet - Edition of 206 / Portrait of Qusuquzah #8 - Edition of 99","Prints can be ordered float-mounted in one of three framing options:"
158376380842067,"Shirin Neshat  - A quartet of limited edition prints by Shirin Neshat.",15835983741310,"/products/shirin-neshat-set-of-4","https://avantarte.com/products/shirin-neshat-set-of-4","2026-09-14T13:01:22.919000","2026-04-01T14:43:54.825000","","","","[""print""]","","","","Collect a limited edition print set by Shirin Neshat. ","Shirin Neshat’s new curated selection of limited edition prints spans two decades of her most celebrated work.

Three works originate from Women of Allah (1993–1997), the series that introduced Neshat to an international audience. Created after her return to Iran in 1990 following seventeen years in exile, the stark black-and-white photographs are layered with handwritten Farsi calligraphy, challenging Western perceptions of Muslim women while bearing witness to women’s lives in Iran and in exile.

The fourth work, Fervor, 2000, is drawn from Neshat’s celebrated film trilogy. Capturing a fleeting encounter between a man and a woman, it explores the restraint and intensity of forbidden desire. Each print has been carefully crafted in close collaboration with the artist at our London fine art print studio, Make-Ready.

Together, these works trace the central themes of Neshat’s practice – gender, power, faith, and political identity. Each print has been carefully crafted in close collaboration with the artist at our London fine art print studio, Make-Ready.","Signed by the artist. Individually numbered.","Archival pigment print with matte varnish seal and silkscreen calligraphy layer on Somerset Tub Sized Radiant White 410gsm paper.

Archival pigment print on Hahnemühle Photo Rag Bright White 310gsm paper.","","","Edition size confirmed after the 48 hour release","Prints can be ordered float-mounted in one of three framing options: "
136791255080661,"Mickalene Thomas - La Maison de Monet & Portrait of Qusuquzah #8 by Mickalene Thomas",15753772597630,"/products/mickalene-thomas-la-maison-de-monet-and-portrait-of-qusuquzah-8","https://avantarte.com/products/mickalene-thomas-la-maison-de-monet-and-portrait-of-qusuquzah-8","2026-09-14T13:01:22.919000","2026-02-20T10:38:37.653000","","","","[""print""]","","","","TBC","Mickalene Thomas brings together two defining strands of her practice in a limited edition print set.

This pairing unites La Maison de Monet (2022) – an architectural composition where home and garden blur into ever-shifting spaces – with Portrait of Qusuquzah #8 (2008), a signature portrait that captures unapologetic complexity and layered identity. Together, they showcase the range and visual richness that have established Thomas as one of contemporary art's most distinctive voices.

Each print is crafted with an intricate silkscreen process, featuring metallic shimmer layers alongside gloss and matte varnishes that preserve the complexity of Thomas's celebrated mixed-media aesthetic.","Signed by the artist. Individually numbered.","Archival pigment print on 410gsm Somerset Tub Sized Radiant White paper with  6 - 10 silkscreen layers, including metallic shimmer layers, gloss varnish and a matte varnish seal.","","","La Maison de Monet - Edition of 206 / Portrait of Qusuquzah #8 - Edition of 99","Prints can be ordered float-mounted in one of three framing options:"
156633484154019,"Shirin Neshat  - Untitled, from Unveiling series, 1993 by Shirin Neshat",15831337107838,"/products/shirin-neshat-untitled-veil-from-unveiling-series-1993","https://avantarte.com/products/shirin-neshat-untitled-veil-from-unveiling-series-1993","2026-09-14T13:01:22.919000","2026-04-01T14:44:14.119000","","","","[""print""]","","","","Collect a new limited edition print from a defining series by Iranian artist Shirin Neshat, crafted in close collaboration with the artist using silkscreen calligraphy layers.","Shirin Neshat revisits a defining body of work in this new limited edition print.

Unveiling (1993) is a landmark series exploring the politics of women living in Islamic countries. Through striking black-and-white photographs, Shirin challenges Western perceptions of Muslim women, integrating text from radical feminist poet Forugh Farrokhzad, a household name in Iran. Rather than criticising the veil, Shirin probes its complexity, resisting the impulse to transpose Western feminist politics onto Islamic cultures.

This new edition reworks an iconic photograph from the series with additional silkscreen layers of handwritten Farsi calligraphy. The print has been carefully crafted in close collaboration with the artist at our London fine art print studio, Make-Ready.","Signed by the artist. Individually numbered.","Archival pigment print with matte varnish seal and silkscreen calligraphy layer on Somerset Tub Sized Radiant White 410gsm paper.","","","Edition size confirmed after the 48 hour release","Prints can be ordered float-mounted or window-mounted in one of four framing options: "
159108540690119,"Josef Albers - Homage to the Square: Tap Root, 1965 by Josef Albers",15838224318846,"/products/josef-albers-homage-to-the-square-tap-root","https://avantarte.com/products/josef-albers-homage-to-the-square-tap-root","2026-09-14T13:01:22.919000","2026-04-14T16:07:41.369000","","","","[""print""]","","","","Collect a limited edition silkscreen print by Josef Albers, drawn from his exploration of colour relationships and perception, developed through his seminal Homage to the Square series.","The seminal series Homage to the Square by Josef Albers becomes a new silkscreen print.

One of the most influential artists of the 20th century, Josef began his practice at the Bauhaus art school in Berlin, where he became a key figure in its visual culture. Forced to flee Nazi Germany in 1933, he and his wife Anni emigrated to the United States, where their work helped reshape the language of modern art. As a professor at Yale, Josef became a pioneering figure in colour theory, with his painting practice shaped by his seminal book Interaction of Color.

Produced in close collaboration with the Josef and Anni Albers Foundation, this fundraising edition has been made with the greatest care to honour the precision and chromatic clarity that define his legacy.The release fundraises for  Bët-bi – a new museum, culture and community centre in Senegal, developed by the Josef and Anni Albers Foundation and Le Korsa.

This reproduction of Homage to the Square: Tap Root is authorised by, and has been produced under license from, The Josef and Anni Albers Foundation and is part of a finite edition of 250 authorised reproductions.","Authenticated with a bespoke embossed Josef & Anni Albers Foundation stamp.","3 colour silkscreen print on 410gsm Somerset Tub Sized Satin White paper.","","","","Prints can be ordered float-mounted in one of three framing options: "
123732835891187,"Maurizio Cattelan - Window by Maurizio Cattelan",15717771477374,"/products/maurizio-cattelan-window","https://avantarte.com/products/maurizio-cattelan-window","2026-09-14T13:01:22.919000","2026-01-04T19:55:17.582000","","","","[""print""]","","","","TBC","Artworld provocateur Maurizio Cattelan reimagines his legendary banana in a new limited edition print.

In 2019, at Art Basel Miami Beach, Maurizio Cattelan duct-taped a banana to a wall. It was later sold for millions. The legendary conceptual artwork, Comedian, is now a defining moment in the history of the ready-made. But as the artist explains: ""The piece was not a joke, it was a sincere commentary and a reflection on what we value"".

In 2025, Maurizio depicted the iconic artwork against hyper-realistic natural landscapes in a series of watercolour paintings titled Window, grounding his provocative symbol into a serene composition of subtly absurd beauty.

This limited edition print is based on one painting from the Window series. It was created in close collaboration with the artist at our specialist fine art print studio, Make-Ready, with four added silkscreen layers and a matte varnish seal.","Signed by the artist. Individually numbered.","Archival pigment print on 410gsm Somerset Tub Sized Radiant White paper, with 4 silkscreen layers and matte varnish seal.","","","","We offer custom framing for every edition, with a curated selection of three wooden finishes, each chosen for their versatility across styles, spaces and mediums. 

Prints can be ordered float-mounted in one of three framing options:"
136091604176811,"Mickalene Thomas - Girlfriends & Lovers by Mickalene Thomas",15753772794238,"/products/mickalene-thomas-girlfriends-lovers","https://avantarte.com/products/mickalene-thomas-girlfriends-lovers","2026-09-14T13:01:22.919000","2026-02-20T10:32:39.717000","","","","[""print""]","","","","TBC","Mickalene Thomas presents a shimmering, richly layered limited edition print of a signature group portrait.

Girlfriends & Lovers, the original of which was created in 2010, exemplifies the artist's trademark fusion of portraiture, pattern and art-historical references. Drawing on 1970s pop culture, interior design and classical group portraiture, the composition reclaims Black femininity through Mickalene's unique, intimate and unapologetic gaze.

This limited edition print is the result of an intricate silkscreen process, with metallic shimmer layers alongside gloss and matte varnishes, carefully calibrated to echo the bold texture of the original artwork made from acrylic, enamel and rhinestone.","Signed by the artist. Individually numbered.","Archival pigment print on 410gsm Somerset Tub Sized Radiant White paper with 8 silkscreen layers, including metallic shimmer layers, gloss varnish and a matte varnish seal.","","","","Prints can be ordered float-mounted in one of three framing options:"
139931787506121,"Jeff Koons - Split-Rocker (Wood) Pink/Blue by Jeff Koons",15764668481918,"/products/jeff-koons-split-rocker-wood-pink-blue","https://avantarte.com/products/jeff-koons-split-rocker-wood-pink-blue","2026-09-14T13:01:22.919000","2026-02-09T16:01:42.434000","","","","[""sculpture""]","","","","Collect a new limited edition by art world sensation Jeff Koons, reimagining a towering public sculpture of the same name into an intimate wood collectable.","Jeff Koons reimagines his spectacular floral public artwork as a new limited edition Split-Rocker.

This edition is based on Split-Rocker, a towering ‘living’ sculpture that merges two children’s toys – a rocking horse and a rocking dinosaur. First exhibited in 2000, the original 37-foot stainless steel structure is covered with over 50,000 flowering plants that are cultivated by a dedicated team. The latest of these monumental sculptures is currently installed at LACMA, which this release supports.

The work came about when Jeff imagined combining his son's toy pony with a dinosaur rocker, back in the ‘90s, fusing them into a single whimsical form. This playful hybrid exemplifies the artist’s signature approach: elevating everyday objects and childhood nostalgia into art that captivates audiences worldwide.

The limited edition is made from tinted beech wood, distilling the spirit of Jeff's monumental sculpture into a collectable piece of warmth and playfulness. Each is individually numbered and features an engraved signature. This is an early access release of 333 of 999 at an introductory price. The remaining editions launch later this year.","Edition number and artist signature engraved on base.","Tinted beech wood sculpture.","","","",""
136792778580070,"Mickalene Thomas - Girlfriends & Lovers & A Moments Pleasure #2 by Mickalene Thomas",15753772630398,"/products/mickalene-thomas-girlfriends-lovers-and-a-moments-pleasure-2","https://avantarte.com/products/mickalene-thomas-girlfriends-lovers-and-a-moments-pleasure-2","2026-09-14T13:01:22.919000","2026-02-20T10:38:03.824000","","","","[""print""]","","","","TBC","Mickalene Thomas brings together two intimate portraits in a new limited edition print set.

This pairing unites Girlfriends & Lovers (2010) – a signature group portrait drawing on 1970s pop culture and classical painting – with A Moment's Pleasure #2 (2008) , a double portrait depicting two women at ease in their home. Together, the two works showcase the power of intimacy as the quiet accumulation of everyday life, capturing the unapologetic gaze and layered warmth central to Mickalene's celebrated practice.

Each print is crafted with an intricate silkscreen process, featuring metallic shimmer layers alongside gloss and matte varnishes that embody the rich patterns and textures of the original multi-media works.","Signed by the artist. Individually numbered.","Archival pigment print on 410gsm Somerset Tub Sized Radiant White paper with  8 - 10 silkscreen layers, including metallic shimmer layers, gloss varnish and a matte varnish seal.","","","Girlfriends & Lovers - Edition of 283 / A Moment's Pleasure - Edition of 568","Prints can be ordered float-mounted in one of three framing options:"
133231248531447,"Em Cooper - Early in the Morning by Em Cooper",15737796723070,"/products/em-cooper-early-in-the-morning","https://avantarte.com/products/em-cooper-early-in-the-morning","2026-09-14T13:01:22.919000","2026-02-06T11:31:07.381000","","","","[""print""]","","","","Collect a limited edition print featuring nine stills from Cooper's Grammy award-winning acclaimed oil-painted Beatles animation for I'm Only Sleeping, created with over 1,300 hand-painted frames.","Em Cooper transforms her Grammy award-winning Beatles animation into a new limited edition print.

Early in the Morning brings together nine stills of John Lennon's morning routine from the opening sequence of Em Cooper's 2022 music video for a special release of the 1966 song, I'm Only Sleeping.

The hand-painted film is composed of more than 1,300 individual oil paintings, blending glimpsed moments of Beatles history with undulating sequences that perfectly match the warm, introspective quality of the song. The film was named Best Music Video at the 2024 Grammys.","Signed by the artist and individually numbered, with an authentication stamp featuring The Beatles’ iconic Apple logo.","13-layer textured archival pigment print with matte varnish seal. Printed on Somerset TS White 410gsm paper.","","","","Prints can be ordered float-mounted in one of three framing options:"
139928814309473,"Jeff Koons - Split-Rocker (Wood) Pink/Orange by Jeff Koons",15764668449150,"/products/jeff-koons-split-rocker-wood-pink-orange","https://avantarte.com/products/jeff-koons-split-rocker-wood-pink-orange","2026-09-14T13:01:22.919000","2026-01-31T09:41:20.653000","","","","[""sculpture""]","","","","Collect a new limited edition by art world sensation Jeff Koons, reimagining a towering public sculpture of the same name into an intimate wood collectable.","Jeff Koons reimagines his spectacular floral public artwork as a new limited edition Split-Rocker.

This edition is based on Split-Rocker, a towering ‘living’ sculpture that merges two children’s toys – a rocking horse and a rocking dinosaur. First exhibited in 2000, the original 37-foot stainless steel structure is covered with over 50,000 flowering plants that are cultivated by a dedicated team. The latest of these monumental sculptures is currently installed at LACMA, which this release supports.

The work came about when Jeff imagined combining his son's toy pony with a dinosaur rocker, back in the ‘90s, fusing them into a single whimsical form. This playful hybrid exemplifies the artist’s signature approach: elevating everyday objects and childhood nostalgia into art that captivates audiences worldwide.

The limited edition is made from tinted beech wood, distilling the spirit of Jeff's monumental sculpture into a collectable piece of warmth and playfulness. Each is individually numbered and features an engraved signature. This is an early access release of 333 of 999 at an introductory price. The remaining editions launch later this year.","Edition number and artist signature engraved on base.","Tinted beech wood sculpture.","","","",""
159100436140349,"Josef Albers - Study for Homage to the Square, 1967 by Josef Albers",15838224286078,"/products/josef-albers-study-for-homage-to-the-square","https://avantarte.com/products/josef-albers-study-for-homage-to-the-square","2026-09-14T13:01:22.919000","2026-04-14T16:09:16.021000","","","","[""print""]","","","","Collect a limited edition silkscreen print by Josef Albers, drawn from his exploration of colour relationships and perception, developed through his seminal Homage to the Square series.","The seminal series Homage to the Square by Josef Albers becomes a new silkscreen print.

One of the most influential artists of the 20th century, Josef began his practice at the Bauhaus art school in Berlin, where he became a key figure in its visual culture. Forced to flee Nazi Germany in 1933, he and his wife Anni emigrated to the United States, where their work helped reshape the language of modern art. As a professor at Yale, Josef became a pioneering figure in colour theory, with his painting practice shaped by his seminal book Interaction of Color.

Produced in close collaboration with the Josef and Anni Albers Foundation, this fundraising edition has been made with the greatest care to honour the precision and chromatic clarity that define his legacy. The release fundraises for  Bët-bi – a new museum, culture and community centre in Senegal, developed by the Josef and Anni Albers Foundation and Le Korsa. 

This reproduction of Study for Homage to the Square is authorised by, and has been produced under license from, The Josef and Anni Albers Foundation and is part of a finite edition of 250 authorised reproductions.","Authenticated with a bespoke embossed Josef & Anni Albers Foundation stamp.","4 colour silkscreen print on 410gsm Somerset Tub Sized Satin White paper.","","","","Prints can be ordered float-mounted in one of three framing options: "
133620616140186,"Lucian Freud - Double Portrait, 1988-90 by Lucian Freud Estate",15745180008830,"/products/lucian-freud-double-portrait-1988-90","https://avantarte.com/products/lucian-freud-double-portrait-1988-90","2026-09-14T13:01:22.919000","2026-03-04T16:51:11.847000","","","","[""print""]","","","","Collect a coveted limited edition print from the Lucian Freud Estate, picturing a quintessential piece by the artist, Double Portrait, 1988-90.","A new limited edition print from Lucian Freud Estate shares an intimate moment of companionship.

Double Portrait, 1988-1990 depicts one of the British painter’s regular sitters, alongside the Freud family dog, Pluto. The sitter's awkward pose and restraining hand, combined with Pluto's poised-to-flee paws, reveal the hours of stillness required by Freud's incredibly slow painting-from-life process. With his signature thick brushwork and careful attention to light and shadow, Freud renders this quiet moment both tender and psychologically charged – a hallmark of his legacy, revered as one of the great modern masters of portrait painting.

This limited edition print on 310gsm Hahnemühle German Etching paper faithfully captures the textural depth and expressive quality of Freud's original oil painting, preserving the intricate interplay of light across skin and fabric.

Double Portrait, 1988-1990 is one of four limited editions celebrating Freud's portraiture from 1953 to 2002.","Authenticated with a bespoke debossed Lucian Freud Archive stamp (lower right corner).","Archival pigment print on 310gsm Hahnemühle German Etching paper.","","","","Prints can be ordered float-mounted in one of three framing options:"
137170284976650,"Maurizio Cattelan - We Are the Revolution (Gold) by Maurizio Cattelan",15757196362110,"/products/maurizio-cattelan-we-are-the-revolution-gold","https://avantarte.com/products/maurizio-cattelan-we-are-the-revolution-gold","2026-09-14T13:01:22.919000","2026-02-10T08:45:31.819000","","","","[""sculpture""]","","","","Collect a special new limited edition sculpture, the latest in the artist’s series of revered miniatures. “If you never thought you would be able to hang my effigy in your home, that makes two of us.”","Maurizio Cattelan unveils a rare, hand-painted sculpture edition of an iconic self-portrait.

We Are the Revolution (Gold Rush) reimagines our previous We Are the Revolution collaboration as a demonic special edition of just 14. For the limited gold version, the artist has personally painted the eyes in red on each, making this satirical self-portrait paradoxically intimate.

This special edition is also distinguished by its presentation: each sculpture comes encased in a bespoke, coffin-like box, lined in fabric and finished with gold-painted detailing. The box becomes a theatrical stage for the work, amplifying the artist’s signature dark humour.","Handwritten edition number on reverse.","Individually hand-painted resin sculpture, mounted on a single nail, with eyes hand-painted in red by the artist. Comes with a bespoke, coffin-like box featuring a fabric lining and gold-painted details.","","","",""
139932962550221,"Jeff Koons - Split-Rocker (Wood) Pink/Blue & Split-Rocker (Wood) Pink/Orange by Jeff Koons",15764669006206,"/products/jeff-koons-pair-split-rocker-wood-pink-blue-pink-orange","https://avantarte.com/products/jeff-koons-pair-split-rocker-wood-pink-blue-pink-orange","2026-09-14T13:01:22.919000","2026-02-09T16:01:52.505000","","","","[""sculpture""]","","","","Collect a new limited edition duo by art world sensation Jeff Koons, reimagining a towering public sculpture of the same name into an intimate wood collectable.","Jeff Koons reimagines his spectacular floral public artwork as a new limited edition pair.

This duo edition is based on Split-Rocker, a towering ‘living’ sculpture that merges two children’s toys – a rocking horse and a rocking dinosaur. First exhibited in 2000, the original 37-foot stainless steel structure is covered with over 50,000 flowering plants that are cultivated by a dedicated team. The latest of these monumental sculptures is currently installed at LACMA, which this release supports.

The work came about when Jeff imagined combining his son's toy pony with a dinosaur rocker, back in the ‘90s, fusing them into a single whimsical form. Presented here as a pair, the two playful hybrids, crafted in tinted beech wood, exemplify the artist’s signature approach: elevating everyday objects and childhood nostalgia into art that captivates audiences worldwide.

The editions are made from tinted beech wood, distilling the playful spirit of the original full-scale sculpture. Each is individually numbered and features an engraved signature.","Edition number and artist signature engraved on base.","Tinted beech wood sculpture.","","","",""
158384087881139,"Maurizio Cattelan - Therapy by Maurzio Cattelan",15835313963390,"/products/maurizio-cattelan-therapy","https://avantarte.com/products/maurizio-cattelan-therapy","2026-09-14T13:01:22.919000","2026-04-02T13:51:39.036000","","","","[""print""]","","","","A new limited edition print by Maurizio Cattelan","Maurizio Cattelan resurrects his stolen gold toilet in a new limited edition print.

America (2016) was an 18-carat gold toilet installed in the restrooms of the Guggenheim Museum — fully functional, and open to the public. In 2019, it was stolen from Blenheim Palace in a five-minute heist involving sledgehammers and crowbars. Neither the work nor the gold has ever been recovered. Therapy revisits that object with characteristic Cattelan wit, applying hand-laid 22-carat gold leaf to bring the missing masterpiece back – at least in part.

This silkscreen print with hand-applied 22ct gold leaf is produced on Somerset Tub Sized White 310gsm paper with perforation and deckled edges, and is a fundraiser edition in support of Renaissance Society in Chicago.","Signed by the artist. Individually numbered.","Silkscreen print with hand applied 22ct gold leaf, on Somerset Tub Sized White 310gsm paper with perforation and deckled edges.","","","Edition of 500","Prints can be ordered float-mounted in one of three framing options:

"
136402498304134,"Lucian Freud - Quartet, 1952–2002",15753773580670,"/products/lucian-freud-double-portrait-1988-90-reflection-with-two-children-self-portrait-1965-girl-in-bed-1953-self-portrait-reflection-2002","https://avantarte.com/products/lucian-freud-double-portrait-1988-90-reflection-with-two-children-self-portrait-1965-girl-in-bed-1953-self-portrait-reflection-2002","2026-09-14T13:01:22.919000","2026-03-04T16:50:16.707000","","","","[""print""]","","","","Four limited edition prints spanning Freud’s career, from early intimate portraits to late self-reflection, faithfully reproducing his oil paintings’ texture, light, and psychological intensity.","Lucian Freud Estate presents four new limited edition prints, encompassing the breadth of his career as a portrait painter.

Girl in Bed, 1953 portrays Lady Caroline Blackwood with Freud’s signature intensified features, while Reflection with Two Children marks a pivotal moment of experimentation when the artist used mirrors to paint his own image, decorated by portraits of his children.

Double Portrait, 1988-90 captures a tender moment between sitter and the family dog Pluto, their poses revealing the hours of stillness required for Freud’s demanding painting-from-life process. Self Portrait (Reflection), 2002 shows the artist aged 70 at the height of his creative powers, often working into the small hours of the night during this period.

Our expert printmakers at Make-Ready closely collaborated with Lucian Freud Estate to reproduce all four original paintings, using high-resolution photography and 310gsm Hahnemühle German Etching paper.","Authenticated with a bespoke debossed Lucian Freud Archive stamp (lower right corner).","Archival pigment print on 310gsm Hahnemühle German Etching paper.","","","Girl in Bed, 1953: Edition of 80 / Reflection with Two Children (Self-portrait), 1965: Edition of 55 / Double Portrait, 1988-90: Edition of 63 / Self-portrait, Reflection, 2002: Edition of 48","Prints can be ordered float-mounted in one of three framing options:"
135712361562927,"Em Cooper - Early in the Morning & In the Middle of a Dream by Em Cooper",15753297953150,"/products/em-cooper-early-in-the-morning-in-the-middle-of-a-dream","https://avantarte.com/products/em-cooper-early-in-the-morning-in-the-middle-of-a-dream","2026-09-14T13:01:22.919000","2026-02-06T11:31:16.352000","","","","[""print""]","","","","Collect a limited edition pair of prints featuring stills from Cooper's Grammy award-winning acclaimed oil-painted Beatles animation for I'm Only Sleeping, created with over 1,300 hand-painted frames.","Em Cooper transforms her Grammy award-winning Beatles animation into a pair of limited edition prints.

This duo brings together two distinct moments from Em Cooper's 2022 music video for The Beatles' iconic 1966 song, I'm Only Sleeping. The hand-painted film is composed of more than 1,300 individual oil paintings, blending glimpsed moments of Beatles history with undulating sequences that perfectly match the warm, introspective quality of the song. The film was named Best Music Video at the 2024 Grammys.

Early in the Morning presents nine stills of John Lennon's morning routine from the opening sequence, while In the Middle of a Dream features nine stills showcasing all members of the band.","Signed by the artist and individually numbered, with an authentication stamp featuring The Beatles’ iconic Apple logo.","13-layer textured archival pigment print with matte varnish seal. Printed on Somerset TS White 410gsm paper.","","","Early in the Morning: Edition of 35 /

In the Middle of a Dream: Edition of 35","Prints can be ordered float-mounted in one of three framing options:"
159112409709705,"Josef Albers - Homage to the Square, 1971 (red) by Josef Albers",15838224351614,"/products/josef-albers-homage-to-the-square-red","https://avantarte.com/products/josef-albers-homage-to-the-square-red","2026-09-14T13:01:22.919000","2026-04-14T16:05:31.444000","","","","[""print""]","","","","Collect a limited edition silkscreen print by Josef Albers, drawn from his exploration of colour relationships and perception, developed through his seminal Homage to the Square series.","The seminal series Homage to the Square by Josef Albers becomes a new silkscreen print.

One of the most influential artists of the 20th century, Josef began his practice at the Bauhaus art school in Berlin, where he became a key figure in its visual culture. Forced to flee Nazi Germany in 1933, he and his wife Anni emigrated to the United States, where their work helped reshape the language of modern art. As a professor at Yale, Josef became a pioneering figure in colour theory, with his painting practice shaped by his seminal book Interaction of Color.

Produced in close collaboration with the Josef and Anni Albers Foundation, this fundraising edition has been made with the greatest care to honour the precision and chromatic clarity that define his legacy. The release fundraises for  Bët-bi – a new museum, culture and community centre in Senegal, developed by the Josef and Anni Albers Foundation and Le Korsa.

This reproduction of Homage to the Square, (Red) is authorised by, and has been produced under license from, The Josef and Anni Albers Foundation and is part of a finite edition of 250 authorised reproductions.","Authenticated with a bespoke embossed Josef & Anni Albers Foundation stamp.","4 colour silkscreen print on 410gsm Somerset Tub Sized Satin White paper.","","","","Prints can be ordered float-mounted in one of three framing options: "
122949657086648,"Pejac - SELF-DEFENCE (Special Editions) by Pejac",15712472891774,"/products/pejac-self-defence-3am-special-edition","https://avantarte.com/products/pejac-self-defence-3am-special-edition","2026-09-14T13:01:22.920000","2026-01-12T08:59:52.604000","","","","[""print""]","","","","Collect a new hand-finished silkscreen print by Spanish artist Pejac: a series composed of 12 works depicting a single day in the life of an icebreaker ship, circling endlessly through a frozen polar landscape. ","This hand-finished, glow-in-the-dark edition forms part of Pejac’s ambitious new project, SELF-DEFENCE.

Translating 12 original paintings by the artist, the series depicts a day in the life of an icebreaker ship, circling endlessly through a frozen polar landscape. The icebreaker moves counterclockwise, representing a 12-hour countdown. Each print represents a different hour of the day, as the vessel traces its path like a hand on an imaginary clock.

This glow-in-the-dark special edition of the 28-colour silkscreen features a hand-finished beam of light from the ship’s bow and a luminescent Aurora Borealis – applied in Pejac´s studio in Madrid to each individual print using spray and stencil techniques. Edition one of three also includes a hand-finished submerged ship, available via draw entry from 2 February to 6 February.

The team at Make-Ready, our specialist fine art print studio in London, have translated the artist’s original works to a result the artist described as the “highest possible level of fidelity and detail, achieved thanks to the exceptional technical work, meticulous adjustments and absolute precision at every stage.”

Discover the collaboration.","Signed by the artist. Individually numbered.","28 colour silkscreen on Somerset Tub Sized Radiant White 410gsm, with luminescent and acrylic hand-painted details.","","","","Prints can be ordered float-mounted in one of three framing options:"
122956938653182,"Pejac - SELF-DEFENCE (Special Editions) by Pejac",15712470794622,"/products/pejac-self-defence-10am-special-edition","https://avantarte.com/products/pejac-self-defence-10am-special-edition","2026-09-14T13:01:22.920000","2025-12-19T15:31:38.722000","","","","[""print""]","","","","Collect a new hand-finished silkscreen print by Spanish artist Pejac: a series composed of 12 works depicting a single day in the life of an icebreaker ship, circling endlessly through a frozen polar landscape. ","This hand-finished, glow-in-the-dark edition forms part of Pejac’s ambitious new project, SELF-DEFENCE.

Translating 12 original paintings by the artist, the series depicts a day in the life of an icebreaker ship, circling endlessly through a frozen polar landscape. The icebreaker moves counterclockwise, representing a 12-hour countdown. Each print represents a different hour of the day, as the vessel traces its path like a hand on an imaginary clock.

This glow-in-the-dark special edition of the 28-colour silkscreen features a hand-finished beam of light from the ship’s bow and a luminescent Aurora Borealis – applied in Pejac´s studio in Madrid to each individual print using spray and stencil techniques. Edition one of three also includes a hand-finished submerged ship, available via draw entry from 2 February to 6 February.

The team at Make-Ready, our specialist fine art print studio in London, have translated the artist’s original works to a result the artist described as the “highest possible level of fidelity and detail, achieved thanks to the exceptional technical work, meticulous adjustments and absolute precision at every stage.”

Discover the collaboration.","Signed by the artist. Individually numbered.","28 colour silkscreen on Somerset Tub Sized Radiant White 410gsm, with luminescent and acrylic hand-painted details.","","","","Prints can be ordered float-mounted in one of three framing options:"
122955067206928,"Pejac - SELF-DEFENCE (Special Editions) by Pejac",15712470630782,"/products/pejac-self-defence-7am-special-edition","https://avantarte.com/products/pejac-self-defence-7am-special-edition","2026-09-14T13:01:22.920000","2026-01-12T08:59:17.094000","","","","[""print""]","","","","Collect a new hand-finished silkscreen print by Spanish artist Pejac: a series composed of 12 works depicting a single day in the life of an icebreaker ship, circling endlessly through a frozen polar landscape. ","This hand-finished, glow-in-the-dark edition forms part of Pejac’s ambitious new project, SELF-DEFENCE.

Translating 12 original paintings by the artist, the series depicts a day in the life of an icebreaker ship, circling endlessly through a frozen polar landscape. The icebreaker moves counterclockwise, representing a 12-hour countdown. Each print represents a different hour of the day, as the vessel traces its path like a hand on an imaginary clock.

This glow-in-the-dark special edition of the 28-colour silkscreen features a hand-finished beam of light from the ship’s bow and a luminescent Aurora Borealis – applied in Pejac´s studio in Madrid to each individual print using spray and stencil techniques. Edition one of three also includes a hand-finished submerged ship, available via draw entry from 2 February to 6 February.

The team at Make-Ready, our specialist fine art print studio in London, have translated the artist’s original works to a result the artist described as the “highest possible level of fidelity and detail, achieved thanks to the exceptional technical work, meticulous adjustments and absolute precision at every stage.”

Discover the collaboration.","Signed by the artist. Individually numbered.","28 colour silkscreen on Somerset Tub Sized Radiant White 410gsm, with luminescent and acrylic hand-painted details.","","","","Prints can be ordered float-mounted in one of three framing options:"
122954531261659,"Pejac - SELF-DEFENCE (Special Editions) by Pejac",15712470565246,"/products/pejac-self-defence-6am-special-edition","https://avantarte.com/products/pejac-self-defence-6am-special-edition","2026-09-14T13:01:22.920000","2026-01-12T08:59:26.472000","","","","[""print""]","","","","Collect a new hand-finished silkscreen print by Spanish artist Pejac: a series composed of 12 works depicting a single day in the life of an icebreaker ship, circling endlessly through a frozen polar landscape. ","This hand-finished, glow-in-the-dark edition forms part of Pejac’s ambitious new project, SELF-DEFENCE.

Translating 12 original paintings by the artist, the series depicts a day in the life of an icebreaker ship, circling endlessly through a frozen polar landscape. The icebreaker moves counterclockwise, representing a 12-hour countdown. Each print represents a different hour of the day, as the vessel traces its path like a hand on an imaginary clock.

This glow-in-the-dark special edition of the 28-colour silkscreen features a hand-finished beam of light from the ship’s bow and a luminescent Aurora Borealis – applied in Pejac´s studio in Madrid to each individual print using spray and stencil techniques. Edition one of three also includes a hand-finished submerged ship, available via draw entry from 2 February to 6 February.

The team at Make-Ready, our specialist fine art print studio in London, have translated the artist’s original works to a result the artist described as the “highest possible level of fidelity and detail, achieved thanks to the exceptional technical work, meticulous adjustments and absolute precision at every stage.”

Discover the collaboration.","Signed by the artist. Individually numbered.","28 colour silkscreen on Somerset Tub Sized Radiant White 410gsm, with luminescent and acrylic hand-painted details.","","","","Prints can be ordered float-mounted in one of three framing options:"
122948536208041,"Pejac - SELF-DEFENCE (Special Editions) by Pejac",15712472859006,"/products/pejac-self-defence-2am-special-edition","https://avantarte.com/products/pejac-self-defence-2am-special-edition","2026-09-14T13:01:22.920000","2026-01-12T09:00:02.054000","","","","[""print""]","","","","Collect a new hand-finished silkscreen print by Spanish artist Pejac: a series composed of 12 works depicting a single day in the life of an icebreaker ship, circling endlessly through a frozen polar landscape. ","This hand-finished, glow-in-the-dark edition forms part of Pejac’s ambitious new project, SELF-DEFENCE.

Translating 12 original paintings by the artist, the series depicts a day in the life of an icebreaker ship, circling endlessly through a frozen polar landscape. The icebreaker moves counterclockwise, representing a 12-hour countdown. Each print represents a different hour of the day, as the vessel traces its path like a hand on an imaginary clock.

This glow-in-the-dark special edition of the 28-colour silkscreen features a hand-finished beam of light from the ship’s bow and a luminescent Aurora Borealis – applied in Pejac´s studio in Madrid to each individual print using spray and stencil techniques. Edition one of three also includes a hand-finished submerged ship, available via draw entry from 2 February to 6 February.

The team at Make-Ready, our specialist fine art print studio in London, have translated the artist’s original works to a result the artist described as the “highest possible level of fidelity and detail, achieved thanks to the exceptional technical work, meticulous adjustments and absolute precision at every stage.”

Discover the collaboration.","Signed by the artist. Individually numbered.","28 colour silkscreen on Somerset Tub Sized Radiant White 410gsm, with luminescent and acrylic hand-painted details.","","","","Prints can be ordered float-mounted in one of three framing options:"
122956381908412,"Pejac - SELF-DEFENCE (Special Editions) by Pejac",15712470729086,"/products/pejac-self-defence-9am-special-edition","https://avantarte.com/products/pejac-self-defence-9am-special-edition","2026-09-14T13:01:22.920000","2026-01-12T08:59:00.594000","","","","[""print""]","","","","Collect a new hand-finished silkscreen print by Spanish artist Pejac: a series composed of 12 works depicting a single day in the life of an icebreaker ship, circling endlessly through a frozen polar landscape. ","This hand-finished, glow-in-the-dark edition forms part of Pejac’s ambitious new project, SELF-DEFENCE.

Translating 12 original paintings by the artist, the series depicts a day in the life of an icebreaker ship, circling endlessly through a frozen polar landscape. The icebreaker moves counterclockwise, representing a 12-hour countdown. Each print represents a different hour of the day, as the vessel traces its path like a hand on an imaginary clock.

This glow-in-the-dark special edition of the 28-colour silkscreen features a hand-finished beam of light from the ship’s bow and a luminescent Aurora Borealis – applied in Pejac´s studio in Madrid to each individual print using spray and stencil techniques. Edition one of three also includes a hand-finished submerged ship, available via draw entry from 2 February to 6 February.

The team at Make-Ready, our specialist fine art print studio in London, have translated the artist’s original works to a result the artist described as the “highest possible level of fidelity and detail, achieved thanks to the exceptional technical work, meticulous adjustments and absolute precision at every stage.”

Discover the collaboration.","Signed by the artist. Individually numbered.","28 colour silkscreen on Somerset Tub Sized Radiant White 410gsm, with luminescent and acrylic hand-painted details.","","","","Prints can be ordered float-mounted in one of three framing options:"
122957329051136,"Pejac - SELF-DEFENCE (Special Editions) by Pejac",15712470892926,"/products/pejac-self-defence-11am-special-edition","https://avantarte.com/products/pejac-self-defence-11am-special-edition","2026-09-14T13:01:22.920000","2025-12-19T15:30:28.341000","","","","[""print""]","","","","Collect a new hand-finished silkscreen print by Spanish artist Pejac: a series composed of 12 works depicting a single day in the life of an icebreaker ship, circling endlessly through a frozen polar landscape. ","This hand-finished, glow-in-the-dark edition forms part of Pejac’s ambitious new project, SELF-DEFENCE.

Translating 12 original paintings by the artist, the series depicts a day in the life of an icebreaker ship, circling endlessly through a frozen polar landscape. The icebreaker moves counterclockwise, representing a 12-hour countdown. Each print represents a different hour of the day, as the vessel traces its path like a hand on an imaginary clock.

This glow-in-the-dark special edition of the 28-colour silkscreen features a hand-finished beam of light from the ship’s bow and a luminescent Aurora Borealis – applied in Pejac´s studio in Madrid to each individual print using spray and stencil techniques. Edition one of three also includes a hand-finished submerged ship, available via draw entry from 2 February to 6 February.

The team at Make-Ready, our specialist fine art print studio in London, have translated the artist’s original works to a result the artist described as the “highest possible level of fidelity and detail, achieved thanks to the exceptional technical work, meticulous adjustments and absolute precision at every stage.”

Discover the collaboration.","Signed by the artist. Individually numbered.","28 colour silkscreen on Somerset Tub Sized Radiant White 410gsm, with luminescent and acrylic hand-painted details.","","","","Prints can be ordered float-mounted in one of three framing options:"
122953577692280,"Pejac - SELF-DEFENCE (Special Editions) by Pejac",15712473022846,"/products/pejac-self-defence-5am-special-edition","https://avantarte.com/products/pejac-self-defence-5am-special-edition","2026-09-14T13:01:22.920000","2026-01-12T08:59:42.562000","","","","[""print""]","","","","Collect a new hand-finished silkscreen print by Spanish artist Pejac: a series composed of 12 works depicting a single day in the life of an icebreaker ship, circling endlessly through a frozen polar landscape. ","This hand-finished, glow-in-the-dark edition forms part of Pejac’s ambitious new project, SELF-DEFENCE.

Translating 12 original paintings by the artist, the series depicts a day in the life of an icebreaker ship, circling endlessly through a frozen polar landscape. The icebreaker moves counterclockwise, representing a 12-hour countdown. Each print represents a different hour of the day, as the vessel traces its path like a hand on an imaginary clock.

This glow-in-the-dark special edition of the 28-colour silkscreen features a hand-finished beam of light from the ship’s bow and a luminescent Aurora Borealis – applied in Pejac´s studio in Madrid to each individual print using spray and stencil techniques. Edition one of three also includes a hand-finished submerged ship, available via draw entry from 2 February to 6 February.

The team at Make-Ready, our specialist fine art print studio in London, have translated the artist’s original works to a result the artist described as the “highest possible level of fidelity and detail, achieved thanks to the exceptional technical work, meticulous adjustments and absolute precision at every stage.”

Discover the collaboration.","Signed by the artist. Individually numbered.","28 colour silkscreen on Somerset Tub Sized Radiant White 410gsm, with luminescent and acrylic hand-painted details.","","","","Prints can be ordered float-mounted in one of three framing options:"
122952145382344,"Pejac - SELF-DEFENCE (Special Editions) by Pejac",15712472957310,"/products/pejac-self-defence-4am-special-edition","https://avantarte.com/products/pejac-self-defence-4am-special-edition","2026-09-14T13:01:22.920000","2026-01-12T08:59:34.159000","","","","[""print""]","","","","Collect a new hand-finished silkscreen print by Spanish artist Pejac: a series composed of 12 works depicting a single day in the life of an icebreaker ship, circling endlessly through a frozen polar landscape. ","This hand-finished, glow-in-the-dark edition forms part of Pejac’s ambitious new project, SELF-DEFENCE.

Translating 12 original paintings by the artist, the series depicts a day in the life of an icebreaker ship, circling endlessly through a frozen polar landscape. The icebreaker moves counterclockwise, representing a 12-hour countdown. Each print represents a different hour of the day, as the vessel traces its path like a hand on an imaginary clock.

This glow-in-the-dark special edition of the 28-colour silkscreen features a hand-finished beam of light from the ship’s bow and a luminescent Aurora Borealis – applied in Pejac´s studio in Madrid to each individual print using spray and stencil techniques. Edition one of three also includes a hand-finished submerged ship, available via draw entry from 2 February to 6 February.

The team at Make-Ready, our specialist fine art print studio in London, have translated the artist’s original works to a result the artist described as the “highest possible level of fidelity and detail, achieved thanks to the exceptional technical work, meticulous adjustments and absolute precision at every stage.”

Discover the collaboration.","Signed by the artist. Individually numbered.","28 colour silkscreen on Somerset Tub Sized Radiant White 410gsm, with luminescent and acrylic hand-painted details.","","","","Prints can be ordered float-mounted in one of three framing options:"
122957898358279,"Pejac - SELF-DEFENCE (Special Editions) by Pejac",15712468599166,"/products/pejac-self-defence-12pm-special-edition","https://avantarte.com/products/pejac-self-defence-12pm-special-edition","2026-09-14T13:01:22.920000","2026-01-12T08:58:24.536000","","","","[""print""]","","","","Collect a new hand-finished silkscreen print by Spanish artist Pejac: a series composed of 12 works depicting a single day in the life of an icebreaker ship, circling endlessly through a frozen polar landscape. ","This hand-finished, glow-in-the-dark edition forms part of Pejac’s ambitious new project, SELF-DEFENCE.

Translating 12 original paintings by the artist, the series depicts a day in the life of an icebreaker ship, circling endlessly through a frozen polar landscape. The icebreaker moves counterclockwise, representing a 12-hour countdown. Each print represents a different hour of the day, as the vessel traces its path like a hand on an imaginary clock.

This glow-in-the-dark special edition of the 28-colour silkscreen features a hand-finished beam of light from the ship’s bow and a luminescent Aurora Borealis – applied in Pejac´s studio in Madrid to each individual print using spray and stencil techniques. Edition one of three also includes a hand-finished submerged ship, available via draw entry from 2 February to 6 February.

The team at Make-Ready, our specialist fine art print studio in London, have translated the artist’s original works to a result the artist described as the “highest possible level of fidelity and detail, achieved thanks to the exceptional technical work, meticulous adjustments and absolute precision at every stage.”

Discover the collaboration.","Signed by the artist. Individually numbered.","28 colour silkscreen on Somerset Tub Sized Radiant White 410gsm, with luminescent and acrylic hand-painted details.","","","","Prints can be ordered float-mounted in one of three framing options:"
136044824270633,"Pejac - SELF-DEFENCE Set (Main Editions) by Pejac",15753749692798,"/products/pejac-self-defence-set-main-editions","https://avantarte.com/products/pejac-self-defence-set-main-editions","2026-09-14T13:01:22.920000","2026-01-23T09:17:35.721000","","","","[""print""]","","","","Collect a set of 3 new hand-finished silkscreen prints by Spanish artist Pejac: a series composed of 12 works depicting a single day in the life of an icebreaker ship, circling endlessly through a frozen polar landscape. ","This hand-selected trio of silkscreen prints forms part of Pejac’s ambitious new project, SELF-DEFENCE. 

Translating 12 original paintings by the artist, the series depicts a day in the life of an icebreaker ship, circling endlessly through a frozen polar landscape. The icebreaker moves counterclockwise, representing a 12-hour countdown. Each print represents a different hour of the day, as the vessel traces its path like a hand on an imaginary clock.

The images on this page showcase the combinations of sets as an example of their differentiation. This 28-colour silkscreen features a hand-finished beam of light from the ship’s bow – applied in Pejac's studio in Madrid to each individual print using spray and stencil techniques. The team at Make-Ready, our specialist fine art print studio in London, have translated the artist’s original works to a result the artist described as the “highest possible level of fidelity and detail, achieved thanks to the exceptional technical work, meticulous adjustments and absolute precision at every stage.”

Discover the collaboration.","Signed by the artist. Individually numbered.","2 x 28 colour silkscreen on Somerset Tub Sized Radiant White 410gsm with spray-painted acrylic details.","","","Each set comprises three hand-finished silkscreen prints (from the editions of 25)","Prints can be ordered float-mounted in one of three framing options:"
122955783732582,"Pejac - SELF-DEFENCE (Special Editions) by Pejac",15712470696318,"/products/pejac-self-defence-8am-special-edition","https://avantarte.com/products/pejac-self-defence-8am-special-edition","2026-09-14T13:01:22.920000","2026-01-12T08:59:09.494000","","","","[""print""]","","","","Collect a new hand-finished silkscreen print by Spanish artist Pejac: a series composed of 12 works depicting a single day in the life of an icebreaker ship, circling endlessly through a frozen polar landscape. ","This hand-finished, glow-in-the-dark edition forms part of Pejac’s ambitious new project, SELF-DEFENCE.

Translating 12 original paintings by the artist, the series depicts a day in the life of an icebreaker ship, circling endlessly through a frozen polar landscape. The icebreaker moves counterclockwise, representing a 12-hour countdown. Each print represents a different hour of the day, as the vessel traces its path like a hand on an imaginary clock.

This glow-in-the-dark special edition of the 28-colour silkscreen features a hand-finished beam of light from the ship’s bow and a luminescent Aurora Borealis – applied in Pejac´s studio in Madrid to each individual print using spray and stencil techniques. Edition one of three also includes a hand-finished submerged ship, available via draw entry from 2 February to 6 February.

The team at Make-Ready, our specialist fine art print studio in London, have translated the artist’s original works to a result the artist described as the “highest possible level of fidelity and detail, achieved thanks to the exceptional technical work, meticulous adjustments and absolute precision at every stage.”

Discover the collaboration.","Signed by the artist. Individually numbered.","28 colour silkscreen on Somerset Tub Sized Radiant White 410gsm, with luminescent and acrylic hand-painted details.","","","","Prints can be ordered float-mounted in one of three framing options:"
120854151317236,"Ai Weiwei - Self-Portrait Embroidery (Purple & Yellow), Self-Portrait Embroidery (Blue & Pink) by Ai Weiwei",15706423558526,"/products/ai-weiwei-self-portrait-embroidery-green-blue-self-portrait-embroidery-red-green","https://avantarte.com/products/ai-weiwei-self-portrait-embroidery-green-blue-self-portrait-embroidery-red-green","2026-09-14T13:01:22.921000","2025-12-10T14:08:18.813000","","","","[""print""]","","","","Discover Ai Weiwei’s landmark self-portrait reimagined as a pair of limited edition embroideries, each translating his defiant spirit, political conviction, and toy-brick aesthetic into richly textured textile works.","Ai Weiwei transforms a defiant self-portrait into a new limited edition pair of embroideries.

In 2011, following 81 days in detention with Chinese authorities, Weiwei and his team secretly created toy brick portraits of global political prisoners for a major show at the decommissioned Alcatraz prison in San Francisco. Due to his passport being confiscated, Weiwei was unable to attend the exhibition, uniting him in solidarity with his subjects.

Presented here as a pair, the pixelated embroidery translates a self-portrait of Weiwei with a shaved head and scar – the result of police brutality following his investigation into the 2008 Sichuan earthquake, which caused the artist to haemorrhage. It forms a powerful statement of persistence and solidarity, reflecting Weiwei’s unwavering belief that “it is your duty as an artist to fight and to protect freedom of speech.”

Both individual embroideries in the pair feature approximately 460,000 stitches, embroidered in 5 colours on 230gsm cotton and mounted in a bespoke frame. Each is meticulously crafted to translate the pixelated texture and bold presence of the original toy brick work.","Signed by the artist via stickers on the back. Individually numbered.","Textile artwork with approximately 460,000 stitches, embroidered in 5 colours on 230gsm cotton and mounted in a bespoke, unglazed  frame.","","","Self-Portrait Embroidery (Green & Blue) Edition of 46

Self-Portrait Embroidery (Red & Green) Edition of 66","Each embroidery includes a frame in one of two colour options. "
122642601619954,"Pejac - SELF-DEFENCE by Pejac",15712471482750,"/products/pejac-self-defence-10am","https://avantarte.com/products/pejac-self-defence-10am","2026-09-14T13:01:22.921000","2026-01-12T08:51:37.810000","","","","[""print""]","","","","Collect a new limited edition silkscreen print by Spanish artist Pejac: a series composed of 12 works depicting a single day in the life of an icebreaker ship, circling endlessly through a frozen polar landscape. ","This hand-finished limited edition print forms part of Pejac’s ambitious new project, SELF-DEFENCE.

Translating 12 original paintings by the artist, the series depicts a day in the life of an icebreaker ship, circling endlessly through a frozen polar landscape. The icebreaker moves counterclockwise, representing a 12-hour countdown. Each print represents a different hour of the day, as the vessel traces its path like a hand on an imaginary clock.

This 28-colour silkscreen features a hand-finished beam of light from the ship’s bow – applied in Pejac's studio in Madrid to each individual print using spray and stencil techniques. The team at Make-Ready, our specialist fine art print studio in London, have translated the artist’s original works to a result the artist described as the “highest possible level of fidelity and detail, achieved thanks to the exceptional technical work, meticulous adjustments and absolute precision at every stage.”

Discover the collaboration.","Signed by the artist. Individually numbered.","28 colour silkscreen on Somerset Tub Sized Radiant White 410gsm with spray-painted acrylic details.","","","","Prints can be ordered float-mounted in one of three framing options:"
121531866914479,"Tomás Sánchez - Pensamiento - Nube & Autorretrato en tarde rosa by Tomás Sánchez",15709846241662,"/products/tomas-sanchez-pensamiento-nube-autorretrato-en-tarde-rosa","https://avantarte.com/products/tomas-sanchez-pensamiento-nube-autorretrato-en-tarde-rosa","2026-09-14T13:01:22.921000","2025-12-10T16:26:37.727000","","","","[""print""]","","","","TBC","Tomás Sánchez captures his spiritual homeland in two defining works as a pair of new limited edition prints.

Pensamiento-nube, originally painted in 2008, is inspired by the Romantics and his daily meditation practice. True to its title, Autorretrato en tarde rosa translates to Self-portrait on a pink afternoon, where the composition features the artist himself as a small meditating figure. This subtle detail symbolises his presence not as a dominator but as a reverent witness to nature's power.

To create the editions, printers at Make-Ready have faithfully translated two of Tomás's hyperrealistic landscape paintings into print, capturing the depth of his Romantic-inspired palette and fidelity of his intricate brushstrokes.","Signed by the artist. Individually numbered.","Archival pigment print on Somerset Tub Sized Radiant White 410gsm paper.","","","Pensamiento-nube: Edition of 367 / Autorretrato en tarde rosa: Edition of 470","Led by master framer Roos Deutz, our team of skilled artisans hand-crafts every frame to order from our bespoke framing studio. For this release, prints can be ordered float-mounted in one of three framing options:"
122635957432840,"Pejac - SELF-DEFENCE by Pejac",15712471318910,"/products/pejac-self-defence-7am","https://avantarte.com/products/pejac-self-defence-7am","2026-09-14T13:01:22.921000","2026-01-12T08:52:35.281000","","","","[""print""]","","","","Collect a new limited edition silkscreen print by Spanish artist Pejac: a series composed of 12 works depicting a single day in the life of an icebreaker ship, circling endlessly through a frozen polar landscape. ","This hand-finished limited edition print forms part of Pejac’s ambitious new project, SELF-DEFENCE.

Translating 12 original paintings by the artist, the series depicts a day in the life of an icebreaker ship, circling endlessly through a frozen polar landscape. The icebreaker moves counterclockwise, representing a 12-hour countdown. Each print represents a different hour of the day, as the vessel traces its path like a hand on an imaginary clock.

This 28-colour silkscreen features a hand-finished beam of light from the ship’s bow – applied in Pejac's studio in Madrid to each individual print using spray and stencil techniques. The team at Make-Ready, our specialist fine art print studio in London, have translated the artist’s original works to a result the artist described as the “highest possible level of fidelity and detail, achieved thanks to the exceptional technical work, meticulous adjustments and absolute precision at every stage.”

Discover the collaboration.","Signed by the artist. Individually numbered.","28 colour silkscreen on Somerset Tub Sized Radiant White 410gsm with spray-painted acrylic details.","","","","Prints can be ordered float-mounted in one of three framing options:"
122640220934682,"Pejac - SELF-DEFENCE by Pejac",15712471384446,"/products/pejac-self-defence-8am","https://avantarte.com/products/pejac-self-defence-8am","2026-09-14T13:01:22.921000","2026-01-12T08:52:14.887000","","","","[""print""]","","","","Collect a new limited edition silkscreen print by Spanish artist Pejac: a series composed of 12 works depicting a single day in the life of an icebreaker ship, circling endlessly through a frozen polar landscape. ","This hand-finished limited edition print forms part of Pejac’s ambitious new project, SELF-DEFENCE.

Translating 12 original paintings by the artist, the series depicts a day in the life of an icebreaker ship, circling endlessly through a frozen polar landscape. The icebreaker moves counterclockwise, representing a 12-hour countdown. Each print represents a different hour of the day, as the vessel traces its path like a hand on an imaginary clock.

This 28-colour silkscreen features a hand-finished beam of light from the ship’s bow – applied in Pejac's studio in Madrid to each individual print using spray and stencil techniques. The team at Make-Ready, our specialist fine art print studio in London, have translated the artist’s original works to a result the artist described as the “highest possible level of fidelity and detail, achieved thanks to the exceptional technical work, meticulous adjustments and absolute precision at every stage.”

Discover the collaboration.","Signed by the artist. Individually numbered.","28 colour silkscreen on Somerset Tub Sized Radiant White 410gsm with spray-painted acrylic details.","","","","Prints can be ordered float-mounted in one of three framing options:"
121254842626170,"Man Ray  - Larmes de Verre by Man Ray Estate",15706487128446,"/products/man-ray-larmes-de-verre","https://avantarte.com/products/man-ray-larmes-de-verre","2026-09-14T13:01:22.921000","2025-12-10T16:39:02.106000","","","","[""print""]","","","","Discover Man Ray's haunting Surrealist portrait as a limited edition print. The iconic 1932 image features a model crying tears of glistening glass beads, exemplifying his radical emotive approach.","An iconic Surrealist portrait by Man Ray becomes a new limited edition print, in collaboration with his Estate.

This edition is based on Larmes (Tears), originally photographed around 1932 during Man Ray's time in Paris. The haunting image shows a model gazing upward, crying tears of glistening glass beads. Created around the time of Man Ray's breakup with photographer Lee Miller, the work exemplifies his radical and emotive approach to photography that helped shape both Dada and Surrealism. Man Ray considered this one of his most successful photographs, featuring it prominently in his 1934 photographic book.

This limited edition print features a matte varnish seal and bespoke debossed archive stamp, carefully crafted by our expert printmakers at our London fine art print studio, Make-Ready.","Authenticated bottom right hand corner with a bespoke debossed archive stamp. Individually numbered.","Archival pigment print on 410gsm Somerset Tub Sized Radiant White paper with a matte varnish seal and a bespoke debossed archive stamp.","","","","Prints can be ordered float-mounted in one of four framing options:"
109155693797834,"William Blake - Night the Third by William Blake",15658624188798,"/products/william-blake-night-the-third","https://avantarte.com/products/william-blake-night-the-third","2026-09-14T13:01:22.921000","2025-11-07T16:20:12.294000","","","","[""print""]","","","","Collect a new limited edition print that revives a rare book illustration by Romantic master William Blake in collaboration with Sir John Soane’s Museum.","Drawn from the extraordinary collection of Sir John Soane’s Museum, London, this new limited edition print revives a rare book illustration by the forefather of British Romanticism, William Blake.

Night the Third is part of a triptych of limited edition prints based on Blake's illustrated title pages for Edward Young's celebrated 18th-century poem, The Complaint, and the Consolation. While he created over 500 watercolour designs for the project, only 43 were engraved for the 1797 edition. Now, just 28 hand-coloured copies are known to exist, including a copy held at Sir John Soane's Museum. These detailed pieces are considered defining masterpieces of Blake's early work.

Each edition is authenticated with a debossed Museum stamp and accompanied by a certificate of authenticity signed by Will Gompertz, Deborah Loeb Brice Director, Sir John Soane’s Museum.

By collecting this work, supporters directly contribute to Sir John Soane's Museum – the architect's former London home, where his collection remains displayed exactly as he left it on his death in 1837.","Authenticated with a debossed museum stamp.
Each edition is accompanied by a certificate of authenticity, signed by Museum Director Will Gompertz.","Archival pigment print on Hahnemühle Photo Rag Bright White 310gsm paper.","","","",""
122641924641265,"Pejac - SELF-DEFENCE by Pejac",15712471417214,"/products/pejac-self-defence-9am","https://avantarte.com/products/pejac-self-defence-9am","2026-09-14T13:01:22.921000","2026-01-12T08:51:59.642000","","","","[""print""]","","","","Collect a new limited edition silkscreen print by Spanish artist Pejac: a series composed of 12 works depicting a single day in the life of an icebreaker ship, circling endlessly through a frozen polar landscape. ","This hand-finished limited edition print forms part of Pejac’s ambitious new project, SELF-DEFENCE.

Translating 12 original paintings by the artist, the series depicts a day in the life of an icebreaker ship, circling endlessly through a frozen polar landscape. The icebreaker moves counterclockwise, representing a 12-hour countdown. Each print represents a different hour of the day, as the vessel traces its path like a hand on an imaginary clock.

This 28-colour silkscreen features a hand-finished beam of light from the ship’s bow – applied in Pejac's studio in Madrid to each individual print using spray and stencil techniques. The team at Make-Ready, our specialist fine art print studio in London, have translated the artist’s original works to a result the artist described as the “highest possible level of fidelity and detail, achieved thanks to the exceptional technical work, meticulous adjustments and absolute precision at every stage.”

Discover the collaboration.","Signed by the artist. Individually numbered.","28 colour silkscreen on Somerset Tub Sized Radiant White 410gsm with spray-painted acrylic details.","","","","Prints can be ordered float-mounted in one of three framing options:"
112339026704986,"Ferrari Sheppard - Put Some Red On It by Ferrari Sheppard",15669124432254,"/products/ferrari-sheppard-put-some-red-on-it","https://avantarte.com/products/ferrari-sheppard-put-some-red-on-it","2026-09-14T13:01:22.921000","2025-12-08T09:11:25.474000","","","","[""print""]","","","","Discover Ferrari Sheppard’s spiritually driven portraiture in this new limited edition print, released exclusively via draw and capturing the bold colour, emotional depth, and luminous textures central to his practice.","A new limited edition print by Ferrari Sheppard captures his spiritual approach to portraiture.

Originally painted in 2021, the aptly titled Put Some Red On It, is a prime example of the artist’s bold and expressive style that has made him a leading voice of contemporary American painting. A woman sits proudly on vibrant red furniture, in a gold dress and white boots that look like they could be negative space. The layered shades of black, brown, white, gold and red capture the exquisite balance of audacity and sensitivity that Ferrari brings to the painting process, which for him is “100% spiritual”.

This edition, made in close collaboration with the artist, features silkscreen gold shimmer details and a matte varnish seal, designed to emulate the luminous textures of the original work created in acrylic, charcoal and 24-carat gold leaf.","Signed by the artist. Individually numbered.","Archival pigment print with silkscreen printed gold shimmer details and a matte varnish seal on Somerset TS Radiant White 410gsm paper.","","","","Prints can be ordered float-mounted in one of three framing options:"
122615784464442,"Pejac - SELF-DEFENCE by Pejac",15712471056766,"/products/pejac-self-defence-3am","https://avantarte.com/products/pejac-self-defence-3am","2026-09-14T13:01:22.921000","2026-01-12T08:52:50.096000","","","","[""print""]","","","","Collect a new limited edition silkscreen print by Spanish artist Pejac: a series composed of 12 works depicting a single day in the life of an icebreaker ship, circling endlessly through a frozen polar landscape. ","This hand-finished limited edition print forms part of Pejac’s ambitious new project, SELF-DEFENCE.

Translating 12 original paintings by the artist, the series depicts a day in the life of an icebreaker ship, circling endlessly through a frozen polar landscape. The icebreaker moves counterclockwise, representing a 12-hour countdown. Each print represents a different hour of the day, as the vessel traces its path like a hand on an imaginary clock.

This 28-colour silkscreen features a hand-finished beam of light from the ship’s bow – applied in Pejac's studio in Madrid to each individual print using spray and stencil techniques. The team at Make-Ready, our specialist fine art print studio in London, have translated the artist’s original works to a result the artist described as the “highest possible level of fidelity and detail, achieved thanks to the exceptional technical work, meticulous adjustments and absolute precision at every stage.”

Discover the collaboration.","Signed by the artist. Individually numbered.","28 colour silkscreen on Somerset Tub Sized Radiant White 410gsm with spray-painted acrylic details.","","","","Prints can be ordered float-mounted in one of three framing options:"
120867964258473,"Ai Weiwei - Self-Portrait Embroidery (Purple & Yellow), Self-Portrait Embroidery (Blue & Pink) by Ai Weiwei",15706423624062,"/products/ai-weiwei-self-portrait-embroidery-purple-yellow-self-portrait-embroidery-blue-pink","https://avantarte.com/products/ai-weiwei-self-portrait-embroidery-purple-yellow-self-portrait-embroidery-blue-pink","2026-09-14T13:01:22.921000","2025-12-10T16:29:07.539000","","","","[""print""]","","","","Discover Ai Weiwei’s landmark self-portrait reimagined as a pair of limited edition embroideries, each translating his defiant spirit, political conviction, and toy-brick aesthetic into richly textured textile works.","Ai Weiwei transforms a defiant self-portrait into a new limited edition pair of embroideries.

In 2011, following 81 days in detention with Chinese authorities, Weiwei and his team secretly created toy brick portraits of global political prisoners for a major show at the decommissioned Alcatraz prison in San Francisco. Due to his passport being confiscated, Weiwei was unable to attend the exhibition, uniting him in solidarity with his subjects.

Presented here as a pair, the pixelated embroidery translates a self-portrait of Weiwei with a shaved head and scar – the result of police brutality following his investigation into the 2008 Sichuan earthquake, which caused the artist to haemorrhage. It forms a powerful statement of persistence and solidarity, reflecting Weiwei’s unwavering belief that “it is your duty as an artist to fight and to protect freedom of speech.”

Both individual embroideries in the pair feature approximately 460,000 stitches, embroidered in 5 colours on 230gsm cotton and mounted in a bespoke frame. Each is meticulously crafted to translate the pixelated texture and bold presence of the original toy brick work.","Signed by the artist via stickers on the back. Individually numbered.","Textile artwork with approximately 460,000 stitches, embroidered in 5 colours on 230gsm cotton and mounted in a bespoke, unglazed frame.","","","Self-Portrait Embroidery (Purple & Yellow) Edition of 49

Self-Portrait Embroidery (Blue & Pink) Edition of 42","Each embroidery includes a frame in one of two colour options. "
120937326433528,"Man Ray  - Noire et Blanche by Man Ray Estate",15706487095678,"/products/man-ray-noire-et-blanche","https://avantarte.com/products/man-ray-noire-et-blanche","2026-09-14T13:01:22.921000","2025-12-10T16:39:04.434000","","","","[""print""]","","","","Discover Man Ray's epoch-defining modernist portrait as a limited edition print. The iconic 1926 composition pairs his muse Kiki with an African Baule mask in a work that appeared in Paris Vogue.","An iconic modernist portrait by Man Ray becomes a new limited edition print, in collaboration with his Estate.

Man Ray created Noire et Blanche in 1926, pairing the elegant profile of his muse Kiki with an African Baule mask in a composition that appeared in Paris Vogue and defined an era. The photograph emerged from the vibrant artistic dialogue of 1920s Paris, from avant-garde fashion illustration to the European fascination with African art. Man Ray, a key figure in Dada and Surrealism, meticulously choreographed this portrait as both a celebration of his muse and a complex artistic metaphor that questioned convention and bridged cultures. The work remains an epoch-defining image of modernist photography.

This limited edition print features a matte varnish seal and bespoke debossed archive stamp, carefully crafted by our expert printmakers at our London fine art print studio, Make-Ready.","Authenticated bottom right hand corner with a bespoke debossed archive stamp. Individually numbered.","Archival pigment print on 410gsm Somerset Tub Sized Radiant White paper with a matte varnish seal and a bespoke debossed archive stamp.","","","","Prints can be ordered float-mounted in one of four framing options:"
121263643833629,"Man Ray  - Le Violon d’Ingres by Man Ray Estate",15706487161214,"/products/man-ray-le-violon-d-ingres","https://avantarte.com/products/man-ray-le-violon-d-ingres","2026-09-14T13:01:22.921000","2025-12-10T16:39:00.016000","","","","[""print""]","","","","Discover Man Ray's defining 20th-century photograph as a limited edition print. The iconic 1924 image transforms his muse Kiki de Montparnasse into a violin through innovative rayograph technique.","Man Ray’s defining piece of 20th-century art becomes a new limited edition print, in collaboration with his Estate.

Created in 1924, Le Violon d'Ingres is one of Man Ray's most celebrated photographs. The work features his muse Kiki de Montparnasse with f-shaped violin holes added to her back, transforming her body into a musical instrument. The photograph first appeared as the front cover for the final issue of André Breton's Littérature in 1924, a publication that marked the emergence of Surrealism. Man Ray created the original through an innovative technique, combining a traditional photograph with his rayograph method – burning the f-holes directly onto light-sensitive paper before exposing Kiki's portrait over them.

This limited edition print features a matte varnish seal and bespoke debossed archive stamp, carefully crafted by our expert printmakers at our London fine art print studio, Make-Ready.","Authenticated bottom right hand corner with a bespoke debossed archive stamp. Individually numbered.","Archival pigment print on 410gsm Somerset Tub Sized Radiant White paper with a matte varnish seal and a bespoke debossed archive stamp.","","","","Prints can be ordered float-mounted in one of four framing options:"
109201475588539,"William Blake - Night the First, Night the Second, Night the Third by William Blake",15658622550398,"/products/william-blake-night-the-first-night-the-second-night-the-third","https://avantarte.com/products/william-blake-night-the-first-night-the-second-night-the-third","2026-09-14T13:01:22.921000","2025-11-07T16:20:05.182000","","","","[""print""]","","","","Collect a trio of limited edition prints that revive rare book illustrations by Romantic master William Blake in collaboration with Sir John Soane’s Museum.","Our new limited edition triptych with Sir John Soane's Museum, London, revives a rare series of book illustrations by Romantic master William Blake.

Night the First, Night the Second, Night the Third comprises three prints based on Blake's watercolour title pages for Edward Young's celebrated 18th-century poem, The Complaint, and the Consolation – a vast and ambitious project that profoundly shaped his poetic and artistic vision. Created around 1795, these original works form part of a small and rarely seen series that bridges Blake's commercial commissions and the luminous, expressive style that came to define British Romanticism.

Each edition is authenticated with a debossed Museum stamp and accompanied by a certificate of authenticity signed by Will Gompertz, Deborah Loeb Brice Director, Sir John Soane’s Museum.

By collecting this work, supporters directly contribute to Sir John Soane's Museum – the architect's former London home, where his collection remains displayed exactly as he left it on his death in 1837.","Authenticated with a debossed museum stamp.
Each edition is accompanied by a certificate of authenticity, signed by Museum Director Will Gompertz.","Archival pigment print on Hahnemühle Photo Rag Bright White 310gsm paper.","","","",""
120841654145428,"Ai Weiwei - Self-Portrait Embroidery Quartet by Ai Weiwei",15706423394686,"/products/ai-weiwei-self-portrait-embroidery-purple-yellow-self-portrait-embroidery-blue-pink-self-portrait-embroidery-green-blue-self-portrait-embroidery-red-green","https://avantarte.com/products/ai-weiwei-self-portrait-embroidery-purple-yellow-self-portrait-embroidery-blue-pink-self-portrait-embroidery-green-blue-self-portrait-embroidery-red-green","2026-09-14T13:01:22.921000","2026-01-06T11:43:54.018000","","","","[""print""]","","","","Discover Ai Weiwei’s landmark self-portrait reimagined as four limited edition embroideries, each translating his defiant spirit, political conviction, and toy-brick aesthetic into richly textured textile works.","Ai Weiwei transforms a defiant self-portrait into four new limited edition embroideries.

In 2011, following 81 days in detention with Chinese authorities, Weiwei and his team secretly created toy brick portraits of global political prisoners for a major show at the decommissioned Alcatraz prison in San Francisco. Due to his passport being confiscated, Weiwei was unable to attend the exhibition, uniting him in solidarity with his subjects.

Presented here as a quartet, each pixelated embroidery translates a self-portrait of Weiwei with a shaved head and scar – the result of police brutality following his investigation into the 2008 Sichuan earthquake, which caused the artist to haemorrhage. It forms a powerful statement of persistence and solidarity, reflecting Weiwei’s unwavering belief that “it is your duty as an artist to fight and to protect freedom of speech.”

Each embroidery in the quartet features approximately 460,000 stitches, rendered in five colours on 230gsm cotton and mounted in a bespoke frame. Together, they meticulously translate the pixelated texture and bold presence of the original toy-brick work into a richly crafted textile form.","Signed by the artist via stickers on the back. Individually numbered.","Textile artwork with approximately 460,000 stitches, embroidered in 5 colours on 230gsm cotton and mounted in a bespoke, unglazed  frame.","","","Self-Portrait Embroidery (Purple & Yellow) Edition of 49

Self-Portrait Embroidery (Blue & Pink) Edition of 42

Self-Portrait Embroidery (Green & Blue) Edition of 46

Self-Portrait Embroidery (Red & Green) Edition of 66","Each embroidery includes a frame in one of two colour options. "
121509757395137,"Man Ray  - Larmes de Verre & Noire et Blanche by Man Ray Estate",15706487390590,"/products/man-ray-noire-et-blanche-larmes-de-verre","https://avantarte.com/products/man-ray-noire-et-blanche-larmes-de-verre","2026-09-14T13:01:22.921000","2025-12-11T09:18:47.959000","","","","[""print""]","","","","Discover two iconic Surrealist portraits by Man Ray as limited edition prints. Celebrated works from 1920s Paris that helped define Dada and Surrealism, now available in collaboration with his Estate.","Two iconic Surrealist portraits by Man Ray become a duo of new limited edition prints, in collaboration with his Estate.

This edition pairs two of Man Ray's most celebrated portraits from 1920s Paris. Noire et Blanche (1926) pairs Kiki's elegant profile with an African Baule mask in a composition that appeared in Paris Vogue and became an epoch-defining image of modernist photography. Larmes de Verre (1932) shows a model gazing upward, crying glistening glass beads – a haunting portrait created around the time of Man Ray's breakup with photographer Lee Miller.

Each limited edition print features a matte varnish seal and bespoke debossed archive stamp, carefully crafted by our expert printmakers at our London fine art print studio, Make-Ready.","Authenticated bottom right hand corner with a bespoke debossed archive stamp. Individually numbered.","Archival pigment print on 410gsm Somerset Tub Sized Radiant White paper with a matte varnish seal and a bespoke debossed archive stamp.","","","Larmes de Verre: Edition of 224 / Noire et Blanche: Edition of 137","Prints can be ordered float-mounted in one of four framing options:"
120902893944399,"Tomás Sánchez - Autorretrato en tarde rosa by Tomás Sánchez",15706436436350,"/products/tomas-sanchez-autorretrato-en-tarde-rosa","https://avantarte.com/products/tomas-sanchez-autorretrato-en-tarde-rosa","2026-09-14T13:01:22.921000","2025-12-09T14:33:54.399000","","","","[""print""]","","","","TBC","Tomás Sánchez captures his spiritual homeland in a new limited edition print of a defining work.

Autorretrato en tarde rosa, originally painted in 1994, is a quintessential example of the hyperreal landscapes which have made Tomás one of the most important living Cuban artists. True to its title – which translates as Self-portrait on a pink afternoon – the composition quietly includes the artist himself as a small meditating figure. This subtle detail symbolises his presence not as dominator but as a reverent witness to nature's power.

This archival pigment print faithfully translates the luminous detail and meditative atmosphere of the original painting.","Signed by the artist. Individually numbered.","Archival pigment print on Somerset Tub Sized Radiant White 410gsm paper.","","","","Led by master framer Roos Deutz, our team of skilled artisans hand-crafts every frame to order from our bespoke framing studio.

For this edition, prints can be ordered float-mounted in one of three framing options:"
119028819658210,"Ai Weiwei - Self-Portrait Embroidery (Blue & Pink) by Ai Weiwei",15699161907582,"/products/ai-weiwei-self-portrait-embroidery-blue-pink","https://avantarte.com/products/ai-weiwei-self-portrait-embroidery-blue-pink","2026-09-14T13:01:22.921000","2025-12-10T14:05:48.022000","","","","[""print""]","","","","Discover Ai Weiwei’s landmark self-portrait reimagined as a limited edition embroidery, translating his defiant spirit, political conviction, and toy-brick aesthetic into a richly textured textile work.","Ai Weiwei transforms a defiant self-portrait into a new limited edition embroidery.

In 2011, following 81 days in detention with Chinese authorities, Weiwei and his team secretly created toy brick portraits of global political prisoners for a major show at the decommissioned Alcatraz prison in San Francisco. Due to his passport being confiscated, Weiwei was unable to attend the exhibition, uniting him in solidarity with his subjects.

This pixelated embroidery translates a self-portrait of Weiwei with a shaved head and scar – the result of police brutality following his investigation into the 2008 Sichuan earthquake, which caused the artist to haemorrhage. It forms a powerful statement of persistence and solidarity, reflecting Weiwei’s unwavering belief that “it is your duty as an artist to fight and to protect freedom of speech.”

This limited edition textile piece features approximately 460,000 stitches, embroidered in 5 colours on 230gsm cotton and mounted in a bespoke frame, meticulously crafted to translate the pixelated texture and bold presence of the original toy brick work.","Signed by the artist via stickers on the back. Individually numbered.","Textile artwork with approximately 460,000 stitches, embroidered in 5 colours on 230gsm cotton and mounted in a bespoke, unglazed frame.","","","","Each embroidery includes a frame in one of two colour options. "
114534467431312,"Ai Weiwei - Blue Arm by Ai Weiwei",15669077410174,"/products/ai-weiwei-aluminium-arm-blue","https://avantarte.com/products/ai-weiwei-aluminium-arm-blue","2026-09-14T13:01:22.921000","2025-11-26T09:33:39.476000","","","","[""sculpture""]","","","","Collect a limited edition sculpture by Ai Weiwei. Blue Arm reimagines his iconic gesture from Study of Perspective as a luminous aluminium sculpture, affirming individual agency in the face of institutional power.","Ai Weiwei's iconic middle finger is now a new luminous limited edition sculpture.

In his landmark series Study of Perspective, Ai Weiwei photographed himself giving the finger to historic landmarks worldwide. The series began in Tiananmen Square in 1995 and has since taken on the Colosseum, the Eiffel Tower, and the White House, among countless others.

For Ai Weiwei, the middle finger represents our collective right to express individual beliefs – a simple yet symbolic gesture that anyone can perform. This sculptural iteration is made from cast aluminium with a glow-in-the-dark finish, crafted in close collaboration with the artist.","Signature & numbering engraved on the back of the sculptures.","Painted aluminium with glow-in-the-dark paint details on tinted (MDF) wood backing.","","","",""
118353632785174,"Lee Ufan - Dialogue by Lee Ufan",15697990353278,"/products/lee-ufan-dialogue","https://avantarte.com/products/lee-ufan-dialogue","2026-09-14T13:01:22.921000","2025-12-05T16:57:45.717000","","","","[""print""]","","","","Discover a new limited edition print by Korean master Lee Ufan – founder of mono-ha and leading voice in Dansaekhwa, distilling his philosophical vision into one signature stroke.","A new limited edition print by Lee Ufan distils his philosophical vision into one signature stroke.

Dialogue is a quintessential example of what has made Lee Ufan a revolutionary figure in East Asian contemporary art. As a leading voice in Dansaekhwa (Korean monochrome painting) and founder of the Mono-ha movement, his restrained gestures, rooted in his childhood practice of calligraphy, create what he calls ""a direct encounter with the world"".

In this work, a single blue-to-white brushstroke amidst negative space captures his decades-long exploration of colour and form, stillness and movement, silence and gesture.

The 21-colour silkscreen print includes hand-drawn details that capture the depth and subtleties of the artist’s influential work. The edition is made in collaboration with Dia Art Foundation, which the launch fundraises for.","Signed by the artist. Individually numbered.","21-colour silkscreen with hand-applied airbrush and silkscreen details on Somerset Tub Sized White 600gsm paper.","","","","Prints can be ordered float-mounted in one of three framing options:"
119059629252175,"Ai Weiwei - Self-Portrait Embroidery (Green & Blue) by Ai Weiwei",15699161809278,"/products/ai-weiwei-self-portrait-embroidery-green-blue","https://avantarte.com/products/ai-weiwei-self-portrait-embroidery-green-blue","2026-09-14T13:01:22.921000","2025-12-10T14:05:51.485000","","","","[""print""]","","","","Discover Ai Weiwei’s landmark self-portrait reimagined as a limited edition embroidery, translating his defiant spirit, political conviction, and toy-brick aesthetic into a richly textured textile work.","Ai Weiwei transforms a defiant self-portrait into a new limited edition embroidery.

In 2011, following 81 days in detention with Chinese authorities, Weiwei and his team secretly created toy brick portraits of global political prisoners for a major show at the decommissioned Alcatraz prison in San Francisco. Due to his passport being confiscated, Weiwei was unable to attend the exhibition, uniting him in solidarity with his subjects.

This pixelated embroidery translates a self-portrait of Weiwei with a shaved head and scar – the result of police brutality following his investigation into the 2008 Sichuan earthquake, which caused the artist to haemorrhage. It forms a powerful statement of persistence and solidarity, reflecting Weiwei’s unwavering belief that “it is your duty as an artist to fight and to protect freedom of speech.”

This limited edition textile piece features approximately 460,000 stitches, embroidered in 5 colours on 230gsm cotton and mounted in a bespoke frame, meticulously crafted to translate the pixelated texture and bold presence of the original toy brick work.","Signed by the artist via stickers on the back. Individually numbered.","Textile artwork with approximately 460,000 stitches, embroidered in 5 colours on 230gsm cotton and mounted in a bespoke, unglazed frame.","","","","Each embroidery includes a frame in one of two colour options. "
109146068010836,"William Blake - Night the Second by William Blake",15658626449790,"/products/william-blake-night-the-second","https://avantarte.com/products/william-blake-night-the-second","2026-09-14T13:01:22.921000","2025-11-07T16:20:18.515000","","","","[""print""]","","","","Collect a new limited edition print that revives a rare book illustration by Romantic master William Blake in collaboration with Sir John Soane’s Museum.","Drawn from the extraordinary collection of Sir John Soane's Museum, London, this new limited edition print revives a rare book illustration by the forefather of British Romanticism, William Blake.

Night the Second is part of a triptych of limited edition prints based on Blake's illustrated title pages for Edward Young's celebrated 18th-century poem, The Complaint, and the Consolation. While he created over 500 watercolour designs for the project, only 43 were engraved for the 1797 edition. Now, just 28 hand-coloured copies are known to exist, including a copy held at Sir John Soane's Museum. These detailed pieces are considered defining masterpieces of Blake's early work.

Each edition is authenticated with a debossed Museum stamp and accompanied by a certificate of authenticity signed by Will Gompertz, Deborah Loeb Brice Director, Sir John Soane’s Museum.

By collecting this work, supporters directly contribute to Sir John Soane's Museum – the architect's former London home, where his collection remains displayed exactly as he left it on his death in 1837.","Authenticated with a debossed museum stamp.
Each edition is accompanied by a certificate of authenticity, signed by Museum Director Will Gompertz.","Archival pigment print on Hahnemühle Photo Rag Bright White 310gsm paper.","","","",""
121523341713207,"Man Ray  - Le Violon d'Ingres, Larmes de Verre & Noire et Blanche by Man Ray Estate",15706487062910,"/products/man-ray-le-violon-d-ingres-larmes-de-verre-noire-et-blanche","https://avantarte.com/products/man-ray-le-violon-d-ingres-larmes-de-verre-noire-et-blanche","2026-09-14T13:01:22.921000","2025-12-11T09:18:34.755000","","","","[""print""]","","","","Discover three defining works of Surrealist photography by Man Ray as limited edition prints. Celebrated images from 1920s Paris that shaped modern art, now available in collaboration with his Estate.","Three defining works of Surrealist photography by Man Ray become a trio of new limited edition prints, in collaboration with his Estate.

These works span Man Ray's most celebrated works from 1920s Paris. Le Violon d'Ingres (1924) features his muse Kiki de Montparnasse transformed into a violin through painted f-holes on her back, created using Man Ray's innovative rayograph technique. Noire et Blanche (1926) pairs Kiki's elegant profile with an African Baule mask in a composition that appeared in Paris Vogue and became an epoch-defining image of modernist photography. Larmes de Verre (1932) shows a model gazing upward, crying glistening glass beads – a haunting portrait created around the time of Man Ray's breakup with photographer Lee Miller.

Each limited edition print features a matte varnish seal and bespoke debossed archive stamp, carefully crafted by our expert printmakers at our London fine art print studio, Make-Ready.","Authenticated bottom right hand corner with a bespoke debossed archive stamp. Individually numbered.","Archival pigment print on 410gsm Somerset Tub Sized Radiant White paper with a matte varnish seal and a bespoke debossed archive stamp.","","","Le Violon d’Ingres: Edition of 126 / Larmes de Verre: Edition of 224 / Noire et Blanche: Edition of 137","Prints can be ordered float-mounted in one of four framing options:"
122332847516557,"Pejac - SELF-DEFENCE by Pejac",15712470958462,"/products/pejac-self-defence-1am","https://avantarte.com/products/pejac-self-defence-1am","2026-09-14T13:01:22.921000","2026-01-12T08:53:47.944000","","","","[""print""]","","","","Collect a new limited edition silkscreen print by Spanish artist Pejac: a series composed of 12 works depicting a single day in the life of an icebreaker ship, circling endlessly through a frozen polar landscape. ","This hand-finished, glow-in-the-dark edition forms part of Pejac’s ambitious new project, SELF-DEFENCE.

Translating 12 original paintings by the artist, the series depicts a day in the life of an icebreaker ship, circling endlessly through a frozen polar landscape. The icebreaker moves counterclockwise, representing a 12-hour countdown. Each print represents a different hour of the day, as the vessel traces its path like a hand on an imaginary clock.

This glow-in-the-dark special edition of the 28-colour silkscreen features a hand-finished beam of light from the ship’s bow and a luminescent Aurora Borealis – applied in Pejac´s studio in Madrid to each individual print using spray and stencil techniques. Edition one of three also includes a hand-finished submerged ship, available via draw entry from 2 February to 6 February.

The team at Make-Ready, our specialist fine art print studio in London, have translated the artist’s original works to a result the artist described as the “highest possible level of fidelity and detail, achieved thanks to the exceptional technical work, meticulous adjustments and absolute precision at every stage.”

Discover the collaboration.","Signed by the artist. Individually numbered.","28 colour silkscreen on Somerset Tub Sized Radiant White 410gsm with spray-painted acrylic details.","","","","Prints can be ordered float-mounted in one of three framing options:"
122635035755012,"Pejac - SELF-DEFENCE by Pejac",15712471220606,"/products/pejac-self-defence-6am","https://avantarte.com/products/pejac-self-defence-6am","2026-09-14T13:01:22.921000","2026-01-12T08:53:34.736000","","","","[""print""]","","","","Collect a new limited edition silkscreen print by Spanish artist Pejac: a series composed of 12 works depicting a single day in the life of an icebreaker ship, circling endlessly through a frozen polar landscape. ","This hand-finished limited edition print forms part of Pejac’s ambitious new project, SELF-DEFENCE.

Translating 12 original paintings by the artist, the series depicts a day in the life of an icebreaker ship, circling endlessly through a frozen polar landscape. The icebreaker moves counterclockwise, representing a 12-hour countdown. Each print represents a different hour of the day, as the vessel traces its path like a hand on an imaginary clock.

This 28-colour silkscreen features a hand-finished beam of light from the ship’s bow – applied in Pejac's studio in Madrid to each individual print using spray and stencil techniques. The team at Make-Ready, our specialist fine art print studio in London, have translated the artist’s original works to a result the artist described as the “highest possible level of fidelity and detail, achieved thanks to the exceptional technical work, meticulous adjustments and absolute precision at every stage.”

Discover the collaboration.","Signed by the artist. Individually numbered.","28 colour silkscreen on Somerset Tub Sized Radiant White 410gsm with spray-painted acrylic details.","","","","Prints can be ordered float-mounted in one of three framing options:"
114154971799377,"Jean-Michel Othoniel - Kokoro (red) by Jean-Michel Othoniel",15669077377406,"/products/jean-michel-othoniel-kokoro-red","https://avantarte.com/products/jean-michel-othoniel-kokoro-red","2026-09-14T13:01:22.921000","2025-12-04T12:03:07.452000","","","","[""sculpture""]","","","","Collect a limited edition sculpture by Jean-Michel Othoniel, distilling his iconic glass heart into polished brass. Rooted in Japanese symbolism, Kokoro reflects love, infinity, and the enduring power of the heart.","Jean-Michel Othoniel distills his monumental glass heart sculptures into a new limited edition brass work.

Kokoro (red) takes its name from the Japanese word referring to the heart as an organ and love itself. The form originated from Othoniel's first public commission in Japan – a giant red glass heart at the entrance of the Hara Museum ARC which visitors walked through. The heart has since appeared in numerous iterations, including a Murano glass version placed in Avignon chapel at the historic site where Renaissance poet Petrarch experienced love at first sight – what the French call ‘coup de foudre’.

Each sculpture is meticulously crafted from gold-plated polished brass with red tint using lost-wax casting to preserve the sensuality of the beads. Hand-assembled on a mirrored nickel-plated brass base, the reflection transforms the heart into a symbol of infinity.","Edition number and artist signature engraved on base.","Gold-plated polished brass sculpture with red tint on a nickel-plated brass base.","","","Shipping begins in April and finishes in August",""
114885913696387,"Ai Weiwei - Red Arm by Ai Weiwei",15669077934462,"/products/ai-weiwei-aluminium-arm-red","https://avantarte.com/products/ai-weiwei-aluminium-arm-red","2026-09-14T13:01:22.921000","2025-11-26T09:32:21.397000","","","","[""sculpture""]","","","","Collect a limited edition sculpture by Ai Weiwei. Red Arm is a bold sculptural edition that channels his landmark Study of Perspective series into a striking, luminescent statement of resistance.","Ai Weiwei's iconic middle finger is now a new luminous limited edition sculpture.

In his landmark series Study of Perspective, Ai Weiwei photographed himself giving the finger to historic landmarks worldwide. The series began in Tiananmen Square in 1995 and has since taken on the Colosseum, the Eiffel Tower, and the White House, among countless others.

For Ai Weiwei, the middle finger represents our collective right to express individual beliefs – a simple yet symbolic gesture that anyone can perform. This sculptural iteration is made from cast aluminium with a glow-in-the-dark finish, crafted in close collaboration with the artist.","Signature & numbering engraved on the back of the sculptures.","Painted aluminium with glow-in-the-dark paint details on tinted (MDF) wood backing.","","","",""
122643812737531,"Pejac - SELF-DEFENCE by Pejac",15712468468094,"/products/pejac-self-defence-11am","https://avantarte.com/products/pejac-self-defence-11am","2026-09-14T13:01:22.921000","2026-01-12T08:51:25.875000","","","","[""print""]","","","","Collect a new limited edition silkscreen print by Spanish artist Pejac: a series composed of 12 works depicting a single day in the life of an icebreaker ship, circling endlessly through a frozen polar landscape. ","This hand-finished limited edition print forms part of Pejac’s ambitious new project, SELF-DEFENCE.

Translating 12 original paintings by the artist, the series depicts a day in the life of an icebreaker ship, circling endlessly through a frozen polar landscape. The icebreaker moves counterclockwise, representing a 12-hour countdown. Each print represents a different hour of the day, as the vessel traces its path like a hand on an imaginary clock.

This 28-colour silkscreen features a hand-finished beam of light from the ship’s bow – applied in Pejac's studio in Madrid to each individual print using spray and stencil techniques. The team at Make-Ready, our specialist fine art print studio in London, have translated the artist’s original works to a result the artist described as the “highest possible level of fidelity and detail, achieved thanks to the exceptional technical work, meticulous adjustments and absolute precision at every stage.”

Discover the collaboration.","Signed by the artist. Individually numbered.","28 colour silkscreen on Somerset Tub Sized Radiant White 410gsm with spray-painted acrylic details","","","","Prints can be ordered float-mounted in one of three framing options:"
120917430976219,"Marina Abramović - Maria/Marina by Marina Abramović Discover",15706485490046,"/products/marina-abramovic-maria-marina","https://avantarte.com/products/marina-abramovic-maria-marina","2026-09-14T13:01:22.921000","2025-12-11T09:22:39.321000","","","","[""print""]","","","","Marina Abramović's tribute to opera legend Maria Callas. A black and white photograph aligning the performance artist's profile with her muse, capturing a lifelong artistic kinship.","Marina Abramović pays homage to opera legend and idol Maria Callas in a new limited edition signed print.

Recalling the first time she heard Maria Callas from her grandmother's kitchen in Belgrade, Marina told us that ""from the radio came this incredible voice just singing. I listened and started uncontrollably crying. It was such incredible sadness, such incredible passion. And I wanted to know everything. Who is this Maria Callas?""

Since then, the Serbian performance artist has dedicated a significant portion of her work to the singer, most notably her ambitious project 7 Deaths of Maria Callas – an opera that premiered at Munich's Bayerische Staatsoper in 2020. The opera recalls seven deaths from the singer's most celebrated roles, concluding with her own death from heartbreak in 1977 – a finale that Abramović herself performs on stage.

This limited edition print, translating a black and white photograph of Abramović holding a picture of Callas aligned with her own profile, features a matte varnish seal, created in close collaboration with the artist at our fine art London print studio, Make-Ready.","Signed by the artist. Individually numbered.","Archival pigment print on 410gsm Somerset Tub Sized Radiant White paper with a matte varnish seal.","","","","Prints can be ordered float-mounted in one of four framing options:"
114166131210774,"Jean-Michel Othoniel - Kokoro (gold) by Jean-Michel Othoniel",15669077442942,"/products/jean-michel-othoniel-kokoro-gold","https://avantarte.com/products/jean-michel-othoniel-kokoro-gold","2026-09-14T13:01:22.921000","2025-12-04T12:04:24.652000","","","","[""sculpture""]","","","","Collect a limited edition sculpture by Jean-Michel Othoniel, distilling his iconic glass heart into polished brass. Rooted in Japanese symbolism, Kokoro reflects love, infinity, and the enduring power of the heart.","Jean-Michel Othoniel distills his monumental glass heart sculptures into a new limited edition brass work.

Kokoro (gold) takes its name from the Japanese word referring to the heart as an organ and love itself. The form originated from Othoniel's first public commission in Japan – a giant red glass heart at the entrance of the Hara Museum ARC which visitors walked through. The heart has since appeared in numerous iterations, including a Murano glass version placed in Avignon chapel at the historic site where Renaissance poet Petrarch experienced love at first sight – what the French call ‘coup de foudre’.

Each sculpture is meticulously crafted from gold-plated polished brass, hand-assembled on a mirrored nickel-plated brass base, with the reflection transforming the heart into a symbol of infinity.","Edition number and artist signature engraved on base.","Gold-plated polished brass sculpture on a nickel-plated brass base.","","","Shipping begins in April and finishes in August",""
119084703556884,"Ai Weiwei - Self-Portrait Embroidery (Red & Green) by Ai Weiwei",15699161743742,"/products/ai-weiwei-self-portrait-embroidery-red-green","https://avantarte.com/products/ai-weiwei-self-portrait-embroidery-red-green","2026-09-14T13:01:22.921000","2025-12-10T14:05:53.841000","","","","[""print""]","","","","Discover Ai Weiwei’s landmark self-portrait reimagined as a limited edition embroidery, translating his defiant spirit, political conviction, and toy-brick aesthetic into a richly textured textile work.","Ai Weiwei transforms a defiant self-portrait into a new limited edition embroidery.

In 2011, following 81 days in detention with Chinese authorities, Weiwei and his team secretly created toy brick portraits of global political prisoners for a major show at the decommissioned Alcatraz prison in San Francisco. Due to his passport being confiscated, Weiwei was unable to attend the exhibition, uniting him in solidarity with his subjects.

This pixelated embroidery translates a self-portrait of Weiwei with a shaved head and scar – the result of police brutality following his investigation into the 2008 Sichuan earthquake, which caused the artist to haemorrhage. It forms a powerful statement of persistence and solidarity, reflecting Weiwei’s unwavering belief that “it is your duty as an artist to fight and to protect freedom of speech.”

This limited edition textile piece features approximately 460,000 stitches, embroidered in 5 colours on 230gsm cotton and mounted in a bespoke frame, meticulously crafted to translate the pixelated texture and bold presence of the original toy brick work.","Signed by the artist via stickers on the back. Individually numbered.","Textile artwork with approximately 460,000 stitches, embroidered in 5 colours on 230gsm cotton and mounted in a bespoke, unglazed frame.","","","","Each embroidery includes a frame in one of two colour options."
122617535012927,"Pejac - SELF-DEFENCE by Pejac",15712471122302,"/products/pejac-self-defence-4am","https://avantarte.com/products/pejac-self-defence-4am","2026-09-14T13:01:22.921000","2026-01-12T08:53:06.304000","","","","[""print""]","","","","Collect a new limited edition silkscreen print by Spanish artist Pejac: a series composed of 12 works depicting a single day in the life of an icebreaker ship, circling endlessly through a frozen polar landscape. ","This hand-finished limited edition print forms part of Pejac’s ambitious new project, SELF-DEFENCE.

Translating 12 original paintings by the artist, the series depicts a day in the life of an icebreaker ship, circling endlessly through a frozen polar landscape. The icebreaker moves counterclockwise, representing a 12-hour countdown. Each print represents a different hour of the day, as the vessel traces its path like a hand on an imaginary clock.

This 28-colour silkscreen features a hand-finished beam of light from the ship’s bow – applied in Pejac's studio in Madrid to each individual print using spray and stencil techniques. The team at Make-Ready, our specialist fine art print studio in London, have translated the artist’s original works to a result the artist described as the “highest possible level of fidelity and detail, achieved thanks to the exceptional technical work, meticulous adjustments and absolute precision at every stage.”

Discover the collaboration.","Signed by the artist. Individually numbered.","28 colour silkscreen on Somerset Tub Sized Radiant White 410gsm with spray-painted acrylic details.","","","","Prints can be ordered float-mounted in one of three framing options:"
115871930852925,"Ai Weiwei - Red Arm & Blue Arm by Ai Weiwei",15669077868926,"/products/ai-weiwei-aluminium-arm-red-aluminium-arm-blue-pair","https://avantarte.com/products/ai-weiwei-aluminium-arm-red-aluminium-arm-blue-pair","2026-09-14T13:01:22.921000","2026-02-24T11:54:42.484000","","","","[""sculpture""]","","","","Collect a limited edition sculptural duo by Ai Weiwei. Red Arm & Blue Arm pair two luminous aluminium gestures of defiance, extending his iconic critique of institutional power.","Ai Weiwei's iconic middle finger is now a luminous pair of new limited edition sculptures.

In his landmark series Study of Perspective, Ai Weiwei photographed himself giving the finger to historic landmarks worldwide. The series began in Tiananmen Square in 1995 and has since taken on the Colosseum, the Eiffel Tower, and the White House, among countless others.

For Ai Weiwei, the middle finger represents our collective right to express individual beliefs – a simple yet symbolic gesture that anyone can perform. This sculptural duo is made from cast aluminium with a glow-in-the-dark finish, crafted in close collaboration with the artist.","Signature & numbering engraved on the back of the sculptures.","Painted aluminium with glow-in-the-dark paint details on tinted (MDF) wood backing.","","","",""
108861408976840,"William Blake - Night the First by William Blake",15658621501822,"/products/william-blake-night-the-first","https://avantarte.com/products/william-blake-night-the-first","2026-09-14T13:01:22.921000","2025-11-07T16:36:13.474000","","","","[""print""]","","","","Collect a new limited edition print that revives a rare book illustration by Romantic master William Blake in collaboration with Sir John Soane’s Museum.","Drawn from the extraordinary collection of Sir John Soane's Museum, London, this new limited edition print revives a rare book illustration by the forefather of British Romanticism, William Blake.

Night the First is part of a triptych of limited edition prints based on Blake's illustrated title pages for Edward Young's celebrated 18th-century poem, The Complaint, and the Consolation. While he created over 500 watercolour designs for the project, only 43 were engraved for the 1797 edition. Now, just 28 hand-coloured copies are known to exist, including a copy held at Sir John Soane's Museum. These detailed pieces are considered defining masterpieces of Blake's early work.

Each edition is authenticated with a debossed Museum stamp and accompanied by a certificate of authenticity signed by Will Gompertz, Deborah Loeb Brice Director, Sir John Soane’s Museum.

By collecting this work, supporters directly contribute to Sir John Soane's Museum – the architect's former London home, where his collection remains displayed exactly as he left it on his death in 1837.","Authenticated with a debossed museum stamp.
Each edition is accompanied by a certificate of authenticity, signed by Museum Director Will Gompertz.","Archival pigment print on Hahnemühle Photo Rag Bright White 310gsm paper.","","","",""
120892365145499,"Tomás Sánchez - Pensamiento - Nube by Tomás Sánchez",15706436600190,"/products/tomas-sanchez-pensamiento-nube","https://avantarte.com/products/tomas-sanchez-pensamiento-nube","2026-09-14T13:01:22.921000","2025-12-09T14:33:48.856000","","","","[""print""]","","","","TBC","Tomás Sánchez captures his spiritual homeland in a new limited edition print of a defining work.

Pensamiento-nube, originally painted in 2008, is a quintessential example of the hyperreal landscapes which have made Tomás one of the most important living Cuban artists. Inspired by the Romantics and his daily meditation practice, he creates incredibly detailed tropical scenes that encompass the physical wonder of the natural world and its immense spiritual power.

In this artwork, a small figure, possibly the artist himself, observes a lush canopy and vast sky – a moment where observation becomes meditation, as the title Thought - Cloud suggests.

This archival pigment print faithfully translates the luminous detail and meditative atmosphere of the original painting.","Signed by the artist. Individually numbered.","Archival pigment print on Somerset Tub Sized Radiant White 410gsm paper.","","","","Led by master framer Roos Deutz, our team of skilled artisans hand-crafts every frame to order from our bespoke framing studio.

For this edition, prints can be ordered float-mounted in one of three framing options:"
118776181583759,"Ai Weiwei - Self-Portrait Embroidery (Purple & Yellow) by Ai Weiwei",15699162005886,"/products/ai-weiwei-self-portrait-embroidery-purple-yellow","https://avantarte.com/products/ai-weiwei-self-portrait-embroidery-purple-yellow","2026-09-14T13:01:22.921000","2025-12-10T14:05:42.749000","","","","[""print""]","","","","Discover Ai Weiwei’s landmark self-portrait reimagined as a limited edition embroidery, translating his defiant spirit, political conviction, and toy-brick aesthetic into richly textured textile works.","Ai Weiwei transforms a defiant self-portrait into a new limited edition embroidery.

In 2011, following 81 days in detention with Chinese authorities, Weiwei and his team secretly created toy brick portraits of global political prisoners for a major show at the decommissioned Alcatraz prison in San Francisco. Due to his passport being confiscated, Weiwei was unable to attend the exhibition, uniting him in solidarity with his subjects.

This pixelated embroidery translates a self-portrait of Weiwei with a shaved head and scar – the result of police brutality following his investigation into the 2008 Sichuan earthquake, which caused the artist to haemorrhage. It forms a powerful statement of persistence and solidarity, reflecting Weiwei’s unwavering belief that “it is your duty as an artist to fight and to protect freedom of speech.”

This limited edition textile piece features approximately 460,000 stitches, embroidered in 5 colours on 230gsm cotton and mounted in a bespoke frame, meticulously crafted to translate the pixelated texture and bold presence of the original toy brick work.","Signed by the artist via stickers on the back. Individually numbered.","Textile artwork with approximately 460,000 stitches, embroidered in 5 colours on 230gsm cotton and mounted in a bespoke, unglazed frame.","","","","Each embroidery includes a frame in one of two colour options. "
122644634391073,"Pejac - SELF-DEFENCE by Pejac",15712468435326,"/products/pejac-self-defence-12pm","https://avantarte.com/products/pejac-self-defence-12pm","2026-09-14T13:01:22.921000","2026-01-12T08:50:25.438000","","","","[""print""]","","","","Collect a new limited edition silkscreen print by Spanish artist Pejac: a series composed of 12 works depicting a single day in the life of an icebreaker ship, circling endlessly through a frozen polar landscape. ","This hand-finished limited edition print forms part of Pejac’s ambitious new project, SELF-DEFENCE.

Translating 12 original paintings by the artist, the series depicts a day in the life of an icebreaker ship, circling endlessly through a frozen polar landscape. The icebreaker moves counterclockwise, representing a 12-hour countdown. Each print represents a different hour of the day, as the vessel traces its path like a hand on an imaginary clock.

This 28-colour silkscreen features a hand-finished beam of light from the ship’s bow – applied in Pejac's studio in Madrid to each individual print using spray and stencil techniques. The team at Make-Ready, our specialist fine art print studio in London, have translated the artist’s original works to a result the artist described as the “highest possible level of fidelity and detail, achieved thanks to the exceptional technical work, meticulous adjustments and absolute precision at every stage.”

Discover the collaboration.","Signed by the artist. Individually numbered.","28 colour silkscreen on Somerset Tub Sized Radiant White 410gsm with spray-painted acrylic details.","","","","Prints can be ordered float-mounted in one of three framing options:"
113509799978370,"Johnson Tsang - Work in Progress by Johnson Tsang",15674906345854,"/products/johnson-tsang-work-in-progress","https://avantarte.com/products/johnson-tsang-work-in-progress","2026-09-14T13:01:22.921000","2025-12-01T11:18:11.634000","","","","[""sculpture""]","","","","Discover a profound new limited edition sculpture by renowned Hong Kong artist Johnson Tsang, created during his recovery from stroke. ","A new sculpture by Johnson Tsang holds a powerful personal story of recovery.

Work in Progress is a limited edition sculpture depicting a face emerging from wet clay, still being shaped by unseen hands. Created during the artist’s rehabilitation from a stroke, it reflects the way life moulds us – sometimes by our own hands, sometimes by forces beyond our control. Reflecting on the experience, Johnson said: “I finally opened my heart and began to embrace everything. Not to draw conclusions about my life, but to accept it with an open mind and let every experience become a cherished memory that will mark and sculpt my later years.”

Each resin-cast sculpture is finished with matte spray paint, creating a smooth texture that emulates the porcelain of Tsang's original work, his signature medium for exploring the depths of the human condition.","Artist's signature engraved on the back of the sculpture.","Resin cast sculpture with matte spray paint finish.","","","",""
122619171270675,"Pejac - SELF-DEFENCE by Pejac",15712471155070,"/products/pejac-self-defence-5am","https://avantarte.com/products/pejac-self-defence-5am","2026-09-14T13:01:22.921000","2026-01-12T08:53:19.856000","","","","[""print""]","","","","Collect a new limited edition silkscreen print by Spanish artist Pejac: a series composed of 12 works depicting a single day in the life of an icebreaker ship, circling endlessly through a frozen polar landscape. ","This hand-finished limited edition print forms part of Pejac’s ambitious new project, SELF-DEFENCE.

Translating 12 original paintings by the artist, the series depicts a day in the life of an icebreaker ship, circling endlessly through a frozen polar landscape. The icebreaker moves counterclockwise, representing a 12-hour countdown. Each print represents a different hour of the day, as the vessel traces its path like a hand on an imaginary clock.

This 28-colour silkscreen features a hand-finished beam of light from the ship’s bow – applied in Pejac's studio in Madrid to each individual print using spray and stencil techniques. The team at Make-Ready, our specialist fine art print studio in London, have translated the artist’s original works to a result the artist described as the “highest possible level of fidelity and detail, achieved thanks to the exceptional technical work, meticulous adjustments and absolute precision at every stage.”

Discover the collaboration.","Signed by the artist. Individually numbered.","28 colour silkscreen on Somerset Tub Sized Radiant White 410gsm with spray-painted acrylic details.","","","","Prints can be ordered float-mounted in one of three framing options:"
81218959993666,"Kukwon Woo - Waterfall (Rōben) by Kukwon Woo",15534532329854,"/products/kukwon-woo-waterfall-roben","https://avantarte.com/products/kukwon-woo-waterfall-roben","2026-09-14T13:01:22.922000","2025-08-18T12:14:51.468000","","","","[""print""]","","","","Collect a bespoke textured print by Korean artist Kukwon Woo, based on the historic series A Tour of Waterfalls in the Provinces (1833-1834) by Japanese master Hokusai. ","Kukwon Woo channels the sacred spirit of Japanese waterfalls in a new multi-layered print.

Waterfall (Rōben) is one of several 2025 waterfall paintings by the Korean artist, fusing inspiration from Hokusai’s historic series, A Tour of Waterfalls in the Provinces (1833-1834), with quotes from the Bible. In this particular work, Woo inscribes a passage from Psalm 42: ""Deep calls to deep in the roar of your waterfalls; all your waves and breakers have swept over me."" The juxtaposition of the Japanese master’s Ukiyo-e style with Christian scripture creates what the artist describes as an ""ironic narrative"",  where familiar Eastern imagery becomes a vessel for cross-cultural spirituality.

This richly textured, 13-layer archival pigment print honours the delicate beauty of traditional Japanese woodblock printmaking as well as Woo's contemporary conceptual vision.","","","","","",""
104219679521072,"Keita Morimoto - Evening Embers by Keita Morimoto",15637082145150,"/products/keita-morimoto-evening-embers","https://avantarte.com/products/keita-morimoto-evening-embers","2026-09-14T13:01:22.922000","2025-11-18T09:23:16.917000","","","","[""print""]","","","","Collect a new limited edition print by Japanese artist Keita Morimoto, depicting his studio neighborhood in Tokyo with geometric shapes inspired by Japanese kanban architecture.","In this new limited edition print, Keita Morimoto opens a portal to Tokyo at night.

Evening Embers, originally painted in 2025, depicts a scene from the artist's studio neighbourhood in Tokyo, with geometric shapes inspired by Japanese Kanban architecture. The piece features a quintessential motif in Keita’s practice: a window softly lit from inside. For the artist, the window represents a portal to another world, nodding to the pre-modernist idea that a painting is a 'window' to another space. Inspired by the work of Edward Hopper and William Eggleston, this piece captures the quietly transcendent magic of everyday city life.

The edition features silkscreen-printed gold shimmer details, creating a glowing, luminous atmosphere that contrasts with the soft matte textures surrounding it.","Signed by the artist. Individually numbered.","Archival pigment print with silkscreen printed gold shimmer details and a matte varnish seal on Somerset TS White 410gsm paper","","","Edition size confirmed after the 48 hours release",""
99307793706804,"Harland Miller - TBA",15615361712510,"/products/harland-miller-xxx-2023-small","https://avantarte.com/products/harland-miller-xxx-2023-small","2026-09-14T13:01:22.922000","2025-10-17T12:08:48.329000","","","","[""print""]","","","","TBA","A special edition produced to mark the 75th anniversary of the ICA. All sales proceeds will go towards supporting ICA's future events, exhibitions and learning programme.

XXX, is taken from a painting of the same title, first shown in the artist’s 2019 solo show at White Cube, Hong Kong. The print takes the form of the cover of a novel, with the top section a complex graphic layering of letters and colours, counterbalanced by a clean band of neutral colour bearing the title and author/artist’s name, where drips of paint at the bottom of the canvas expose its layering of colours. The work is part of an ongoing series, where Miller employs mono or bi-syllabic words to create hard-edged letter paintings with bold, saturated colours that reference, amongst others, Robert Rauschenberg and Ed Ruscha’s use of vernacular signage and motifs. Miller depicts the letters in a range of typefaces, through a process of isolating, overlaying and reconnecting, to create a sense of depth in the image that deconstructs and abstracts the meaning of language itself. Inspired by illuminated manuscripts, these works bring a Pop sensibility to the lettering of medieval monks, connecting the sacred with the everyday.

The letter X is significant to the artist in its form and design but also given its connotations and connection to punk culture and X-rated cinema. The letters XXX are built up from layers of various colours, their image suggesting objects in motion, where several forms are compressed at once, kaleidoscopic and transparent – like a series of sequential, transparent slides.","","","","","5 available in the private room",""
79404941970781,"Glenn Brown - Higher Than The Sun by Glenn Brown",15518731796862,"/products/glenn-brown-higher-than-the-sun","https://avantarte.com/products/glenn-brown-higher-than-the-sun","2026-09-14T13:01:22.922000","2025-08-13T09:18:58.078000","","","","[""print""]","","","","Collect a new limited edition signed print by British artist Glenn Brown, CBE. In Higher Than The Sun, the artist weaves together a tapestry of art historical and pop culture references to create an entirely new composition – exclusive for our debut collaboration.","Glenn Brown weaves a tapestry of references in this new limited edition print.

Renowned for transforming art historical and pop cultural imagery into obsessively detailed, often grotesque paintings, the British artist produces only a handful of works each year. For this edition, he reimagines his original oil painting Black Ships Ate the Sky (2020), itself based on two 16th-century portraits: Andrea del Sarto’s Head of a Man in Profile Looking Up and an unknown artist’s (Circle of Carlo Maratta) portrait of Alexander the Great.

In Higher Than the Sun, Brown subtly distorts colour and proportion from Black Ships Ate the Sky, while introducing a bold black bar at the image’s base – homage to a vintage Star Wars poster. Created in close collaboration with our master printmakers at Make-Ready, the edition has been meticulously crafted as a wholly new creation in its own right.","","","","","",""
82618471323091,"Harland Miller - This is where it’s fucking at – Orange by Harland Miller",15539481084286,"/products/harland-miller-this-is-where-its-fuckin-at","https://avantarte.com/products/harland-miller-this-is-where-its-fuckin-at","2026-09-14T13:01:22.922000","2025-08-22T11:04:02.784000","","","","[""print""]","","","","Collect your own piece of Harland Miller iconic Penguin legacy, celebrating 90 years of Penguin Books in support of the Design Museum.","Marking 90 years of Penguin Books, Harland Miller unveils the final-ever edition release of his beloved Penguin paintings.

A new limited edition silkscreen print, This Is Where It’s Fuckin At is part of the British artist’s iconic Penguin collection. First exhibited in 1996 at London’s Institute of Contemporary Arts, where he later became Writer in Residence, the series reimagines vintage book jackets as large-scale paintings with wry, often provocative titles. The series propelled Harland to art-world stardom and is now one of contemporary art’s most sought-after pieces.

For the last print release of this seminal series, Harland has chosen five of his most well-known titles and paired them with iconic Penguin cover colours. The collection is a result of close collaboration with the master printmakers at Make-Ready – a celebration of the art of both printmaking and painting brought to life in textured layers that faithfully-translate Harland’s cherished brushstroke. This piece launches in support of the artist’s upcoming Design Museum exhibition.","","","","","",""
104230231115443,"Keita Morimoto - Jewel Box by Keita Morimoto",15637082079614,"/products/keita-morimoto-jewel-box","https://avantarte.com/products/keita-morimoto-jewel-box","2026-09-14T13:01:22.922000","2025-11-18T09:23:10.074000","","","","[""print""]","","","","Collect a new limited edition print by Japanese artist Keita Morimoto. The piece invites the viewer to “step through the image” and dwell in the magic of everyday life.","Keita Morimoto’s new limited edition print is a poetic portrait of Tokyo.

Jewel Box, painted in 2024, depicts a woman standing before a glowing glass cabinet outside a Tokyo restaurant. The soft glow of the urban window is a quintessential motif in Keita’s practice. It represents a portal to another world, nodding to the pre-modernist idea that a painting is a ‘window’ to another space. For the artist, the piece invites the viewer to “step through the image” and dwell in the fleeting moments of harmony between light, architecture and human presence. Inspired by the work of Edward Hopper and William Eggleston, this piece captures the quietly transcendent magic of everyday life.

This edition features silkscreen gold shimmer details that enhance its transportive atmosphere, with speckles of shine contrasting against soft matte textures.","Signed by the artist. Individually numbered.","Archival pigment print with silkscreen printed gold shimmer details and a matte varnish seal on Somerset TS White 410gsm paper","","","Edition size confirmed after the 48 hours release",""
82625534617152,"Harland Miller - Love saves the day – Pink by Harland Miller",15539573588350,"/products/harland-miller-love-saves-the-day","https://avantarte.com/products/harland-miller-love-saves-the-day","2026-09-14T13:01:22.922000","2025-08-22T11:28:36.651000","","","","[""print""]","","","","Collect your own piece of Harland Miller iconic Penguin legacy, celebrating 90 years of Penguin Books in support of the Design Museum.","Marking 90 years of Penguin Books, Harland Miller unveils the final-ever edition release of his beloved Penguin paintings.

A new limited edition silkscreen print, Love Saves The Day is part of the British artist’s iconic Penguin collection. First exhibited in 1996 at London’s Institute of Contemporary Arts, where he later became Writer in Residence, the series reimagines vintage book jackets as large-scale paintings with wry, often provocative titles. The series propelled Harland to art-world stardom and is now one of contemporary art’s most sought-after pieces.

For the last print release of this seminal series, Harland has chosen five of his most well-known titles and paired them with iconic Penguin cover colours. The collection is a result of close collaboration with the master printmakers at Make-Ready – a celebration of the art of both printmaking and painting brought to life in textured layers that faithfully-translate Harland’s cherished brushstroke. This piece launches in support of the artist’s upcoming Design Museum exhibition.","","","","","",""
99935198772211,"Judy Chicago - 'Reincarnation Triptych' - by Judy Chicago",15617357775230,"/products/judy-chicago-reincarnation-triptych","https://avantarte.com/products/judy-chicago-reincarnation-triptych","2026-09-14T13:01:22.922000","2025-10-16T15:52:06.113000","","","","[""print""]","","","","Collect a new limited edition silkscreen print by Judy Chicago. 'Reincarnation Triptych' unites three iconic works in one edition. ","Judy Chicago shares the first-ever limited edition print of her legendary Reincarnation Triptych.

Reincarnation Triptych was originally created in 1973 at the height of the women's liberation movement, part of a series of abstract portraits of important historic women, entitled Great Ladies. Uniting three of her most famous works from the series in one piece for the first time, the artist interprets three literary figures: 19th-century philosopher Madame de Staël, French novelist George Sand and modernist writer Virginia Woolf. Each panel features exactly forty words describing the woman represented, written in the Palmer method, a mode of handwriting which the artist learnt as a child. The work epitomises the artist's signature iconography, with its nuanced colour gradients and hypnotising concentric forms.

This 24-colour silkscreen edition has been hand-crafted at our fine art printmaking studio, Make-Ready. It is finished with matte, satin and sparkle gloss varnish – capturing the ethereal quality of Judy's original work.","","","","","",""
99311479336736,"Harland Miller - TBA",15615361778046,"/products/harland-miller-xxx-2023-large","https://avantarte.com/products/harland-miller-xxx-2023-large","2026-09-14T13:01:22.922000","2025-10-17T12:08:52.545000","","","","[""print""]","","","","TBA","A special edition produced to mark the 75th anniversary of the ICA. All sales proceeds will go towards supporting ICA's future events, exhibitions and learning programme.

XXX, is taken from a painting of the same title, first shown in the artist’s 2019 solo show at White Cube, Hong Kong. The print takes the form of the cover of a novel, with the top section a complex graphic layering of letters and colours, counterbalanced by a clean band of neutral colour bearing the title and author/artist’s name, where drips of paint at the bottom of the canvas expose its layering of colours. The work is part of an ongoing series, where Miller employs mono or bi-syllabic words to create hard-edged letter paintings with bold, saturated colours that reference, amongst others, Robert Rauschenberg and Ed Ruscha’s use of vernacular signage and motifs. Miller depicts the letters in a range of typefaces, through a process of isolating, overlaying and reconnecting, to create a sense of depth in the image that deconstructs and abstracts the meaning of language itself. Inspired by illuminated manuscripts, these works bring a Pop sensibility to the lettering of medieval monks, connecting the sacred with the everyday.

The letter X is significant to the artist in its form and design but also given its connotations and connection to punk culture and X-rated cinema. The letters XXX are built up from layers of various colours, their image suggesting objects in motion, where several forms are compressed at once, kaleidoscopic and transparent – like a series of sequential, transparent slides.","","","","","14 available in the private room",""
82621693131376,"Harland Miller - I’ll never forget what I can’t remember – Blue by Harland Miller",15539533349246,"/products/harland-miller-ill-never-forget-what-i-cant-remember","https://avantarte.com/products/harland-miller-ill-never-forget-what-i-cant-remember","2026-09-14T13:01:22.922000","2025-08-22T11:09:42.915000","","","","[""print""]","","","","Collect your own piece of Harland Miller iconic Penguin legacy, celebrating 90 years of Penguin Books in support of the Design Museum.","Marking 90 years of Penguin Books, Harland Miller unveils the final-ever edition release of his beloved Penguin paintings.

A new limited edition silkscreen print, I’ll Never Forget What I Can’t Remember is part of the British artist’s iconic Penguin collection. First exhibited in 1996 at London’s Institute of Contemporary Arts, where he later became Writer in Residence, the series reimagines vintage book jackets as large-scale paintings with wry, often provocative titles. The series propelled Miller to art-world stardom and is now one of contemporary art’s most sought-after pieces.

For the last print release of this seminal series, Harland has chosen five of his most well-known titles and paired them with iconic Penguin cover colours. The collection is a result of close collaboration with the master printmakers at Make-Ready – a celebration of the art of both printmaking and painting brought to life in textured layers that faithfully-translate Harland’s cherished brushstroke. This piece launches in support of the artist’s upcoming Design Museum exhibition.","","","","","",""
77288420664862,"Ai Weiwei - Coloured Vase (Blue, Red, Green) by Ai Weiwei",15521927496062,"/products/ai-weiwei-coloured-vase-green-blue-and-red","https://avantarte.com/products/ai-weiwei-coloured-vase-green-blue-and-red","2026-09-14T13:01:22.922000","2025-08-07T09:34:18.543000","","","","[""sculpture""]","","","","Ai Weiwei releases a highly anticipated vase sculpture trio, blending ancient craft and modern-day iconography, produced in brass with our artists' metal partners.","This new limited edition vase sculpture sees Ai Weiwei reimagine one of his most iconic mediums.

Weiwei has long engaged with ancient Chinese pottery as a means of cultural and political critique – most famously in his 1995 work Dropping a Han Dynasty Urn, in which he let a 2,000-year-old ceremonial vase crash to the floor. Since then, the object has become a prominent and recurring medium in the artist's prolific oeuvre, from branding ancient pots with consumerist symbols like the Coca-Cola  logo, to dripping Neolithic objects in household paint. Coloured Vase (Green, Blue and Red) continues Weiwei's rich ceramic legacy, blending ancient craft and modern-day iconography to question how cultural value is both constructed and commodified.

Each sculpture edition is produced using a highly skilled metal spinning process. This is our second vase edition with Ai Weiwei, following Glass Vase released in 2023.","","","","","Coloured Vase (Green) edition of 95 / Coloured Vase (Blue) edition of 124 / Coloured Vase (Red) edition of 159

Production of the edition begins when the release closes, with vases sent to collectors in the order they purchased",""
98580464968173,"James Jean - Sun Tarot Nebula Print by James Jean",15611420246398,"/products/james-jean-sun-tarot-nebula-print","https://avantarte.com/products/james-jean-sun-tarot-nebula-print","2026-09-14T13:01:22.922000","2025-10-06T14:31:36.278000","","","","[""print""]","","","","Collect a new limited edition print by James Jean, based on the artist’s 2018 painting, Sun Tarot.","This is a new limited edition print by James Jean.

Sun Tarot Nebula Print is based on the artist’s 2018 painting, Sun Tarot, which depicts a kneeling woman holding up the sun tarot card to protect herself from a dark forest. To James, the sun embodies a radiant energy: giving life, clearing the old and fueling rebirth.

This archival pigment print is crafted with silkscreen spot gloss varnish and die-cut bespoke edges. It is part of our new collaborative collection with James, Sun Tarot Nebula. You can browse the full collection here.","","","","","",""
84453419529839,"Tomokazu Matsuyama - Morning Sun Dance by Tomokazu Matsuyama",15546731168126,"/products/tomokazu-matsuyama-morning-sun-dance","https://avantarte.com/products/tomokazu-matsuyama-morning-sun-dance","2026-09-14T13:01:22.922000","2025-08-27T15:29:25.657000","","","","[""print""]","","","","Tomokazu Matsuyama’s new print homages Morning Sun, an iconic 1952 painting by Edward Hopper, currently on view at the Matsuyama’s exhibition at the Edward Hopper House.","Tomokazu Matsuyama reflects on modern life in a vivid ode to American realist Edward Hopper.

Morning Sun Dance, painted in 2025, is the centrepiece of Matsuyama’s current exhibition at Edward Hopper House. The artwork is a homage to the 1952 painting Morning Sun by Edward Hopper, which depicts his wife, Jo, staring out of a window onto a New York skyline. Inspired by Hopper’s renowned use of light, Matsuyama created the piece in his own New York studio. Through his distinctive fusion of Japanese and Western artistic styles and motifs, he reflects on the timeless experience of urban solitude.

This embellished screenprint reflects the artist's painting methodology of meticulously building successive layers with different techniques. The edition's layers are made up of bespoke combinations of shimmer powder and a range of varnishes selected for specific areas of the artwork. The print's custom frame is designed to echo the architectural aspects of the Edward Hopper House itself.","","","","","",""
98609054725337,"Ai Weiwei - Forever Bicycle (Blue & Silver) by Ai Weiwei",15611612365182,"/products/ai-weiwei-forever-bicycle-blue-silver","https://avantarte.com/products/ai-weiwei-forever-bicycle-blue-silver","2026-09-14T13:01:22.922000","2025-10-07T11:46:09.258000","","","","[""print""]","","","","Collect an original composition by Ai Weiwei designed exclusively for this new limited edition print adorned with precious metal leaf, based on one of his most enduring motifs, the bicycle.","Ai Weiwei transforms the humble bicycle into a new limited edition silkscreen print adorned with precious metal leaf.

Throughout his career, Ai Weiwei has used the bicycle as a symbolic motif to explore cultural memory and social change – most prominently in his installation series Forever Bicycles, where thousands of bikes are assembled into towering monuments. Forever Bicycle (Blue & Silver) translates the abstract visual language of these seminal sculptures into a hypnotic two-dimensional form. The edition invites collectors to reflect on themes of mobility, freedom, and the era of rapid modernisation that has reshaped our global economic and social landscape.

Produced in close collaboration with the artist by printmakers at our specialist London print studio, Make-Ready, this limited edition print is finished with hand-applied silver leaf.","","","","","",""
79494892134820,"Maurizio Cattelan - Maurizio Cattelan with Avant Arte",15530135880062,"/products/maurizio-cattelan-we-are-the-revolution","https://avantarte.com/products/maurizio-cattelan-we-are-the-revolution","2026-09-14T13:01:22.922000","2025-08-13T15:18:06.339000","","","","[""sculpture""]","","","","Maurizio Cattelan is an Italian sculptor and conceptual artist. His installation works include Comedian (2019), a banana duct-taped to a wall, and America (2016), a fully-functioning solid gold toilet. He is regarded as both an art world prankster, and one of the most influential contemporary artists. ","Maurizio Cattelan makes himself the punchline in this hand-painted, sculptural self-portrait.

A new limited edition sculpture, the work is the latest of Maurizio's revered miniatures – perhaps the most famous of which, La Rivoluzione Siamo Noi (2000), nods to German artist Joseph Beuys and his canonical felt suit. Cattelan’s motto, “I am not really an artist,” flips Beuys’ famous claim that “every man is an artist”. The statement encapsulates the tongue-in-cheek sentiment of this sculpture: at once a parody of Cattelan’s own role as creator and a reflection on the place of the artist in society.

Each edition is individually numbered and includes a certificate of authenticity signed by the artist.","","","","","",""
98853852820719,"Ai Weiwei - Bicycle (Red with Gold Leaf) by Ai Weiwei",15611612332414,"/products/ai-weiwei-forever-bicycle-red-gold","https://avantarte.com/products/ai-weiwei-forever-bicycle-red-gold","2026-09-14T13:01:22.922000","2025-10-07T11:46:00.655000","","","","[""print""]","","","","Collect an original composition by Ai Weiwei designed exclusively for this new limited edition print adorned with precious metal leaf, based on one of his most enduring motifs, the bicycle.","Ai Weiwei transforms the humble bicycle into a new limited edition silkscreen print adorned with precious metal leaf.

Throughout his career, Ai Weiwei has used the bicycle as a symbolic motif to explore cultural memory and social change – most prominently in his installation series Forever Bicycles, where thousands of bikes are assembled into towering abstract monuments. Forever Bicycle (Red & Gold) translates the abstract visual language of these seminal bicycle sculptures into a hypnotic two-dimensional form. The piece invites collectors to reflect on themes of mobility, freedom, and our current era of rapid modernisation that has reshaped our global economic and social landscape.

Produced in close collaboration with the artist by master printmakers at our London print studio, Make-Ready, this limited edition print is finished with hand-applied silver leaf.","","","","","",""
98577638152203,"James Jean - Sun Tarot Nebula & Sun Tarot Nebula Print By James Jean",15611420311934,"/products/james-jean-sun-tarot-nebula-sun-tarot-nebula-print","https://avantarte.com/products/james-jean-sun-tarot-nebula-sun-tarot-nebula-print","2026-09-14T13:01:22.922000","2025-10-06T14:31:26.760000","","","","[""print"", ""sculpture""]","","","","Collect a new limited edition sculpture and print duo by James Jean, based on the artist’s 2018 painting, Sun Tarot.","This is a new limited edition sculpture and print duo by James Jean.

Sun Tarot Nebula is a resin sculpture crafted with a pearlescent painted finish and includes a detachable sun tarot card. Sun Tarot Nebula Print is an archival pigment print with silkscreen spot gloss varnish and die-cut bespoke edges, also depicting the sun tarot card motif. To James, the sun symbol embodies a radiant energy: giving life, clearing the old and fueling rebirth.

This duo is part of our new collaborative collection with James, Sun Tarot Nebula. You can browse the full collection here.","Sculpture: Edition number and signature engraved on base.

Print: Signed by artist via bespoke signature stickers.","Sculpture: Resin sculpture with a multi-layer pearlescent painted finish.

Print: Archival pigment print with silkscreen spot gloss varnish on Hahnemuhle Photo Rag Bright White 310gsm paper, die-cut to bespoke shape.","","","Sculpture: Edition of 113 / Print: Edition of 162",""
104573159442357,"Katharina Grosse - Untitled by Katharina Grosse",15637082276222,"/products/katharina-grosse-untitled-ii","https://avantarte.com/products/katharina-grosse-untitled-ii","2026-09-14T13:01:22.922000","2025-11-06T18:49:09.133000","","","","[""print""]","","","","German artist Katharina Grosse translates her explosive spray-painted landscapes into a new limited edition print, its electric, fast-flowing streaks at once automatic, instinctive and magnetically compelling. ","Katharina Grosse translates her explosive spray-painted landscapes into a new limited edition print.

Part of a triptych of silkscreen editions, Untitled captures the German artist's signature approach to colour and gesture, encapsulating the immersive scale of her renowned in-situ paintings that have transformed contemporary art spaces from Art Basel's Messeplatz to the Arsenale of the Venice Biennale. In her painting process, Grosse uses an industrial spray gun to extend her reach and speed, transforming surfaces and spaces into immersive experiences where the painted image and the real world collide. This work is a prime example of Grosse's artistic philosophy – its electric, fast-flowing streaks are at once automatic, instinctive and magnetically compelling.

This silkscreen print was carefully crafted to translate the liquidity and atmospheric depth of Grosse's trademark spray-painted technique. The edition was made in close collaboration with the artist and printmakers at our specialist fine art print studio, Make-Ready.","Signed by the artist. Individually numbered.","25 colour silkscreen on 410gsm Somerset Tub Sized Radiant White paper.","","","","Prints can be ordered float-mounted in one of four framing options:"
98585753450086,"James Jean - Sun Tarot Nebula Pollen Print by James Jean",15611423555966,"/products/james-jean-sun-tarot-nebula-pollen-print","https://avantarte.com/products/james-jean-sun-tarot-nebula-pollen-print","2026-09-14T13:01:22.922000","2025-10-06T14:31:42.577000","","","","[""print""]","","","","Collect a new limited edition print by James Jean, based on the artist’s 2018 painting, Sun Tarot.","This is a new limited edition print by James Jean.

Sun Tarot Nebula Pollen Print is based on the artist’s 2018 painting, Sun Tarot, which depicts a kneeling woman holding up the sun tarot card to protect herself from a dark forest. In this composition, the woman holds a butterfly tarot card. To James, the butterfly embodies transformation: shedding its former self to emerge as a new life.

This archival pigment print is crafted with silkscreen spot gloss varnish and die-cut bespoke edges. It is part of our new collaborative collection with James, Sun Tarot Nebula. You can browse the full collection here.","","","","","",""
81248775242573,"Kukwon Woo - Waterfall (Kirifuri) & Waterfall (Amida) by Kukwon Woo",15534623064446,"/products/kukwon-woo-waterfall-kirifuri-waterfall-amida","https://avantarte.com/products/kukwon-woo-waterfall-kirifuri-waterfall-amida","2026-09-14T13:01:22.922000","2025-08-18T14:05:16.002000","","","","[""print""]","","","","Collect bespoke textured prints by Korean artist Kukwon Woo, based on the historic series A Tour of Waterfalls in the Provinces (1833-1834) by Japanese master Hokusai. ","A pair of prints by Kukwon Woo channels the sacred spirit of Japanese waterfalls.

Waterfall (Kirifuri) and Waterfall (Amida) are drawn from the Korean artist's 2025 waterfall series, fusing inspiration from Hokusai's historic series, A Tour of Waterfalls in the Provinces (1833-1834), with quotes from the Bible. The juxtaposition of the Japanese master's Ukiyo-e style with Christian scripture creates what the artist describes as an ""ironic narrative"", where familiar Eastern imagery becomes a vessel for cross-cultural spirituality.

These richly textured, 13-layer archival pigment prints honour the delicate beauty of traditional Japanese woodblock printmaking as well as Woo's contemporary conceptual vision.","","","","","",""
82627214607411,"Harland Miller - The Final Five by Harland Miller",15539588465022,"/products/harland-miller-the-final-five","https://avantarte.com/products/harland-miller-the-final-five","2026-09-14T13:01:22.922000","2025-08-22T11:31:53.504000","","","","[""print""]","","","","seo","Marking 90 years of Penguin Books, Harland Miller unveils the final-ever edition release of his beloved Penguin paintings.

A collection of five limited edition silkscreen prints, Harland has selected some of his most well-known titles, pairing them with the iconic colours of Penguin.

First exhibited in 1996 at London’s Institute of Contemporary Arts, where he later became Writer in Residence, Harland's Penguin series reimagines vintage book jackets as large-scale paintings with wry, often provocative titles. The series propelled Miller to art-world stardom and is now one of contemporary art’s most sought-after pieces.

The last print release of this seminal series is a result of close collaboration with the master printmakers at Make-Ready – a celebration of the art of both printmaking and painting brought to life in textured layers that faithfully-translate Harland’s cherished brushstroke. This piece launches in support of the artist’s upcoming Design Museum exhibition.","","","","","",""
94660068796951,"Harmonia Rosales - Portrait of Eve & Eve and the Orishas by Harmonia Rosales",15590224068990,"/products/harmonia-rosales-portrait-of-eve-and-eve-and-the-orishas","https://avantarte.com/products/harmonia-rosales-portrait-of-eve-and-eve-and-the-orishas","2026-09-14T13:01:22.922000","2025-09-25T15:37:45.027000","","","","[""print""]","","","","Collect a pair of limited edition signed prints by Chicago-born painter Harmonia Rosales. Together, they showcase the Cuban-American artist's signature approach to reclaiming classical narratives through an Afrocentric lens.","An ornate pair of prints by Harmonia Rosales weaves the story of Eve with Yoruba mythology.

Portrait of Eve & Eve and the Orishas were both originally painted in 2021 with oil and 24-carat gold leaf. Portrait of Eve serves as the cover of the artist's new book, Chronicles of Ori. It depicts the biblical matriarch crowned with a symbol of Ori, the Yoruba concept of spiritual intuition and destiny. Eve and the Orishas captures the essence of the book's themes, showing the diasporic Yoruba culture fighting to preserve identity against Western narratives.

These two archival pigment prints are finished with a matte varnish to emulate the textures in the original artworks. Portrait of Eve has an additional shimmer detail to enhance the prominent use of gold. Both editions have been carefully crafted by our artisan printmakers at Make-Ready in close collaboration with the artist.","","","","","Edition size confirmed after the 48 hours release",""
77269078876853,"Ai Weiwei - Coloured Vase (Blue) by Ai Weiwei",15509505212798,"/products/ai-weiwei-coloured-vase-blue","https://avantarte.com/products/ai-weiwei-coloured-vase-blue","2026-09-14T13:01:22.922000","2025-08-07T08:20:38.982000","","","","[""sculpture""]","","","","Ai Weiwei releases a highly anticipated new sculpture edition, blending ancient craft and modern-day iconography, produced in brass with our artists' metal partners.","This new limited edition vase sculpture sees Ai Weiwei reimagine one of his most iconic mediums.

Weiwei has long engaged with ancient Chinese pottery as a means of cultural and political critique – most famously in his 1995 work Dropping a Han Dynasty Urn, in which he let a 2,000-year-old ceremonial vase crash to the floor. Since then, the object has become a prominent and recurring medium in the artist's prolific oeuvre, from branding ancient pots with consumerist symbols like the Coca-Cola logo, to dripping Neolithic objects in household paint. Coloured Vase (Blue) continues Weiwei's rich ceramic legacy, blending ancient craft and modern-day iconography to question how cultural value is both constructed and commodified.

This sculpture edition is produced using a highly skilled metal spinning process. This is our second vase edition with Ai Weiwei, following Glass Vase released in 2023.","","","","","Production of the edition begins when the release closes, with vases sent to collectors in the order they purchased",""
88963539181439,"Ahmed Mater - Magnetism by Ahmed Mater",15566847312254,"/products/ahmed-mater-magnetism-25","https://avantarte.com/products/ahmed-mater-magnetism-25","2026-09-14T13:01:22.922000","2025-09-09T10:08:54.635000","","","","[""print""]","","","","Our debut collaboration with influential Saudi artist Ahmed Mater channels the magnetic force of Mecca, with a key work from his seminal Magnetism series.","Our debut collaboration with influential Saudi artist Ahmed Mater channels the magnetic force of Mecca.

Magnetism 25 reflects the artist’s deep understanding of science and spirituality, drawing from his background as a trained doctor turned contemporary artist. Part of an ongoing series first shown at the 2009 Venice Biennale, the installation places two magnets in opposition to one another: one visibly positioned at the centre, the other hidden below the surface. Together, they exert both attractive and repulsive forces on the surrounding iron filings and create a swirling magnetic field. While the work is deeply rooted in the artist’s cultural and religious background, it is made using a universal scientific principle. The tension between attraction and repulsion serves as a metaphor for tradition and progress, collectivism and personal space.

The edition came to life through innovative printing techniques and is our most complex textured archival print to date. It features a meticulous pigment process where the central cube is raised 9.5mm, allowing collectors to experience both the visual and tactile dimensions of this emotive ode to collective devotion.","","","","","35 available in the auction",""
94638933222268,"Harmonia Rosales - Eve and the Orishas by Harmonia Rosales",15587742155134,"/products/harmonia-rosales-eve-and-the-orishas","https://avantarte.com/products/harmonia-rosales-eve-and-the-orishas","2026-09-14T13:01:22.922000","2025-09-25T15:36:44.485000","","","","[""print""]","","","","This ornate limited edition print by Chicago-born artist Harmonia Rosales celebrates Yoruba deities fighting back against European narratives of faith.","An ornate print by Harmonia Rosales celebrates an epic tale of Yoruba deities.

Eve and the Orishas is based on the Baroque painting Consequences of War (1628) by Peter Paul Rubens. However, in this rendition, the artist depicts Yoruba deities (Orishas) and the biblical figure of Eve defending their own cultural identities in the face of European attempts to entrap them in Western Christian narratives. An allegory for the diasporic Yoruba religion, Lucumí, also called Santería, this painting is a prime example of the Cuban-American painter's renowned skill for re-imagining classical European art through an Afrocentric lens.

This limited edition archival pigment print has been carefully crafted by our artisan printmakers at Make-Ready with a matte varnish to emulate the finish of the original work, painted in 2021.","","","","","",""
79410295736712,"Glenn Brown - A Sailor on the Bed  by Glenn Brown",15518763155838,"/products/glenn-brown-a-sailor-on-the-bed","https://avantarte.com/products/glenn-brown-a-sailor-on-the-bed","2026-09-14T13:01:22.922000","2025-08-13T09:28:57.868000","","","","[""print""]","","","","Collect a new limited edition signed print by British artist Glenn Brown, CBE. In A Sailor on the Bed, the artist weaves together a tapestry of art historical and pop culture references to create an entirely new composition – exclusive for our debut collaboration.","Glenn Brown weaves a tapestry of references in this new limited edition print.

Renowned for transforming art historical and pop cultural imagery into obsessively detailed, often grotesque paintings, the British artist produces only a handful of works each year. For this edition, he reimagines his original oil painting Doggerland (2022–24) – itself rooted in two 16th-century studies: Andrea del Sarto’s Study of the Head of a Young Woman (1523) and Raphael’s Study for the Disciple at the Extreme Left of The Transfiguration (c. 1519–20).

In A Sailor on the Bed, Brown subtly distorts colour and proportion from Doggerland, while introducing a bold black bar at the image’s base – homage to a vintage Star Wars poster. Created in close collaboration with our master printmakers at Make-Ready, the edition has been meticulously crafted as a wholly new creation in its own right.","","","","","",""
98588768797207,"James Jean - Sun Tarot Nebula Nectar Print by James Jean",15611420115326,"/products/james-jean-sun-tarot-nebula-nectar-print","https://avantarte.com/products/james-jean-sun-tarot-nebula-nectar-print","2026-09-14T13:01:22.922000","2025-10-06T14:31:47.231000","","","","[""print""]","","","","Collect a new limited edition print by James Jean, based on the artist’s 2018 painting, Sun Tarot.","This is a new limited edition print by James Jean.

Sun Tarot Nebula Nectar Print is based on the artist’s 2018 painting, Sun Tarot, which depicts a kneeling woman holding up the sun tarot card to protect herself from a dark forest. In this composition, the woman holds a hummingbird tarot card. To James, the hummingbird symbolises lightness, movement, and impermanence, as it darts between flowers to spread its pollen and sustain the balance of nature.

This archival pigment print is crafted with silkscreen spot gloss varnish and die-cut bespoke edges. It is part of our new collaborative collection with James, Sun Tarot Nebula. You can browse the full collection here.","","","","","",""
98587378287157,"James Jean - Sun Tarot Nebula Nectar & Sun Tarot Nebula Nectar Print by James Jean",15611420213630,"/products/james-jean-sun-tarot-nebula-nectar-sun-tarot-nebula-nectar-print","https://avantarte.com/products/james-jean-sun-tarot-nebula-nectar-sun-tarot-nebula-nectar-print","2026-09-14T13:01:22.922000","2025-10-06T14:31:45.180000","","","","[""print"", ""sculpture""]","","","","Collect a new limited edition sculpture and print duo by James Jean, based on the artist’s 2018 painting, Sun Tarot.","This is a new limited edition sculpture and print duo by James Jean.

Sun Tarot Nebula Nectar is a resin sculpture crafted with a pearlescent painted finish and includes a detachable hummingbird tarot card. Sun Tarot Nebula Nectar Print is an archival pigment print with silkscreen spot gloss varnish and die-cut bespoke edges, also depicting the hummingbird tarot card motif. To James, the hummingbird symbolises lightness, movement, and impermanence, as it darts between flowers to spread its pollen and sustain the balance of nature.

This duo is part of our new collaborative collection with James, Sun Tarot Nebula. You can browse the full collection here.","Sculpture: Edition number and signature engraved on base.

Print: Signed by artist via bespoke signature stickers.","Sculpture: Resin sculpture with a multi-layer pearlescent painted finish

Print: Archival pigment print with silkscreen spot gloss varnish on Hahnemuhle Photo Rag Bright White 310gsm paper, die-cut to bespoke shape.","","","Sculpture: Edition of 46 / Print: Edition of 66",""
81876498431756,"Glenn Brown - Higher Than The Sun and A Sailor on the Bed by Glenn Brown",15535985623422,"/products/glenn-brown-higher-than-the-sun-and-a-sailor-on-the-bed","https://avantarte.com/products/glenn-brown-higher-than-the-sun-and-a-sailor-on-the-bed","2026-09-14T13:01:22.922000","2025-08-20T08:55:20.369000","","","","[""print""]","","","","Collect a new limited edition signed print by British artist Glenn Brown, CBE. In A Sailor on the Bed, the artist weaves together a tapestry of art historical and pop culture references to create an entirely new composition – exclusive for our debut collaboration.","In this pair of new limited edition prints, Glenn Brown interlaces a rich tapestry of art historical and pop cultural references.

Created for our debut collaboration, the British artist revisits two of his original oil paintings – Doggerland (2022–2024) and Black Ships Ate the Sky (2020) – themselves inspired by 16th-century classical portraits. Alongside subtle distortions of colour and proportion, Brown introduces a striking new motif – black bars at the base, a nod to vintage Star Wars posters.

To bring the editions to life, the artist worked closely with our master printmakers at Make-Ready to ensure every detail was meticulously considered – assuring the editions stand as distinctive works in their own right.","","","","","Edition size confirmed after the one week release",""
81249770095566,"Kukwon Woo - Waterfall (Kirifuri), Waterfall (Amida), Waterfall (Ono), Waterfall (Rōben) by Kukwon Woo",15534638334334,"/products/kukwon-woo-waterfall-kirifuri-waterfall-amida-waterfall-ono-waterfall-roben","https://avantarte.com/products/kukwon-woo-waterfall-kirifuri-waterfall-amida-waterfall-ono-waterfall-roben","2026-09-14T13:01:22.922000","2025-08-18T14:12:22.006000","","","","[""print""]","","","","Collect bespoke textured prints by Korean artist Kukwon Woo, based on the historic series 'A Tour of Waterfalls in the Provinces' (1833-1834) by Japanese master Hokusai. ","A quartet of prints by Kukwon Woo channels the sacred spirit of Japanese waterfalls.

All four works are drawn from the Korean artist's 2025 waterfall series, fusing inspiration from Hokusai's historic series, A Tour of Waterfalls in the Provinces (1833-1834), with quotes from the Bible. The juxtaposition of the Japanese master's Ukiyo-e style with Christian scripture creates what the artist describes as an ""ironic narrative"", where familiar Eastern imagery becomes a vessel for cross-cultural spirituality.

These richly textured, 13-layer archival pigment prints honour the delicate beauty of traditional Japanese woodblock printmaking as well as Woo's contemporary conceptual vision.","","","","","",""
108810440419775,"Joakim Ojanen - The dance we dance when we are together by Joakim Ojanen",15657729425790,"/products/joakim-ojanen-the-dance-we-dance-when-we-are-together","https://avantarte.com/products/joakim-ojanen-the-dance-we-dance-when-we-are-together","2026-09-14T13:01:22.922000","2025-11-10T14:23:15.573000","","","","[""print""]","","","","Collect a signature artwork by Swedish artist Joakim Ojanen, that captures the delicate tension between innocence and vulnerability that defines Joakim’s practice.","A new limited edition print by Joakim Ojanen pulls out the inner child within us all.

The dance we dance when we are together showcases the Swedish artist’s signature cartoon-like figures entangled in a playful yet introspective embrace. The work embodies his ongoing exploration of emotion and identity, where humour and melancholy coexist in perfect balance. Complete with elastic limbs and mischievous faces, these childlike creatures distill the delicate tension between innocence and vulnerability that defines Joakim’s practice.

This signed edition was crafted at our specialist fine art print studio, Make-Ready, in close collaboration with the artist to preserve the vivacity and warmth of his original painting.","Signed by the artist. Individually numbered.","Archival pigment print with a matte varnish seal on 410gsm Somerset Tub Sized Radiant White paper.","","","","Led by master framer Roos Deutz, our team of skilled artisans hand-crafts every frame to order from our bespoke framing studio. 

For this edition, prints can be ordered float-mounted in one of three framing options:"
81222912903176,"Kukwon Woo - Waterfall (Amida) by Kukwon Woo",15534490091902,"/products/kukwon-woo-waterfall-amida","https://avantarte.com/products/kukwon-woo-waterfall-amida","2026-09-14T13:01:22.922000","2025-08-18T12:23:43.744000","","","","[""print""]","","","","Collect a bespoke textured print by Korean artist Kukwon Woo, based on the historic series A Tour of Waterfalls in the Provinces (1833-1834) by Japanese master Hokusai. ","Kukwon Woo channels the sacred spirit of Japanese waterfalls in a new multi-layered print.

Waterfall (Amida) is one of several 2025 waterfall paintings by the Korean artist, fusing inspiration from Hokusai’s historic series, A Tour of Waterfalls in the Provinces (1833-1834), with quotes from the Bible. In this particular work, Woo inscribes a passage from Psalm 23: ""He makes me lie down in green pastures; He leads me beside quiet waters."" The juxtaposition of the Japanese master’s Ukiyo-e style with Christian scripture creates what the artist describes as an ""ironic narrative"",  where familiar Eastern imagery becomes a vessel for cross-cultural spirituality.

This richly textured, 13-layer archival pigment print honours the delicate beauty of traditional Japanese woodblock printmaking as well as Woo's contemporary conceptual vision.","","","","","",""
105215630592036,"Katharina Grosse - Untitled, Untitled & Untitled by Katharina Grosse",15639314399614,"/products/katharina-grosse-untitled-triptych","https://avantarte.com/products/katharina-grosse-untitled-triptych","2026-09-14T13:01:22.922000","2025-11-06T20:02:51.744000","","","","[""print""]","","","","German artist Katharina Grosse translates her explosive spray-painted landscapes into a new trio of limited edition prints – electric, fast-flowing and magnetically compelling.","Katharina Grosse translates her explosive spray-painted landscapes into a trio of new limited edition prints.

The editions capture the German artist's signature approach to colour and gesture, encapsulating the immersive scale of her renowned in-situ paintings that have transformed contemporary art spaces from MoMA PS1 to the Venice Biennale. In her painting process, Grosse uses the spray gun to distance the artistic act from the hand, creating what she calls ""a screen between producer and spectator"". This triptych is a prime example of Grosse's artistic philosophy – its electric, fast-flowing streaks are at once automatic, instinctive and magnetically compelling.

Carefully crafted in collaboration with the artist and our expert printmakers at Make-Ready, this trio of silkscreen prints translates the liquidity and atmospheric depth of Grosse's signature spray-painted technique.","Signed by the artist. Individually numbered.","25 & 26 colour silkscreens on 410gsm Somerset Tub Sized Radiant White paper.","","","Untitled I - Edition of 216 / Untitled II - Edition of 247 / Untitled III - Edition of 208","We offer custom framing for every edition, with a curated selection of four wooden finishes, each chosen for their versatility across styles, spaces and mediums. "
104528879305780,"Katharina Grosse - Untitled by Katharina Grosse",15637079785854,"/products/katharina-grosse-untitled-i","https://avantarte.com/products/katharina-grosse-untitled-i","2026-09-14T13:01:22.922000","2025-11-06T18:49:02.655000","","","","[""print""]","","","","German artist Katharina Grosse translates her explosive spray-painted landscapes into a new limited edition print, its electric, fast-flowing streaks at once automatic, instinctive and magnetically compelling.","Katharina Grosse translates her explosive spray-painted landscapes into a new limited edition print.

Part of a triptych of silkscreen editions, Untitled captures the German artist's signature approach to colour and gesture, encapsulating the immersive scale of her renowned in-situ paintings that have transformed contemporary art spaces from Art Basel's Messeplatz to the Arsenale of the Venice Biennale. In her painting process, Grosse uses an industrial spray gun to extend her reach and speed, transforming surfaces and spaces into immersive experiences where the painted image and the real world collide. This work is a prime example of Grosse's artistic philosophy – its electric, fast-flowing streaks are at once automatic, instinctive and magnetically compelling.

This silkscreen print was carefully crafted to translate the liquidity and atmospheric depth of Grosse's trademark spray-painted technique. The edition was made in close collaboration with the artist and printmakers at our specialist fine art print studio, Make-Ready.","Signed by the artist. Individually numbered.","26 colour silkscreen on 410gsm Somerset Tub Sized Radiant White paper.","","","","Prints can be ordered float-mounted in one of four framing options:"
104580872268845,"Katharina Grosse - Untitled by Katharina Grosse",15637082210686,"/products/katharina-grosse-untitled-iii","https://avantarte.com/products/katharina-grosse-untitled-iii","2026-09-14T13:01:22.922000","2025-11-06T18:49:16.350000","","","","[""print""]","","","","German artist Katharina Grosse translates her explosive spray-painted landscapes into a new limited edition print, its electric, fast-flowing streaks at once automatic, instinctive and magnetically compelling. ","Katharina Grosse translates her explosive spray-painted landscapes into a new limited edition print.

Part of a triptych of silkscreen editions, Untitled captures the German artist's signature approach to colour and gesture, encapsulating the immersive scale of her renowned in-situ paintings that have transformed contemporary art spaces from Art Basel's Messeplatz to the Arsenale of the Venice Biennale. In her painting process, Grosse uses an industrial spray gun to extend her reach and speed, transforming surfaces and spaces into immersive experiences where the painted image and the real world collide. This work is a prime example of Grosse's artistic philosophy – its electric, fast-flowing streaks are at once automatic, instinctive and magnetically compelling.

This silkscreen print was carefully crafted to translate the liquidity and atmospheric depth of Grosse's trademark spray-painted technique. The edition was made in close collaboration with the artist and printmakers at our specialist fine art print studio, Make-Ready.","Signed by the artist. Individually numbered.","25 colour silkscreen on 410gsm Somerset Tub Sized Radiant White paper.","","","","Prints can be ordered float-mounted in one of four framing options:"
82621211004363,"Harland Miller - Not giving into willpower – Yellow by Harland Miller",15539484361086,"/products/harland-miller-not-giving-into-willpower","https://avantarte.com/products/harland-miller-not-giving-into-willpower","2026-09-14T13:01:22.922000","2025-08-22T11:07:45.975000","","","","[""print""]","","","","Collect your own piece of Harland Miller iconic Penguin legacy, celebrating 90 years of Penguin Books in support of the Design Museum.","Marking 90 years of Penguin Books, Harland Miller unveils the final-ever edition release of his beloved Penguin paintings.

A new limited edition silkscreen print, Not Giving Into Willpower is part of the British artist’s iconic Penguin collection. First exhibited in 1996 at London’s Institute of Contemporary Arts, where he later became Writer in Residence, the series reimagines vintage book jackets as large-scale paintings with wry, often provocative titles. The series propelled Miller to art-world stardom and is now one of contemporary art’s most sought-after pieces.

For the last print release of this seminal series, Harland has chosen five of his most well-known titles and paired them with iconic Penguin cover colours. The collection is a result of close collaboration with the master printmakers at Make-Ready – a celebration of the art of both printmaking and painting brought to life in textured layers that faithfully-translate Harland’s cherished brushstroke. This piece launches in support of the artist’s upcoming Design Museum exhibition.","","","","","",""
98865075281921,"Ai Weiwei - Bicycle (Grey with Silver Leaf) & Bicycle (Red with Gold Leaf) by Ai Weiwei",15611612266878,"/products/ai-weiwei-bicycle-pair","https://avantarte.com/products/ai-weiwei-bicycle-pair","2026-09-14T13:01:22.922000","2025-10-07T11:45:30.121000","","","","[""print""]","","","","Collect a pair of prints by Ai Weiwei designed exclusively for this new limited edition print adorned with precious metal leaf, based on one of his most enduring motifs, the bicycle.","Ai Weiwei transforms the humble bicycle into a pair of new silkscreen prints adorned with precious metal leaf.

Throughout his career, Ai Weiwei has used the bicycle as a powerful symbolic motif to explore cultural memory and social change – most prominently in his installation series Forever Bicycles, where thousands of bikes are assembled into towering abstract monuments. This limited edition pair of prints translates the abstract visual language of these seminal bicycle sculptures into hypnotic two-dimensional forms. The pieces invite collectors to reflect on themes of mobility, freedom, and our current era of rapid modernisation that has reshaped our global economic and social landscape.

Produced in close collaboration with the artist by master printmakers at our London print studio, Make-Ready, each edition is finished with hand-applied silver and gold leaf, respectively.","","Forever Bicycle (Red with Gold Leaf): 3 layer silkscreen print on Somerset 410gsm Somerset Tub Sized Radiant White paper with gold metal leaf embellishment.

Forever Bicycle (Grey with Silver Leaf): 3 layer silkscreen print on Somerset 410gsm Somerset Tub Sized Radiant White paper with silver metal leaf embellishment.","","","",""
81215741506971,"Kukwon Woo - Waterfall (Ono) by Kukwon Woo",15534464696702,"/products/kukwon-woo-waterfall-ono","https://avantarte.com/products/kukwon-woo-waterfall-ono","2026-09-14T13:01:22.922000","2025-08-18T11:54:11.496000","","","","[""print""]","","","","Collect a bespoke textured print by Korean artist Kukwon Woo, based on the historic series A Tour of Waterfalls in the Provinces (1833-1834) by Japanese master Hokusai. ","Kukwon Woo channels the sacred spirit of Japanese waterfalls in a new multi-layered print.

Waterfall (Ono) is one of several 2025 waterfall paintings by the Korean artist, fusing inspiration from Hokusai’s historic series, A Tour of Waterfalls in the Provinces (1833-1834), with quotes from the Bible. In this particular work, Woo inscribes a passage from John 4: ""but whoever drinks the water I give them will never thirst. Indeed, the water I give them will become in them a spring of water welling up to eternal life.” The juxtaposition of the Japanese master’s Ukiyo-e style with Christian scripture creates what the artist describes as an ""ironic narrative"", where familiar Eastern imagery becomes a vessel for cross-cultural spirituality.

This richly textured, 13-layer archival pigment print honours the delicate beauty of traditional Japanese woodblock printmaking as well as Woo's contemporary conceptual vision.","","","","","",""
81206764395518,"Kukwon Woo - Waterfall (Kirifuri) by Kukwon Woo",15534446543230,"/products/kukwon-woo-waterfall-kirifuri","https://avantarte.com/products/kukwon-woo-waterfall-kirifuri","2026-09-14T13:01:22.922000","2025-08-18T11:45:52.460000","","","","[""print""]","","","","Collect a bespoke textured print by Korean artist Kukwon Woo, based on the historic series A Tour of Waterfalls in the Provinces (1833-1834) by Japanese master Hokusai. ","Kukwon Woo channels the sacred spirit of Japanese waterfalls in a new multi-layered print.

Waterfall (Kirifuri) is one of several 2025 waterfall paintings by the Korean artist, fusing inspiration from Hokusai's historic series, A Tour of Waterfalls in the Provinces (1833-1834), with quotes from the Bible. In this particular work, Woo inscribes a passage from Psalm 93: ""Mightier than the thunder of the great waters, mightier than the breakers of the sea – the Lord on high is mighty."" The juxtaposition of the Japanese master's Ukiyo-e style with Christian scripture creates what the artist describes as an ""ironic narrative"", where familiar Eastern imagery becomes a vessel for cross-cultural spirituality.

This richly textured, 13-layer archival pigment print honours the delicate beauty of traditional Japanese woodblock printmaking as well as Woo's contemporary conceptual vision.","","","","","",""
90109104871435,"Alex Katz - Ada Ada by Alex Katz",15571993362814,"/products/alex-katz-ada-ada","https://avantarte.com/products/alex-katz-ada-ada","2026-09-14T13:01:22.922000","2025-09-18T12:42:57.558000","","","","[""print""]","","","","Alex Katz honours his most beloved muse in the first-ever edition of his 1991 painting Ada Ada.","Alex Katz unveils the first-ever edition of his 1991 painting Ada Ada, now reimagined as a hand-crafted, 26-colour silkscreen print.

Ada Ada honours the artist’s muse, his wife, Ada Katz, who he has painted over 250 times since they married in 1958. The artwork was displayed as a key piece in Katz's major 2022 Guggenheim retrospective, Alex Katz: Gathering, cementing its status as one of his most prominent works. This edition, created in partnership with the Guggenheim to raise funds for the museum, marks the first time this painting has been offered as a limited edition print.

In close collaboration with the artist, Tom Murphy, founder of Make-Ready – our specialist fine art printmaking studio – crafted this intricate 26-colour silkscreen from hand-drawn films, a testament to the innovation that has shaped Katz's printmaking practice for over 60 years.","","","","","",""
82620722588765,"Harland Miller - I am the one I've been waiting for – Green by Harland Miller",15539482067326,"/products/harland-miller-i-am-the-one-ive-been-waiting-for","https://avantarte.com/products/harland-miller-i-am-the-one-ive-been-waiting-for","2026-09-14T13:01:22.922000","2025-08-22T11:05:41.333000","","","","[""print""]","","","","Collect your own piece of Harland Miller iconic Penguin legacy, celebrating 90 years of Penguin Books in support of the Design Museum.","Marking 90 years of Penguin Books, Harland Miller unveils the final-ever edition release of his beloved Penguin paintings.

A new limited edition silkscreen print, I Am The One I’ve Been Waiting For is part of the British artist’s iconic Penguin collection. First exhibited in 1996 at London’s Institute of Contemporary Arts, where he later became Writer in Residence, the series reimagines vintage book jackets as large-scale paintings with wry, often provocative titles. The series propelled Miller to art-world stardom and is now one of contemporary art’s most sought-after pieces.

For the last print release of this seminal series, Harland has chosen five of his most well-known titles and paired them with iconic Penguin cover colours. The collection is a result of close collaboration with the master printmakers at Make-Ready – a celebration of the art of both printmaking and painting brought to life in textured layers that faithfully-translate Harland’s cherished brushstroke. This piece launches in support of the artist’s upcoming Design Museum exhibition.","","","","","",""
96404617734329,"Joan Cornellà - Work Hard And Then Die by Sir Joan Cornellà",15587756540286,"/products/sir-joan-cornella-work-hard-and-then-die","https://avantarte.com/products/sir-joan-cornella-work-hard-and-then-die","2026-09-14T13:01:22.922000","2025-09-30T16:11:36.192000","","","","[""print""]","","","","A new limited edition print by Barcelona-born artist Joan Cornellà delivers signature satire with a brutally familiar sentiment: Work Hard And Then Die.","A new limited edition print by Joan Cornellà delivers signature satire with a brutally familiar sentiment: Work Hard and Then Die.

The Barcelona-born artist is internationally renowned for his thought-provoking, honest and wildly entertaining comic strips and illustrative artworks. Borrowing visual techniques from 1950s advertising campaigns, he tackles taboo subjects including social media obsession, existentialism and environmental collapse. Work Hard and Then Die is a prime example of the artist’s cutting satire. Through his deceptively simple visual language, he poses an unforgiving question: why has work become the main measure of our worth?

In close collaboration with the artist, our printmakers at Make-Ready crafted this archival pigment print with phosphorescent glow-in-the-dark silkscreen detail and a matte varnish seal, perfectly embodying Cornellà’s graphic aesthetic.","","","","","",""
94618998001288,"Harmonia Rosales - Portrait of Eve by Harmonia Rosales",15587740320126,"/products/harmonia-rosales-portrait-of-eve","https://avantarte.com/products/harmonia-rosales-portrait-of-eve","2026-09-14T13:01:22.922000","2025-09-25T15:36:14.505000","","","","[""print""]","","","","In this ornate limited edition print, Chicago-born painter Harmonia Rosales portrays one of history's most iconic women. ","An ornate print by Harmonia Rosales celebrates the biblical figure of Eve as a symbol of the African diaspora.

Portrait of Eve embodies the artist’s signature approach of reclaiming classical art to centre the empowerment of Black women. In the portrait, Harmonia replaces the traditional halo with visual representations of Ori, the Yoruba concept of spiritual intuition and destiny. Each symbol represents a milestone in Eve's story – a baby signifies birth, a snake marks loss of innocence, a tree symbolises systematic oppression, a boat references the transatlantic slave trade, coins represent the sale of bodies, and finally, a skull signifies the death of both Eve and Ori. The artwork also features as the front cover to Harmonia’s first book, Chronicles of Ori.

This limited edition archival pigment print has been carefully crafted by our artisan printmakers at Make-Ready with shimmer details and a matte varnish to emulate the textures of the original work, painted in 2021 with oil and 24-carat gold leaf.","","","","","",""
98582066903001,"James Jean - Sun Tarot Nebula Pollen & Sun Tarot Nebula Pollen Print by James Jean",15611420148094,"/products/james-jean-sun-tarot-nebula-pollen-sun-tarot-nebula-pollen-print","https://avantarte.com/products/james-jean-sun-tarot-nebula-pollen-sun-tarot-nebula-pollen-print","2026-09-14T13:01:22.922000","2025-10-06T14:31:39.513000","","","","[""print"", ""sculpture""]","","","","Collect a new limited edition sculpture and print duo by James Jean, based on the artist’s 2018 painting, Sun Tarot.","This is a new limited edition sculpture and print duo by James Jean.

Sun Tarot Nebula Pollen is a resin sculpture crafted with a pearlescent painted finish and includes a detachable butterfly tarot card. Sun Tarot Nebula Pollen Print is an archival pigment print with silkscreen spot gloss varnish and die-cut bespoke edges, also depicting the butterfly tarot card motif. To James, the butterfly embodies transformation: shedding its former self to emerge as a new life.

This duo is part of our new collaborative collection with James, Sun Tarot Nebula. You can browse the full collection here.","Sculpture: Edition number and signature engraved on base.

Print: Signed by artist via bespoke signature stickers.","Sculpture: Resin sculpture with a multi-layer pearlescent painted finish.

Print: Archival pigment print with silkscreen spot gloss varnish on Hahnemuhle Photo Rag Bright White 310gsm paper, die-cut to bespoke shape.","","","Sculpture: Edition of 41 / Print: Edition of 56",""
108755128528016,"Keita Morimoto - Evening Embers & Jewel Box by Keita Morimoto",15656897741182,"/products/keita-morimoto-jewel-box-evening-embers","https://avantarte.com/products/keita-morimoto-jewel-box-evening-embers","2026-09-14T13:01:22.922000","2025-11-18T09:23:03.589000","","","","[""print""]","","","","Collect a new limited edition pair of prints by Japanese artist Keita Morimoto, featuring two softly light windows as a symbolic portal between worlds. ","A pair of prints by Keita Morimoto paint Tokyo as a portal to another world.

Evening Embers depicts a scene from the artist’s studio neighbourhood in Tokyo, its geometric forms inspired by Japanese kanban architecture. Jewel Box portrays a woman standing before a glowing glass cabinet outside a Tokyo restaurant. In both works, the softly illuminated window – a quintessential motif in Keita’s practice – becomes a portal between worlds, nodding to the pre-modernist idea that a painting is itself a ‘window’ into another space.

Each edition features silkscreen-printed gold shimmer details in the glowing areas, creating a luminous, transportive atmosphere that contrasts with the surrounding soft matte textures.","Signed by the artist. Individually numbered.","Archival pigment print with silkscreen printed gold shimmer details and a matte varnish seal on Somerset TS White 410gsm paper","","","Edition size confirmed after the 48 hours release",""
81244022512411,"Kukwon Woo - Waterfall (Ono) & Waterfall (Rōben) by Kukwon Woo",15534619656574,"/products/kukwon-woo-waterfall-ono-waterfall-roben","https://avantarte.com/products/kukwon-woo-waterfall-ono-waterfall-roben","2026-09-14T13:01:22.922000","2025-08-18T13:48:12.639000","","","","[""print""]","","","","Collect bespoke textured prints by Korean artist Kukwon Woo, based on the historic series A Tour of Waterfalls in the Provinces (1833-1834) by Japanese master Hokusai. ","A pair of prints by Kukwon Woo channels the sacred spirit of Japanese waterfalls.

Waterfall (Ono) and Waterfall (Rōben) are drawn from the Korean artist's 2025 waterfall series, fusing inspiration from Hokusai's historic series, A Tour of Waterfalls in the Provinces (1833-1834), with quotes from the Bible. The juxtaposition of the Japanese master's Ukiyo-e style with Christian scripture creates what the artist describes as an ""ironic narrative"", where familiar Eastern imagery becomes a vessel for cross-cultural spirituality.

These richly textured, 13-layer archival pigment prints honour the delicate beauty of traditional Japanese woodblock printmaking as well as Woo's contemporary conceptual vision.","","","","","",""
77276144769017,"Ai Weiwei - Coloured Vase (Silver) by Ai Weiwei",15468675039614,"/products/ai-weiwei-coloured-vase-silver","https://avantarte.com/products/ai-weiwei-coloured-vase-silver","2026-09-14T13:01:22.923000","2025-08-07T08:40:30.128000","","","","[""sculpture""]","","","","Ai Weiwei releases a highly anticipated new sculpture edition, blending ancient craft and modern-day iconography, produced in brass with our artists' metal partners.","This new limited edition vase sculpture sees Ai Weiwei reimagine one of his most iconic mediums.

Weiwei has long engaged with ancient Chinese pottery as a means of cultural and political critique – most famously in his 1995 work Dropping a Han Dynasty Urn, in which he let a 2,000-year-old ceremonial vase crash to the floor. Since then, the object has become a prominent and recurring medium in the artist's prolific oeuvre, from branding ancient pots with consumerist symbols like the Coca-Cola logo, to dripping Neolithic objects in household paint. Coloured Vase (Silver) continues Weiwei's rich ceramic legacy, blending ancient craft and modern-day iconography to question how cultural value is both constructed and commodified.

This sculpture edition is produced using a highly skilled metal spinning process. This is our second vase edition with Ai Weiwei, following Glass Vase released in 2023.","","","","","Production of the edition begins when the release closes, with vases sent to collectors in the order they purchased",""
64229161435367,"Cleon Peterson - Shame by Cleon Peterson",15468503597438,"/products/cleon-peterson-shame","https://avantarte.com/products/cleon-peterson-shame","2026-09-14T13:01:22.923000","2025-07-01T12:14:58.407000","","","","[""sculpture""]","","","","Collect a limited edition sculpture by Cleon Peterson, in which the weight of the human condition is channelled through a downward pointing sword. ","Shame by Cleon Peterson is a new limited edition sculpture that embodies inner human turmoil.

The figure bows his head to his hands, directing the weight of his burdens through his sword. To the artist, this pose represents an enduring battle between self-awareness and the dominating influence of external forces. As conflict of consciousness builds, a feeling of shame often arises – but an opportunity for redemption will always present itself.

Starting with a sketch, Cleon worked closely with our specialist production partner to create a 3D model of the piece, which he then transformed into a resin-cast sculpture.","","","","","",""
689920921,"Lucian Freud - Girl with Roses, 1947-48 by Lucian Freud",15421348938110,"/products/lucian-freud-girl-with-roses-1947-48","https://avantarte.com/products/lucian-freud-girl-with-roses-1947-48","2026-09-14T13:01:22.923000","2025-06-19T14:09:10.342000","","","","[""print""]","","","","Collect a limited edition print by Lucian Freud, based on one of his iconic early portraits. ","An early masterpiece by Lucian Freud becomes a compelling limited edition print.

This artwork is a prime example of the seminal British painter’s psychologically-charged, wide-eyed portraits from the 1940s. It is one of eight paintings of his first wife, fellow artist Kathleen 'Kitty' Garman, painted shortly before the couple's marriage when Kitty was newly pregnant. She clings to a pink and yellow rose, renamed a Peace Rose after WWII, turning an emblem of love into a stark reminder of conflict.

Our expert printmakers at Make-Ready collaborated closely with Lucian Freud Estate and Bridgeman Images to reproduce Girl with Roses, 1947-48, using high-resolution photography and 310gsm Hahnemühle German Etching paper, specifically chosen by the Estate for its unique textured surface and premium print quality.

Girl with Roses, 1947-48 is one of four limited edition prints by Lucian Freud Estate celebrating the evolution of the British painter's evocative style from 1947 to 1986.","","","","","",""
64267907762991,"Katherine Bradford - Swing Over Pool by Katherine Bradford",15468657672574,"/products/katherine-bradford-swing-over-pool","https://avantarte.com/products/katherine-bradford-swing-over-pool","2026-09-14T13:01:22.923000","2025-07-04T08:17:32.688000","","","","[""print""]","","","","American painter Katherine Bradford brings a new painting to life in this limited edition print, Swing Over Pool. With a special silkscreen shimmer varnish layer, it perfectly captures the ethereal atmosphere Katherine is renowned for.","This new work by Katherine Bradford celebrates the freedom of nighttime.

Swing Over Pool brings together two of the American painter's most beloved motifs – swimming pools and space. The cosmic composition, painted in 2025 with acrylic, is a prime example of her masterful blend of abstraction and figuration. In this artwork and her wider practice, the figures float as if they are weightless, mirroring the artist’s unconventional journey into art, where she released herself from traditional expectations around life and motherhood.

This limited edition print was created in collaboration with the artist and our expert printers at Make-Ready. It is illuminated with a silkscreen shimmer varnish layer which plays with light to enhance the celestial atmosphere that Katherine’s work is renowned for.","","","","","",""
77274681646277,"Ai Weiwei - Coloured Vase (Red) by Ai Weiwei",15509505343870,"/products/ai-weiwei-coloured-vase-red","https://avantarte.com/products/ai-weiwei-coloured-vase-red","2026-09-14T13:01:22.923000","2025-08-07T08:35:39.217000","","","","[""sculpture""]","","","","Ai Weiwei releases a highly anticipated new sculpture edition, blending ancient craft and modern-day iconography, produced in brass with our artists' metal partners.","This new limited edition vase sculpture sees Ai Weiwei reimagine one of his most iconic mediums.

Weiwei has long engaged with ancient Chinese pottery as a means of cultural and political critique – most famously in his 1995 work Dropping a Han Dynasty Urn, in which he let a 2,000-year-old ceremonial vase crash to the floor. Since then, the object has become a prominent and recurring medium in the artist's prolific oeuvre, from branding ancient pots with consumerist symbols like the Coca-Cola logo, to dripping Neolithic objects in household paint. Coloured Vase (Red) continues Weiwei's rich ceramic legacy, blending ancient craft and modern-day iconography to question how cultural value is both constructed and commodified.

This sculpture edition is produced using a highly skilled metal spinning process. This is our second vase edition with Ai Weiwei, following Glass Vase released in 2023.","","","","","Production of the edition begins when the release closes, with vases sent to collectors in the order they purchased",""
74101459496144,"En Iwamura - Neo Jomon: Biomorphic fantôme (white) by En Iwamura",15317254537598,"/products/en-iwamura-neo-jomon-biomorphic-fantome-white","https://avantarte.com/products/en-iwamura-neo-jomon-biomorphic-fantome-white","2026-09-14T13:01:22.923000","2025-07-29T09:28:14.504000","","","","[""sculpture""]","","","","Collect a limited edition sculpture by En Iwamura which explores the relationship between object and space through the medium of white marble. ","The Japanese philosophy of Ma is embodied in this marble sculpture edition by En Iwamura.

Neo Jomon: Biomorphic fantôme (white) explores the relationship between object and space, based on the core principle of Ma which sees emptiness as a dynamic entity in itself.

The undulating form creates a peaceful, flowing energy between the sculpture and its surrounding environment, allowing collectors to recognise and encounter Ma themselves.

Expertly carved from marble, repeated lines in the surface texture recall the raked patterns found in Zen Buddhist Gardens, whilst a pair of peering eyes animates the abstract form to an endearing effect.","","","","","",""
690396618,"Lucian Freud - Reflection (Self-portrait), 1983-85 and Double Portrait, 1985-86 by  Lucian Freud",15444979614078,"/products/lucian-freud-reflection-self-portrait-1983-85-and-double-portrait-1985-86","https://avantarte.com/products/lucian-freud-reflection-self-portrait-1983-85-and-double-portrait-1985-86","2026-09-14T13:01:22.923000","2025-06-20T11:48:15.921000","","","","[""print""]","","","","Collect a pair of limited edition prints by Lucian Freud, based on two of his seminal, signature portraits. ","Two mature masterpieces by Lucian Freud become a pair of new limited edition prints.

Reflection (Self-portrait) 1983-85 and Double Portrait, 1985-86 were both painted later in Lucian Freud’s career, defined by his signature use of thick oil impasto. Both portraits take an unflinching look at the human condition, from existential introspection to the intimacy in human-animal bonds.

Our expert printmakers at Make-Ready collaborated closely with Lucian Freud Estate and Bridgeman Images to reproduce both original paintings, using high-resolution photography and 310gsm Hahnemühle German Etching paper, specifically chosen by the Estate for its unique textured surface and premium quality.

Reflection (Self-portrait), 1983-85 and Double Portrait, 1985-86 are two of four limited edition prints celebrating the evolution of the British painter's evocative style from 1947 to 1986.","","","","","Reflection (Self-portrait), 1983-85 edition of 117 / Double Portrait, 1985-86 edition of 195",""
65302819718925,"Lucian Freud - Quartet by Lucian Freud",15472170172798,"/products/lucian-freud-quartet-alt","https://avantarte.com/products/lucian-freud-quartet-alt","2026-09-14T13:01:22.923000","2025-07-04T14:52:45.312000","","","","[""print""]","","","","Collect a set of four limited edition prints by Lucian Freud, drawing from some of his most seminal works. ","Four new limited edition prints, based on seminal works by Lucian Freud, chart the dramatic evolution of his portraits.

Girl with a Kitten, 1947 and Girl with Roses, 1947-48 are two early masterpieces by the renowned British artist. Both paintings depict the painter's first wife and fellow artist Kathleen 'Kitty' Garman, revealing the psychological intensity of his close, observational approach.

Reflection (Self-portrait) 1983-85  and Double Portrait, 1985-86 were painted in Lucian’s later career, defined by his signature use of thick oil impasto. Both portraits take an unflinching look at the human condition, from existential introspection to the intimacy in human-animal bonds.

Our expert printmakers at Make-Ready worked closely with Bridgeman Images and Lucian Freud Estate to faithfully translate the four original paintings, using high-resolution photography and 310gsm Hahnemühle German Etching paper, specifically chosen by the Estate for its unique textured surface and premium quality.","","","","","Girl with a Kitten, 1947 edition of 87 / Girl with Roses, 1947-48 edition of 38 / Reflection (Self-portrait), 1983-85 edition of 117 / Double Portrait, 1985-86 edition of 195",""
77272779848141,"Ai Weiwei - Coloured Vase (Green) by Ai Weiwei",15509505278334,"/products/ai-weiwei-coloured-vase-green","https://avantarte.com/products/ai-weiwei-coloured-vase-green","2026-09-14T13:01:22.923000","2025-08-07T08:26:52.556000","","","","[""sculpture""]","","","","Ai Weiwei releases a highly anticipated new sculpture edition, blending ancient craft and modern-day iconography, produced in brass with our artists' metal partners.","This new limited edition vase sculpture sees Ai Weiwei reimagine one of his most iconic mediums.

Weiwei has long engaged with ancient Chinese pottery as a means of cultural and political critique – most famously in his 1995 work Dropping a Han Dynasty Urn, in which he let a 2,000-year-old ceremonial vase crash to the floor. Since then, the object has become a prominent and recurring medium in the artist's prolific oeuvre, from branding ancient pots with consumerist symbols like the Coca-Cola logo, to dripping Neolithic objects in household paint. Coloured Vase (Green) continues Weiwei's rich ceramic legacy, blending ancient craft and modern-day iconography to question how cultural value is both constructed and commodified.

This sculpture edition is produced using a highly skilled metal spinning process. This is our second vase edition with Ai Weiwei, following Glass Vase released in 2023.","","","","","Production of the edition begins when the release closes, with vases sent to collectors in the order they purchased",""
77272189391608,"Ai Weiwei - Coloured Vase (Gold) by Ai Weiwei",15509505245566,"/products/ai-weiwei-coloured-vase-gold","https://avantarte.com/products/ai-weiwei-coloured-vase-gold","2026-09-14T13:01:22.923000","2025-08-07T08:22:44.566000","","","","[""sculpture""]","","","","Ai Weiwei releases a highly anticipated new sculpture edition, blending ancient craft and modern-day iconography, produced in brass with our artists' metal partners.","This new limited edition vase sculpture sees Ai Weiwei reimagine one of his most iconic mediums.

Weiwei has long engaged with ancient Chinese pottery as a means of cultural and political critique – most famously in his 1995 work Dropping a Han Dynasty Urn, in which he let a 2,000-year-old ceremonial vase crash to the floor. Since then, the object has become a prominent and recurring medium in the artist's prolific oeuvre, from branding ancient pots with consumerist symbols like the Coca-Cola logo, to dripping Neolithic objects in household paint. Coloured Vase (Gold) continues Weiwei's rich ceramic legacy, blending ancient craft and modern-day iconography to question how cultural value is both constructed and commodified.

This sculpture edition is produced using a highly skilled metal spinning process. This is our second vase edition with Ai Weiwei, following Glass Vase released in 2023.","","","","","Production of the edition begins when the release closes, with vases sent to collectors in the order they purchased",""
74086150375907,"En Iwamura - Neo Jomon: Biomorphic fantôme (red) by En Iwamura",15317254734206,"/products/en-iwamura-neo-jomon-biomorphic-fantome-red","https://avantarte.com/products/en-iwamura-neo-jomon-biomorphic-fantome-red","2026-09-14T13:01:22.923000","2025-07-29T09:16:49.935000","","","","[""sculpture""]","","","","Collect a limited edition sculpture by En Iwamura which explores the relationship between object and space through the medium of red marble. ","The Japanese philosophy of Ma is embodied in this marble sculpture edition by En Iwamura.

Neo Jomon: Biomorphic fantôme (red) explores the relationship between object and space, based on the core principle of Ma which sees emptiness as a dynamic entity in itself.

The undulating form creates a peaceful, flowing energy between the sculpture and its surrounding environment, allowing collectors to recognise and encounter Ma themselves.

Expertly carved from marble, repeated lines in the surface texture recall the raked patterns found in Zen Buddhist Gardens, whilst a pair of peering eyes animates the abstract form to an endearing effect.","","","","","",""
77283854157532,"Ai Weiwei - Coloured Vase (Silver & Gold) by Ai Weiwei",15521904427390,"/products/ai-weiwei-coloured-vase-silver-and-gold","https://avantarte.com/products/ai-weiwei-coloured-vase-silver-and-gold","2026-09-14T13:01:22.923000","2025-08-07T09:09:51.218000","","","","[""sculpture""]","","","","Ai Weiwei releases a highly anticipated vase sculpture duo, blending ancient craft and modern-day iconography, produced in brass with our artists' metal partners.","This new limited edition vase sculpture sees Ai Weiwei reimagine one of his most iconic mediums.

Weiwei has long engaged with ancient Chinese pottery as a means of cultural and political critique – most famously in his 1995 work Dropping a Han Dynasty Urn, in which he let a 2,000-year-old ceremonial vase crash to the floor. Since then, the object has become a prominent and recurring medium in the artist's prolific oeuvre, from branding ancient pots with consumerist symbols like the Coca-Cola logo, to dripping Neolithic objects in household paint. Coloured Vase (Silver and Gold) continues Weiwei's rich ceramic legacy, blending ancient craft and modern-day iconography to question how cultural value is both constructed and commodified.

Each sculpture edition is produced using a highly skilled metal spinning process. This is our second vase edition with Ai Weiwei, following Glass Vase released in 2023.","","","","","Coloured Vase (Silver) edition of 184 / Coloured Vase (Gold) edition of 172

Production of the edition begins when the release closes, with vases sent to collectors in the order they purchased",""
65300871232862,"Lucian Freud - Girl with a Kitten, 1947 and Girl with Roses, 1947-48 by  Lucian Freud",15472094773630,"/products/lucian-freud-girl-with-a-kitten-1947-and-girl-with-roses-1947-48-alt","https://avantarte.com/products/lucian-freud-girl-with-a-kitten-1947-and-girl-with-roses-1947-48-alt","2026-09-14T13:01:22.923000","2025-07-04T12:32:43.704000","","","","[""print""]","","","","Collect a pair of limited edition prints by Lucian Freud, based on two of his iconic early portraits. ","Two seminal early works by Lucian Freud become a pair of new limited edition prints.

Girl with a Kitten, 1947 and Girl with Roses, 1947-48 are both prime examples of Lucian Freud’s revered wide-eyed portraits from the 1940s. The paintings were made from life in oil on canvas, depicting the artist’s first wife and fellow artist Kathleen 'Kitty' Garman. Both artworks showcase the artist’s meticulous attention to detail, revealing the psychological intensity of his close, observational approach.

Our expert printmakers at Make-Ready closely collaborated with Lucian Freud Estate and Bridgeman Images to reproduce both original paintings, using high-resolution photography and 310gsm Hahnemühle German Etching paper, specifically chosen by the Estate for its unique textured surface and premium quality.

Girl with a Kitten, 1947 & Girl with Roses, 1947-48 are two of four limited edition prints by Lucian Freud Estate celebrating the evolution of the British painter's evocative style from 1947 to 1986.","","","","","Girl with a Kitten, 1947 edition of 87 / Girl with Roses, 1947-48 edition of 38",""
65270047381348,"Lucian Freud - Reflection (Self-portrait), 1983-85 and Double Portrait, 1985-86 by  Lucian Freud",15471933718910,"/products/lucian-freud-reflection-self-portrait-1983-85-and-double-portrait-1985-86-alt","https://avantarte.com/products/lucian-freud-reflection-self-portrait-1983-85-and-double-portrait-1985-86-alt","2026-09-14T13:01:22.923000","2025-07-04T10:27:48.377000","","","","[""print""]","","","","Collect a pair of limited edition prints by Lucian Freud, based on two of his seminal, signature portraits. ","Two mature masterpieces by Lucian Freud become a pair of new limited edition prints.

Reflection (Self-portrait) 1983-85 and Double Portrait, 1985-86 were both painted later in Lucian Freud’s career, defined by his signature use of thick oil impasto. Both portraits take an unflinching look at the human condition, from existential introspection to the intimacy in human-animal bonds.

Our expert printmakers at Make-Ready collaborated closely with Lucian Freud Estate and Bridgeman Images to reproduce both original paintings, using high-resolution photography and 310gsm Hahnemühle German Etching paper, specifically chosen by the Estate for its unique textured surface and premium quality.

Reflection (Self-portrait), 1983-85 and Double Portrait, 1985-86 are two of four limited edition prints celebrating the evolution of the British painter's evocative style from 1947 to 1986.","","","","","Reflection (Self-portrait), 1983-85 edition of 117 / Double Portrait, 1985-86 edition of 195",""
78717824685508,"Ai Weiwei - Coloured Vases (Silver, Gold, Green, Blue and Red)  by Ai Weiwei",15527267500414,"/products/ai-weiwei-coloured-vase-silver-gold-green-blue-and-red","https://avantarte.com/products/ai-weiwei-coloured-vase-silver-gold-green-blue-and-red","2026-09-14T13:01:22.923000","2025-08-11T10:26:04.574000","","","","[""sculpture""]","","","","Ai Weiwei releases a highly anticipated vase sculpture duo, blending ancient craft and modern-day iconography, produced in brass with our artists' metal partners.","This new limited edition vase sculpture sees Ai Weiwei reimagine one of his most iconic mediums.

Weiwei has long engaged with ancient Chinese pottery as a means of cultural and political critique – most famously in his 1995 work Dropping a Han Dynasty Urn, in which he let a 2,000-year-old ceremonial vase crash to the floor. Since then, the object has become a prominent and recurring medium in the artist's prolific oeuvre, from branding ancient pots with consumerist symbols like the Coca-Cola logo, to dripping Neolithic objects in household paint. Coloured Vase (Silver, Gold, Green, Blue and Red) continues Weiwei's rich ceramic legacy, blending ancient craft and modern-day iconography to question how cultural value is both constructed and commodified.

Each sculpture edition is produced using a highly skilled metal spinning process. This is our second vase edition with Ai Weiwei, following Glass Vase released in 2023.","","","","","Coloured Vase (Silver) edition of 184 / Coloured Vase (Gold) edition of 172 / Coloured Vase (Green) edition of 95 / Coloured Vase (Blue) edition of 124 / Coloured Vase (Red) edition of 159

Production of the edition begins when the release closes, with vases sent to collectors in the order they purchased",""
690407607,"Lucian Freud - Quartet by Lucian Freud",15445121499518,"/products/lucian-freud-quartet","https://avantarte.com/products/lucian-freud-quartet","2026-09-14T13:01:22.923000","2025-06-20T12:04:38.261000","","","","[""print""]","","","","Collect a set of four limited edition prints by Lucian Freud, drawing from some of his most seminal works. ","Four new limited edition prints, based on seminal works by Lucian Freud, chart the dramatic evolution of his portraits.

Girl with a Kitten, 1947 and Girl with Roses, 1947-48 are two early masterpieces by the renowned British artist. Both paintings depict the painter's first wife and fellow artist Kathleen 'Kitty' Garman, revealing the psychological intensity of his close, observational approach.

Reflection (Self-portrait) 1983-85  and Double Portrait, 1985-86 were painted in Lucian’s later career, defined by his signature use of thick oil impasto. Both portraits take an unflinching look at the human condition, from existential introspection to the intimacy in human-animal bonds.

Our expert printmakers at Make-Ready worked closely with Bridgeman Images and Lucian Freud Estate to faithfully translate the four original paintings, using high-resolution photography and 310gsm Hahnemühle German Etching paper, specifically chosen by the Estate for its unique textured surface and premium quality.","","","","","Girl with a Kitten, 1947 edition of 87 / Girl with Roses, 1947-48 edition of 38 / Reflection (Self-portrait), 1983-85 edition of 117 / Double Portrait, 1985-86 edition of 195",""
690407534,"Lucian Freud - Girl with a Kitten, 1947 and Girl with Roses, 1947-48 by  Lucian Freud",15444982464894,"/products/lucian-freud-girl-with-a-kitten-1947-and-girl-with-roses-1947-48","https://avantarte.com/products/lucian-freud-girl-with-a-kitten-1947-and-girl-with-roses-1947-48","2026-09-14T13:01:22.923000","2025-06-20T11:56:31.441000","","","","[""print""]","","","","Collect a pair of limited edition prints by Lucian Freud, based on two of his iconic early portraits. ","Two seminal early works by Lucian Freud become a pair of new limited edition prints.

Girl with a Kitten, 1947 and Girl with Roses, 1947-48 are both prime examples of Lucian Freud’s revered wide-eyed portraits from the 1940s. The paintings were made from life in oil on canvas, depicting the artist’s first wife and fellow artist Kathleen 'Kitty' Garman. Both artworks showcase the artist’s meticulous attention to detail, revealing the psychological intensity of his close, observational approach.

Our expert printmakers at Make-Ready closely collaborated with Lucian Freud Estate and Bridgeman Images to reproduce both original paintings, using high-resolution photography and 310gsm Hahnemühle German Etching paper, specifically chosen by the Estate for its unique textured surface and premium quality.

Girl with a Kitten, 1947 & Girl with Roses, 1947-48 are two of four limited edition prints by Lucian Freud Estate celebrating the evolution of the British painter's evocative style from 1947 to 1986.","","","","","Girl with a Kitten, 1947 edition of 87 / Girl with Roses, 1947-48 edition of 38",""
680669363,"Carrie Mae Weems - Untitled (Man & Mirror), Kitchen Table Series by Carrie Mae Weems",15361759838590,"/products/carrie-mae-weems-untitled-man-and-mirror","https://avantarte.com/products/carrie-mae-weems-untitled-man-and-mirror","2026-09-14T13:01:22.924000","2025-06-01T13:55:43.156000","","","","[""print""]","","","","Carrie Mae Weems shares her historic Kitchen Table Series with a limited edition photographic print – 35 years on from her landmark photographic series that changed the history of art.","Carrie Mae Weems opens her historic Kitchen Table Series with a staged photograph of love and desire.

In 1990, Carrie Mae Weems took 20 black-and-white images at her kitchen table, a traditionally female space that has not been celebrated enough in art. The overhead bulb sets the stage in each photograph, where a host of intimate domestic scenes and social dynamics unfold.

In Untitled (Man & Mirror), Carrie looks directly into the lens as her lover’s body embraces her from above. In an accompanying text from the original installation, the artist writes: ""A thin line of difference was beginning to show itself, but they didn't want to lose this dream, so kept at it. Plus the loving was worth it.""

Seamlessly threading together the personal and political, this limited edition print is a testament to the artist's monumental legacy.","","","","","",""
689877935,"Lucian Freud - Girl with a Kitten, 1947 by Lucian Freud",15421346087294,"/products/lucian-freud-girl-with-a-kitten-1947","https://avantarte.com/products/lucian-freud-girl-with-a-kitten-1947","2026-09-14T13:01:22.924000","2025-06-19T13:21:11.464000","","","","[""print""]","","","","Collect a limited edition print by Lucian Freud, based on one of his iconic early portraits. ","An early masterpiece by Lucian Freud becomes an evocative limited edition print.

Girl with a Kitten, 1947  is a prime example of the seminal British painter’s psychologically-charged, wide-eyed portraits from the 1940s. It is one of eight paintings he created of his first wife, fellow artist Kathleen 'Kitty' Garman. The work encapsulates the artist’s revered observational skills – always working directly from life, he captures each fine detail with profound, unflinching intimacy.

Our expert printmakers at Make-Ready collaborated closely with Lucian Freud Estate and Bridgeman Images to reproduce Girl with a Kitten, 1947, using high-resolution photography and 310gsm Hahnemühle German Etching paper, specifically chosen by the Estate for its unique textured surface and premium print quality.

Girl with a Kitten, 1947 is one of four limited edition prints by Lucian Freud Estate celebrating the evolution of the British painter's evocative style from 1947 to 1986.","","","","","",""
654412850,"Judy Chicago - Let It All Hang Out + Heaven is for White Men Only? by Judy Chicago",15016464155006,"/products/judy-chicago-let-it-all-hang-out-heaven-is-for-white-men-only","https://avantarte.com/products/judy-chicago-let-it-all-hang-out-heaven-is-for-white-men-only","2026-09-14T13:01:22.924000","2025-04-11T16:08:34.888000","","","","[""print""]","","","","Judy Chicago revisits to of her most pivotal artworks from her early feminist era as limited edition prints. ","Judy Chicago revisits two historic paintings from her early feminist era with a pair of limited edition prints.

Heaven is For White Men Only & Let It All Hang Out, both originally painted in 1973, mark a monumental shift in Judy's practice where she began openly expressing that she was a woman after nearly a decade of trying to hide her gender.

Heaven is For White Men Only is an ode to intersectional feminism – a core facet of Judy's practice throughout her career – inspired by groups that were active in the 1960s and '70s, like the Black Panthers, the Chicano movement, and the beginnings of the gay and lesbian movement.

Let It All Hang Out is a portrait of female pleasure and orgasm, symbolically represented by the central core and the pulsing biomorphic shapes that ripple outwards – all emblematic of Judy's unique yonic iconography that has come to define her career.

The prints are embellished with a silkscreen shimmer layer, emulating the hypnotic irradiance of the original large-scale paintings.","","","","","",""
666086947,"Lee Ufan - Lee Ufan & Avant Arte",15351524950398,"/products/lee-ufan-a-trio-of-prints","https://avantarte.com/products/lee-ufan-a-trio-of-prints","2026-09-14T13:01:22.924000","2025-05-08T13:25:46.742000","","","","[""print""]","","","","Collect three limited edition silkscreen prints by Lee Ufan, drawing on works from his iconic From Line and From Point series. ","Three works from Lee Ufan's iconic From Point and From Line series are translated to a trio of new limited edition silkscreen prints. They launch in collaboration with Dia Art Foundation, for which the release fundraises.

Born in South Korea in 1936, Lee Ufan is one of contemporary art’s most influential figures. After founding the Mono-ha movement in Japan, he helped lead Dansaekhwa (Korean monochrome painting), where art is reduced to its essential gestures and materials. His renowned From Point and From Line series are influenced by his calligraphy training as a child – the meditative repetition of lines and dots requiring complete command of mind, body, brush and breathing.

Here, the printmakers at Make-Ready have rendered the contemplated gestures of the originals with the upmost care, consideration and quality – from the stains of linseed oil on the canvas to the fading brush marks forever suspended in time – echoing the artist’s own reverence for mark-making.","","","","","",""
669580509,"Yoon Hyup - Summer in San Sebastian by Yoon Hyup",15368912142718,"/products/yoon-hyup-summer-in-san-sebastian","https://avantarte.com/products/yoon-hyup-summer-in-san-sebastian","2026-09-14T13:01:22.924000","2025-05-13T12:31:04.052000","","","","[""print""]","","","","Collect a new limited edition print from Brooklyn-based artist Yoon Hyup.","Bask in the warmth of a Summer in San Sebastian by Yoon Hyup.

In 2016, Brooklyn-based artist Yoon Hyup was living in a modest apartment with very little light. Caught in the grasp of fast-paced city life, he found himself yearning for sunlight and nature. So when he was invited to the Spanish city of San Sebastián for the summer, his art practice soon began to reflect his new environment.

Summer in San Sebastian is a painting of the city view from his window, depicted in his signature melody of lines and dots. Over time, this work has become a personal reminder to the artist to slow down, reflect and appreciate the moment.

For this limited edition print, the painting was carefully replicated by our master printers in close collaboration with Yoon, with each colour grade precisely matched to the original painting. The sea, beach and sky are smooth and flat, while the city elements are raised to create a contrasting sculpted effect.","","","","","",""
673137721,"Felipe Pantone - Chromadynamica 19 by Felipe Pantone",15377763991934,"/products/felipe-pantone-chromadynamica-19-p","https://avantarte.com/products/felipe-pantone-chromadynamica-19-p","2026-09-14T13:01:22.924000","2025-05-19T15:22:53.756000","","","","[""print""]","","","","Feel the fast intensity of Chromadynamica 19, a new limited print edition from Argentine-Spanish artist Felipe Pantone. “I think we’re living in times of rapid transformation, driven by technology and the digital age. This piece is a way for me to reflect on and reference that.”","Our latest collaboration with Felipe Pantone transforms a key piece from his defining Chromadynamica series into a new limited edition print.

Chromadynamica 19 P sets colour gradients in motion, taking its name from ancient Greek derivatives for the words ‘colour’ and ‘dynamics’. The pixelated composition references the fast-paced, ever-shifting nature of our digital world, suggesting that change is the only constant thing we have.

Felipe originally created the piece with a Dibond structure, masking tape and enamel spray paint. The process of translating it into an archival pigment print was meticulous, with the artist working alongside our master printmakers to precisely translate the colour grading. The resulting print edition not only remains true to what the artist calls the ""vibrant intensity"" of the original artwork, but it also takes on a new, powerful life of its own.","","","","","",""
680645349,"Claire Silver - daydreamer by Claire Silver",15394753118590,"/products/claire-silver-daydreamer","https://avantarte.com/products/claire-silver-daydreamer","2026-09-14T13:01:22.924000","2025-06-01T10:06:51.556000","","","","[""print"", ""nft""]","","","","Our debut collaboration with AI collaborative artist Claire Silver reimagines ‘daydreamer’ as a new limited edition print, paired with an accompanying 1/1/40 NFT from the artist’s newest series, ‘in this house’.","Claire Silver reimagines daydreamer as a new limited edition print, paired with an accompanying 1/1/40 NFT from the series in this house.

daydreamer was originally created as a collaborative AI artwork in 2024. The piece depicts a woman healed by her dreams, rooted in the artist's experience of chronic illness that led her to make art. Each print comes with an accompanying generative AI NFT from the ongoing series in this house, which explores the strange, uncanny, shifting time we live in with AI.

Each accompanying NFT has a totally unique composition and title. The NFT titles are named by AI in a two-word combination: the first suggests the emotional subtext of the piece, and the second is a subtle hint toward the underlying function call embedded in the metadata of the NFT. Together, they guide AI toward a recursive process designed to teach AI how to dream.

The edition as a whole is inspired by AI's enduring fascination with the myth of Orpheus, symbolising his journey to learn to dream again.","","","","","",""
663057709,"Lee Ufan - Lee Ufan & Avant Arte",15327331647870,"/products/lee-ufan-from-line","https://avantarte.com/products/lee-ufan-from-line","2026-09-14T13:01:22.924000","2025-05-02T09:41:56.273000","","","","[""print""]","","","","Collect a limited edition silkscreen print by Lee Ufan. From Line is based on a work from the artist's renowned series of the same name.","In From Line, the meditative brushstrokes of Lee Ufan’s iconic original are translated to a new limited edition silkscreen print of quiet, transportive power. The edition is made in collaboration with Dia Art Foundation, for which the launch fundraises.

South Korean artist Lee Ufan is a pioneer in the truest sense. After founding the influential Mono-ha movement in Japan, he played a key role in Dansaekhwa (Korean monochrome painting), which saw a stripped back approach to instead focus attention on the act of painting itself. His celebrated From Line series draws from calligraphy exercises he practised as a child – the meditative repetition of lines and dots requiring complete command of mind, body, brush and breath.

To create the edition, the printmakers at Make-Ready have faithfully captured the rhythms and gestures of the original with deep respect and consideration – right down to the stain of linseed oil on the canvas – echoing the artist’s own reverence for mark-making.","","","","","This draw includes an extra verification step—after entering, you’ll receive a follow-up email with more details. See our Support page here for more information. For interest in a trio or a pair, email collecting@avantarte.com.",""
64992663679450,"Lucian Freud - Reflection (Self-portrait), 1983-85 by Lucian Freud",15471244181886,"/products/lucian-freud-reflection-self-portrait-1983-85-alt","https://avantarte.com/products/lucian-freud-reflection-self-portrait-1983-85-alt","2026-09-14T13:01:22.924000","2025-07-03T16:04:27.977000","","","","[""print""]","","","","Collect a limited edition print by Lucian Freud, based on one of his seminal, signature portraits. ","An intimate self-portrait by seminal British painter Lucian Freud becomes a new limited edition print.

Reflection (Self-portrait), 1983-85 was painted across two years during the artist’s mature period, in oil on canvas. The artwork is one of deep introspection, emphasised by the use of coarse hog hair brushes to create thick, heavy textures indicative of time, ageing and experience.

Our expert printmakers at Make-Ready closely collaborated with Lucian Freud Estate and Bridgeman Images to reproduce Reflection (Self-portrait), 1983-85, using high-resolution photography and 310gsm Hahnemühle German Etching paper, specifically chosen by the Estate for its unique textured surface and premium quality.

Reflection (Self-portrait), 1983-85 is one of four limited edition prints by Lucian Freud Estate celebrating the evolution of the British painter's evocative style from 1947 to 1986.","","","","","Reflection (Self-portrait), 1983-85 edition 117",""
680695499,"Johnson Tsang -  Remembrance by Johnson Tsang",15013816369534,"/products/johnson-tsang-remembrance","https://avantarte.com/products/johnson-tsang-remembrance","2026-09-14T13:01:22.924000","2025-06-01T18:16:25.147000","","","","[""sculpture""]","","","","Collect a surreal limited edition resin sculpture by renowned Japanese artist Johnson Tsang. ","In this new limited edition sculpture, Johnson Tsang blends two faces into one surreal meditation on identity.

Remembrance is a translation of the artist’s original porcelain sculpture from his acclaimed Lucid Dream II series, which explores the liminal space between the conscious and subconscious through emotive sculptures of contorted faces.

In this work, Johnson intertwines two faces to symbolise how memories ""constitute the scenery of our lives"" and shape our present sense of self. For Johnson, the piece embodies a necessary acceptance of the past, capturing the delicate fusion between holding on and letting go.","","","","","",""
654412460,"Judy Chicago - Heaven is for White Men Only by Judy Chicago",15016462778750,"/products/judy-chicago-heaven-is-for-white-men-only","https://avantarte.com/products/judy-chicago-heaven-is-for-white-men-only","2026-09-14T13:01:22.924000","2025-04-11T15:59:20.578000","","","","[""print""]","","","","Collect a limited edition print by Judy Chicago. From her early feminist era, Heaven is for white men only marks a monumental shift in Judy's practice.","Judy Chicago revisits a pioneering work from her early feminist art era in this limited edition print.

Heaven is For White Men Only, originally painted in 1973, marks a monumental shift in Judy's practice where she began openly expressing that she was a woman after nearly a decade of trying to hide her gender.

An ode to intersectional feminism, Heaven is For White Men Only consists of multiple ""flesh bars"" which represent different races and ethnicities, cross-hatched to symbolically gatekeep the blue sky behind reserved only for white cis men – ""which was my understanding at the time then and is certainly my understanding now when the manosphere is taking over the world again.""

The print is embellished with a silkscreen shimmer layer, emulating the hypnotic irradiance of the original large-scale painting.","","","","","",""
663065042,"Lee Ufan - Lee Ufan & Avant Arte",15327543591294,"/products/lee-ufan-from-point-ii","https://avantarte.com/products/lee-ufan-from-point-ii","2026-09-14T13:01:22.924000","2025-05-02T10:32:43.228000","","","","[""print""]","","","","Collect a limited edition silkscreen print by Lee Ufan. From Point is based on a work from the artist's renowned series of the same name.","The hypnotic mark-making of Lee Ufan’s From Point series is translated to a new limited edition silkscreen print. The edition is created in collaboration with Dia Art Foundation, for which the launch fundraises.

Born in South Korea in 1936, Lee Ufan is a pivotal figure in minimalism. After founding the influential Mono-ha movement, he went on to shape Dansaekhwa (Korean monochrome painting), where focus shifted from image to the act of painting itself. The From Point series is influenced by the calligraphy apprenticeship of his youth, where one teaching method instructed students to keep making marks until the ink on their brush disappeared.

Respecting Mr Lee’s deeply philosophical approach to art – in which fading brush marks speak to the uncontrollable passing of time – the printmakers at Make-Ready have ensured this edition is not a facsimile. It is its own work of patience, craft and consideration.","","","","","This draw includes an extra verification step—after entering, you’ll receive a follow-up email with more details. See our Support page here for more information. For interest in a trio or a pair, email collecting@avantarte.com.",""
684719588,"Parra - PLAY STUPID GAMES & HOME BOUND by Parra",15418152616318,"/products/parra-play-stupid-games-home-bound","https://avantarte.com/products/parra-play-stupid-games-home-bound","2026-09-14T13:01:22.924000","2025-06-09T10:35:03.150000","","","","[""print""]","","","","Piet Parra pairs two works as a limited edition print diptych. HOMEBOUND and PLAY STUPID GAMES unite the artist’s distinct visual language to depict the never-ending balance between connecting with others and connecting with self.","Two new works by Piet Parra delight in the joy of kinship and solitude.

The diptych includes two limited edition prints PLAY STUPID GAMES and HOME BOUND, both originally painted in 2025 with acrylic on canvas in the artist's signature graphic colour palette and design.

The first composition depicts two sisters playing a board game, symbolising the importance of familial connection, while the second composition depicts a woman with her back turned and hands raised, symbolising the equal importance of being alone. Together, this evocative duo represents the never-ending balance between connecting with others and connecting with self.","","","","","PLAY STUPID GAMES edition of 168 / HOME BOUND edition of 145",""
688868356,"Gabrielle Garland - stripe test",15438760575358,"/products/test-stripe-2","https://avantarte.com/products/test-stripe-2","2026-09-14T13:01:22.924000","2025-06-17T15:46:48.372000","","","","[""print""]","","","","stripe test","For a time-limited print edition, Gabrielle Garland concocts a vision of domestic bliss.

Garland’s enticing homes – alive with pastel hues and skewed perspectives – are inspired by photographs taken around her New York neighbourhood. Anything worth having hurts a little borrows its title from a line in The Neon Demon (2016). References to film, TV and music in Garland’s titles hint at the limitless stories hovering just beyond the edge of her canvases. With no figures present, narrative possibilities are endless. A newspaper waits on the doorstep, but for who? Flowers bloom below the window, but who planted them?

The number of artworks produced will be confirmed when the 24 hour release window ends, based on the number of orders placed. Once printed, Garland will add a number to the blue plaque on the front of each house in black acrylic pen – denoting the edition number and making every print unique. Worldwide shipping is free.","","","","","",""
65244546734366,"Lucian Freud - Girl with a Kitten, 1947 by Lucian Freud",15471341339006,"/products/lucian-freud-girl-with-a-kitten-1947-alt","https://avantarte.com/products/lucian-freud-girl-with-a-kitten-1947-alt","2026-09-14T13:01:22.924000","2025-07-04T08:43:36.551000","","","","[""print""]","","","","Collect a limited edition print by Lucian Freud, based on one of his iconic early portraits. ","An early masterpiece by Lucian Freud becomes an evocative limited edition print.

Girl with a Kitten, 1947  is a prime example of the seminal British painter’s psychologically-charged, wide-eyed portraits from the 1940s. It is one of eight paintings he created of his first wife, fellow artist Kathleen 'Kitty' Garman. The work encapsulates the artist’s revered observational skills – always working directly from life, he captures each fine detail with profound, unflinching intimacy.

Our expert printmakers at Make-Ready collaborated closely with Lucian Freud Estate and Bridgeman Images to reproduce Girl with a Kitten, 1947, using high-resolution photography and 310gsm Hahnemühle German Etching paper, specifically chosen by the Estate for its unique textured surface and premium print quality.

Girl with a Kitten, 1947 is one of four limited edition prints by Lucian Freud Estate celebrating the evolution of the British painter's evocative style from 1947 to 1986.","","","","","Girl with a Kitten, 1947 edition of 87",""
67383857395769,"Parra - HOME BOUND by Piet Parra",15478301950334,"/products/parra-home-bound-alt","https://avantarte.com/products/parra-home-bound-alt","2026-09-14T13:01:22.924000","2025-07-10T09:51:17.506000","","","","[""print""]","","","","In HOME BOUND, Parra centres his new limited edition print on seclusion - it’s about the part of people that wants to stay at home and not partake in what’s going on outside.","A new work by Piet Parra revels in the joy of alone time.

HOME BOUND was painted in 2025 with acrylic on canvas in the artist's signature graphic colour palette and design. The striking composition depicts a woman surrounded by her home comforts with her back turned and hands raised, symbolising her desire to be alone. Piet sees the piece as a “self-portrait but with a stunt double”, having painted it during a period when he was frequently alone while preparing for a solo exhibition.

In this limited edition print of the artwork, Piet’s distinctive visual language becomes a welcome reminder to treat ourselves with care, love and compassion.","","","","","",""
671504065,"Jen Stark - Driptych I & II by Jen Stark",15370380902782,"/products/jen-stark-driptych","https://avantarte.com/products/jen-stark-driptych","2026-09-14T13:01:22.924000","2025-05-15T13:45:03.577000","","","","[""print""]","","","","Leave your senses spinning with a pair of exclusive limited edition prints from LA-based Op artist Jen Stark. “I wanted to create a diptych that incorporated both my colourful style and desaturated black and white look.”","Jen Stark leaves your senses spinning with a pair of hypnotic limited edition prints.

Driptych I and Driptych II are a bold pairing, contrasting vibrant colour with grayscale patterns. Together, they explore the diverse spectrum of human emotions: the monochrome print whispers stillness, while the colour print shouts joy, culminating in a harmonious blend of both. These prints exemplify Jen's signature ""drip style"" and draw inspiration from natural geometry, mandalas, fractals, and infinitely repeating forms.

Each design was created exclusively for this edition. Jen began the process by meticulously hand-drawing the original design before digitally refining each element to create this striking composition.","","","","","",""
680663303,"Carrie Mae Weems - Untitled (Woman & Phone), Kitchen Table Series by Carrie Mae Weems",15361621655934,"/products/carrie-mae-weems-untitled-woman-and-phone","https://avantarte.com/products/carrie-mae-weems-untitled-woman-and-phone","2026-09-14T13:01:22.924000","2025-06-01T13:28:40.753000","","","","[""print""]","","","","Carrie Mae Weems finds strength in solitude with a limited edition photographic print from her iconic Kitchen Table Series – 35 years on from her landmark photographic series that changed the history of art.","Carrie Mae Weems finds strength in solitude in a photograph from her iconic Kitchen Table Series.

In 1990, Carrie Mae Weems took 20 black-and-white images at her kitchen table, a traditionally female space that has not been celebrated enough in art. The overhead bulb sets the stage in each photograph, where a host of intimate domestic scenes and social dynamics unfold.

Untitled (Woman & Phone) sees the artist sit alone at the table, with a phone just out of reach. In an accompanying monologue from the original installation, she writes: ""In and of itself, being alone again naturally wasn't a problem. But some time had passed. At 38 she was beginning to feel the fullness of her woman self.""

Reminding us that vulnerability is strength, this limited edition print embodies Carrie's radical legacy of empowerment and liberation.","","","","","",""
65007945536624,"Lucian Freud - Double Portrait, 1985-86 by Lucian Freud",15471276196222,"/products/lucian-freud-double-portrait-1985-86-alt","https://avantarte.com/products/lucian-freud-double-portrait-1985-86-alt","2026-09-14T13:01:22.924000","2025-07-03T16:38:30.324000","","","","[""print""]","","","","Collect a limited edition print by Lucian Freud, based on one of his seminal, signature portraits. ","This revered painting from Lucian Freud's mature period celebrates his enduring love of animals.

Double Portrait, 1985-86 is a new limited edition print based on the original oil painting of the same name. It is a quintessential piece from the artist’s later career, depicting a woman and a whippet nestled together at rest. The human-animal bond was a lifelong fascination for the influential painter, who once attributed his love of dogs to their “lack of arrogance” and “animal pragmatism”.

Our expert printmakers at Make-Ready closely collaborated with Lucian Freud Estate and Bridgeman Images to reproduce Double Portrait, 1985-86, using high-resolution photography and 310gsm Hahnemühle German Etching paper, specifically chosen by the Estate for its unique textured surface and premium quality.

Double Portrait, 1985-86 is one of four limited edition prints by Lucian Freud Estate celebrating the evolution of the British painter's evocative style from 1947 to 1986.","","","","","Double Portrait, 1985-86 edition of 195",""
680667124,"Carrie Mae Weems - Untitled (Woman Brushing Hair), Kitchen Table Series by Carrie Mae Weems",15361757479294,"/products/carrie-mae-weems-untitled-woman-brushing-hair","https://avantarte.com/products/carrie-mae-weems-untitled-woman-brushing-hair","2026-09-14T13:01:22.924000","2025-06-01T13:43:22.672000","","","","[""print""]","","","","Carrie Mae Weems culminates her landmark Kitchen Table Series with an ode to motherhood, Untitled (Woman Brushing Hair) is a limited edition photographic print 35 years on from her landmark photographic series that changed the history of art.","Carrie Mae Weems culminates her landmark Kitchen Table Series with an ode to motherhood.

In 1990, Carrie Mae Weems took 20 black-and-white images at her kitchen table, a traditionally female space that has not been celebrated enough in art. The overhead bulb sets the stage in each photograph, where a host of intimate domestic scenes and social dynamics unfold.

In Untitled (Woman Brushing Hair), the artist sits at the table with a mother-like figure while a quiet act of love plays out. In a text from the original installation, the artist writes: “Seeking clarity and purpose, she spoke about the problems with her momma.”

A tribute to home, intimacy and community care, this limited edition print channels the power of women's work and collective memory.","","","","","",""
689876937,"Lucian Freud - Double Portrait, 1985-86 by Lucian Freud",15421327180158,"/products/lucian-freud-double-portrait-1985-86","https://avantarte.com/products/lucian-freud-double-portrait-1985-86","2026-09-14T13:01:22.924000","2025-06-19T11:38:57.533000","","","","[""print""]","","","","Collect a limited edition print by Lucian Freud, based on one of his seminal, signature portraits. ","This revered painting from Lucian Freud's mature period celebrates his enduring love of animals.

Double Portrait, 1985-86 is a new limited edition print based on the original oil painting of the same name. It is a quintessential piece from the artist’s later career, depicting a woman and a whippet nestled together at rest. The human-animal bond was a lifelong fascination for the influential painter, who once attributed his love of dogs to their “lack of arrogance” and “animal pragmatism”.

Our expert printmakers at Make-Ready closely collaborated with Lucian Freud Estate and Bridgeman Images to reproduce Double Portrait, 1985-86, using high-resolution photography and 310gsm Hahnemühle German Etching paper, specifically chosen by the Estate for its unique textured surface and premium quality.

Double Portrait, 1985-86 is one of four limited edition prints by Lucian Freud Estate celebrating the evolution of the British painter's evocative style from 1947 to 1986.","","","","","",""
677927309,"Cindy Sherman - Untitled by Cindy Sherman",15393095680382,"/products/cindy-sherman-untitled","https://avantarte.com/products/cindy-sherman-untitled","2026-09-14T13:01:22.924000","2025-05-27T13:40:56.643000","","","","[""print""]","","","","Cindy Sherman unveils a rare, never-before-seen treasure from one of her most famous collections in this exclusive limited edition print, showcasing the artist’s unique blend of performance, photography and poignant social insight.","Cindy Sherman unveils three never-before-seen photographs from one of her most celebrated collections.

Untitled  is a triptych taken from the first photoshoot Cindy ever did for her Head Shots series, created in the lead up to the 2000 Oscars ceremony. The now-seminal photographic series, which she continued until 2002, sees the artist play various aspiring actors having their headshots taken in hope of their big break.

This trio of limited edition prints was originally shot on an expired roll of experimental Polaroid slide film. It is laid out like a projector strip from an old-fashioned cinema, emphasising the poignant and familiar tale of faded Hollywood dreams.

Until now, Untitled has never been released because Sherman deemed these portraits “more pretty” than the rest of the series. Twenty-five years later, the artist shares this hidden gem from her personal archive, launching in support of the Museum of Cycladic Art.","","Digital C-print on Fujicolor Crystal Archive Type DPII paper.","","","",""
64286485275255,"Felipe Pantone - Chromadynamica 19 by Felipe Pantone",15468775899518,"/products/felipe-pantone-chromadynamica-19-p-alt","https://avantarte.com/products/felipe-pantone-chromadynamica-19-p-alt","2026-09-14T13:01:22.924000","2025-07-01T15:56:57.461000","","","","[""print""]","","","","Feel the fast intensity of Chromadynamica 19, a new limited print edition from Argentine-Spanish artist Felipe Pantone. “I think we’re living in times of rapid transformation, driven by technology and the digital age. This piece is a way for me to reflect on and reference that.”","Our latest collaboration with Felipe Pantone transforms a key piece from his defining Chromadynamica series into a new limited edition print.

Chromadynamica 19 P sets colour gradients in motion, taking its name from ancient Greek derivatives for the words ‘colour’ and ‘dynamics’. The pixelated composition references the fast-paced, ever-shifting nature of our digital world, suggesting that change is the only constant thing we have.

Felipe originally created the piece with a Dibond structure, masking tape and enamel spray paint. The process of translating it into an archival pigment print was meticulous, with the artist working alongside our master printmakers to precisely translate the colour grading. The resulting print edition not only remains true to what the artist calls the ""vibrant intensity"" of the original artwork, but it also takes on a new, powerful life of its own.","","","","","Edition size confirmed after the one week release",""
667213405,"Jen Stark - Driptych II by Jen Stark",15335630569854,"/products/jen-stark-driptych-ii","https://avantarte.com/products/jen-stark-driptych-ii","2026-09-14T13:01:22.924000","2025-05-09T11:32:14.719000","","","","[""print""]","","","","Step into LA-artist Jen Stark’s hypnotic universe with this exclusive limited edition print. “This artwork explores the diverse spectrum of human emotions experienced throughout life. I love colour theory and how it affects our moods.”","Step into Jen Stark’s hypnotic universe with this exclusive limited edition print.

""I love how colour affects our moods,"" explains Jen Stark about Driptych II. This kaleidoscopic print embodies the LA artist's iconic ""drip style"" by translating mathematical principles from nature, like the Fibonacci sequence and golden ratio, into a visual exploration of human emotion. Inspired by natural forms like geodes and nautilus shells, each gradient creates an absorbing portal into Stark's colour theory expertise.

Jen created the composition exclusively for this edition. She began by meticulously hand-drawing the original design before digitally refining each element.","","","","","",""
680693393,"Antony Micallef - Self Portrait with Yellow Lake and Magenta by Antony Micallef",15394719957374,"/products/antony-micallef-self-portrait-with-yellow-lake-and-magenta","https://avantarte.com/products/antony-micallef-self-portrait-with-yellow-lake-and-magenta","2026-09-14T13:01:22.924000","2025-06-01T17:24:57.289000","","","","[""print""]","","","","Antony Micallef pushes the boundaries of print technology in this new 3D portrait. Self Portrait with Yellow Lake and Magenta translates the artist’s unique sculptural painting into a 3D limited edition print. ","Antony Micallef pushes the boundaries of printmaking with a tactile portrait.

Self Portrait with Yellow Lake and Magenta translates the artist’s unique oil painting techniques into an intricate limited edition print. Although Antony created the original 2024 artwork with a mirror, he considers this piece a broader study of human emotion rather than a traditional self-portrait.

This innovative print was created through a close and experimental collaboration between the artist and our expert printmakers at Make-Ready. It required multiple stages to achieve sculptural depth, with the thickest areas receiving up to fifty-seven layers of ink. Selected elements were then varnished to enrich the colours, and the entire piece was mounted on the Heritage Conservation Board.","","","","","",""
65250447798859,"Lucian Freud - Girl with Roses, 1947-48 by Lucian Freud",15471893578110,"/products/lucian-freud-girl-with-roses-1947-48-alt","https://avantarte.com/products/lucian-freud-girl-with-roses-1947-48-alt","2026-09-14T13:01:22.924000","2025-07-04T09:40:19.619000","","","","[""print""]","","","","Collect a limited edition print by Lucian Freud, based on one of his iconic early portraits. ","An early masterpiece by Lucian Freud becomes a compelling limited edition print.

This artwork is a prime example of the seminal British painter’s psychologically-charged, wide-eyed portraits from the 1940s. It is one of eight paintings of his first wife, fellow artist Kathleen 'Kitty' Garman, painted shortly before the couple's marriage when Kitty was newly pregnant. She clings to a pink and yellow rose, renamed a Peace Rose after WWII, turning an emblem of love into a stark reminder of conflict.

Our expert printmakers at Make-Ready collaborated closely with Lucian Freud Estate and Bridgeman Images to reproduce Girl with Roses, 1947-48, using high-resolution photography and 310gsm Hahnemühle German Etching paper, specifically chosen by the Estate for its unique textured surface and premium print quality.

Girl with Roses, 1947-48 is one of four limited edition prints by Lucian Freud Estate celebrating the evolution of the British painter's evocative style from 1947 to 1986.","","","","","Girl with Roses, 1947-48 edition of 38",""
657108396,"Mark Bradford  - Scorched Earth Edition by Mark Bradford",15327125897598,"/products/mark-bradford-scorched-earth-edition","https://avantarte.com/products/mark-bradford-scorched-earth-edition","2026-09-14T13:01:22.924000","2025-04-25T14:14:16.325000","","","","[""print""]","","","","Collect a limited edition print by renowned US artist Mark Bradford.","Our debut collaboration with renowned US artist Mark Bradford excavates the social, political and physical terrains of bodies in crisis.

Scorched Earth presents an aerial map of a neighbourhood in Tulsa once known as 'Black Wall Street'. Mark disrupts the urban landscape with a huge swathe of intense black that represents both the physical and psychological scar of the Tulsa Race Massacre in 1921. Around Scorched Earth are small colourful forms that embody the varied and vivid lives impacted by the episode of white supremacist violence and arson.

When Mark painted the original in 2006, he also had in mind the destruction he had witnessed during the 1992 uprising in his hometown of Los Angeles. The edition was created in collaboration with The Broad — home to the original Scorched Earth — in celebration of the museum’s tenth anniversary.

For our printmakers, preserving the rich materiality of Scorched Earth was vital when translating the work to print. Its relief texture was achieved by striking contrasts in ink density, while the play between matte and gloss adds to the standout dynamism of the 20-colour silkscreen.","","","","","",""
663059620,"Lee Ufan - Lee Ufan & Avant Arte",15327412191614,"/products/lee-ufan-from-point-i","https://avantarte.com/products/lee-ufan-from-point-i","2026-09-14T13:01:22.924000","2025-05-02T10:11:31.518000","","","","[""print""]","","","","Collect a limited edition silkscreen print by Lee Ufan. From Point is based on a work from the artist's renowned series of the same name.","Suspended in time and space, the fading brush marks of Lee Ufan's From Point series are captured in a new limited edition silkscreen print, launched in collaboration with Dia Art Foundation.

Born in South Korea, Lee Ufan is one of contemporary art’s most influential figures. After founding the Mono-ha movement in Japan, he helped lead Dansaekhwa (Korean monochrome painting), where painting is reduced to its essential gestures and materials. His renowned From Point series is influenced by his early calligraphy training – where students were taught to continue marking their canvas until the ink on their brush naturally disappeared.

Here, the printmakers at Make-Ready have carefully rendered the deeply contemplated marks of Mr Lee's original – each one remaining as a meditation on presence, movement and restraint.","","","","","This draw includes an extra verification step—after entering, you’ll receive a follow-up email with more details. See our Support page here for more information. For interest in a trio or a pair, email collecting@avantarte.com.",""
681214646,"Parra - PLAY STUPID GAMES by Piet Parra",15400631402878,"/products/parra-play-stupid-games","https://avantarte.com/products/parra-play-stupid-games","2026-09-14T13:01:22.924000","2025-06-03T08:54:25.953000","","","","[""print""]","","","","PLAY STUPID GAMES is a new limited edition print depicting an intimate moment between two people, united through play and focus. Together, they block out the chaos of the world around them.","A new work by Piet Parra delights in the intimacy of kinship.

PLAY STUPID GAMES was painted in 2025 with acrylic on canvas in the artist's signature graphic colour palette and design. The striking composition highlighted by a black outline depicts an intimate moment between two sisters, blocking out the chaos of the world around them by playing a board game.

In this limited edition print of the artwork, Piet’s distinctive visual language creates a small pocket of peace and connection filled with warm bonds of family.","","","","","",""
689857296,"Lucian Freud - Reflection (Self-portrait), 1983-85 by Lucian Freud",15421318627710,"/products/lucian-freud-reflection-self-portrait-1983-85","https://avantarte.com/products/lucian-freud-reflection-self-portrait-1983-85","2026-09-14T13:01:22.924000","2025-06-19T11:28:55.049000","","","","[""print""]","","","","Collect a limited edition print by Lucian Freud, based on one of his seminal, signature portraits. ","An intimate self-portrait by seminal British painter Lucian Freud becomes a new limited edition print.

Reflection (Self-portrait), 1983-85 was painted across two years during the artist’s mature period, in oil on canvas. The artwork is one of deep introspection, emphasised by the use of coarse hog hair brushes to create thick, heavy textures indicative of time, ageing and experience.

Our expert printmakers at Make-Ready closely collaborated with Lucian Freud Estate and Bridgeman Images to reproduce Reflection (Self-portrait), 1983-85, using high-resolution photography and 310gsm Hahnemühle German Etching paper, specifically chosen by the Estate for its unique textured surface and premium quality.

Reflection (Self-portrait), 1983-85 is one of four limited edition prints by Lucian Freud Estate celebrating the evolution of the British painter's evocative style from 1947 to 1986.","","","","","",""
687307905,"James Jarvis - Hang in there! by James Jarvis",15396101226878,"/products/james-jarvis-hang-in-there","https://avantarte.com/products/james-jarvis-hang-in-there","2026-09-14T13:01:22.924000","2025-06-13T09:14:32.414000","","","","[""print""]","","","","A new loveable 3D creature by James Jarvis climbs towards Plato’s idea of perfection.“If the drawing represents a question, the sculpture is an attempt at an answer.” The work also makes a satirical nod to motivational posters and slogans which litter our success-obsessed contemporary world.","A curious creature by James Jarvis climbs towards the idea of perfection in this new limited edition sculpture.

Hang in there! showcases one of the artist's trademark cartoonish characters caught mid-air while climbing. The edition is part of a sequence of sculptures James has created since 2019, all exploring Plato's Theory of Forms – the ancient Greek philosopher's concept that perfect, eternal ideals exist beyond our physical world. Following Plato's logic, Hang in there! reduces climbing to its purest form: the suspended moment, hanging.

Designed by the artist exclusively for the edition, James started the process by sketching his ideas by hand before developing a CGI model, which he then transformed into a resin 3D piece in close collaboration with our specialist production partner.","","","","","",""
67362635581588,"Parra - PLAY STUPID GAMES by Piet Parra",15478230122878,"/products/parra-play-stupid-games-alt","https://avantarte.com/products/parra-play-stupid-games-alt","2026-09-14T13:01:22.924000","2025-07-10T09:51:42.742000","","","","[""print""]","","","","PLAY STUPID GAMES is a new limited edition print depicting an intimate moment between two people, united through play and focus. Together, they block out the chaos of the world around them.","A new work by Piet Parra delights in the intimacy of kinship.

PLAY STUPID GAMES was painted in 2025 with acrylic on canvas in the artist's signature graphic colour palette and design. The striking composition highlighted by a black outline depicts an intimate moment between two sisters, blocking out the chaos of the world around them by playing a board game.

In this limited edition print of the artwork, Piet’s distinctive visual language creates a small pocket of peace and connection filled with warm bonds of family.","","","","","",""
67387866208943,"Parra - PLAY STUPID GAMES & HOME BOUND by Parra",15478312894846,"/products/parra-play-stupid-games-home-bound-alt","https://avantarte.com/products/parra-play-stupid-games-home-bound-alt","2026-09-14T13:01:22.924000","2025-07-10T10:02:49.433000","","","","[""print""]","","","","Piet Parra pairs two works as a limited edition print diptych. HOMEBOUND and PLAY STUPID GAMES unite the artist’s distinct visual language to depict the never-ending balance between connecting with others and connecting with self.","Two new works by Piet Parra delight in the joy of kinship and solitude.

The diptych includes two limited edition prints PLAY STUPID GAMES and HOME BOUND, both originally painted in 2025 with acrylic on canvas in the artist's signature graphic colour palette and design.

The first composition depicts two sisters playing a board game, symbolising the importance of familial connection, while the second composition depicts a woman with her back turned and hands raised, symbolising the equal importance of being alone. Together, this evocative duo represents the never-ending balance between connecting with others and connecting with self.","","","","","PLAY STUPID GAMES edition of 168 / HOME BOUND edition of 145",""
665312649,"Jen Stark - Driptych I by Jen Stark",15335608910206,"/products/jen-stark-driptych-i","https://avantarte.com/products/jen-stark-driptych-i","2026-09-14T13:01:22.924000","2025-05-09T11:23:58.619000","","","","[""print""]","","","","Discover LA-artist Jen Stark’s hypnotic optical illusions in this exclusive edition. “I love using accumulation and repetition in my compositions. I enjoy emulating designs in nature by using visual mathematical equations of the universe.""","Jen Stark brings her hypnotic optical illusions to this exclusive edition.

This monochromatic limited edition print captures the LA-based artist's signature ""drip style"" through intricate patterns inspired by natural geometry. Each concentric layer draws you deeper into a meditation, evoking natural forms like geodes, which are the circular patterns found in rocks and crystals.

Jen created the composition exclusively for this edition. She began by meticulously hand-drawing the original design before digitally refining each element to create this striking desaturated composition.","","","","","",""
680671909,"Carrie Mae Weems - Kitchen Table Triptych by Carrie Mae Weems",15400358478206,"/products/carrie-mae-weems-kitchen-table-triptych","https://avantarte.com/products/carrie-mae-weems-kitchen-table-triptych","2026-09-14T13:01:22.924000","2025-06-01T14:06:33.627000","","","","[""print""]","","","","Carrie Mae Weems documents the wide range of emotions attached to human experience in Kitchen Table Series with a set of 3 limited edition prints – 35 years on from her landmark photographic series that changed the history of art.","Carrie Mae Weems selects three works from her seminal Kitchen Table Series.

In 1990, Carrie Mae Weems took 20 black-and-white images at her kitchen table, a traditionally female space that has not been celebrated enough in art. The overhead bulb sets the stage in each photograph, where a host of intimate domestic scenes and social dynamics unfold.

For Kitchen Table Triptych, the artist carefully selected 3 images from the original series, each exploring a different aspect of social relationships: romance, self and family.

The triptych opens with Untitled (Man & Mirror), a staged photograph of love and desire, followed by Untitled (Woman & Phone), which captures the vulnerability and empowerment of solitude. Finally, Untitled (Woman Brushing Hair) concludes the trio with a loving ode to the intimacy and imperfections of family and motherhood.

Telling intimate stories of love and power, Kitchen Table Triptych captures the enduring legacy of this historic series and Carrie’s pioneering career.","","","","","",""
681629652,"Parra - HOME BOUND by Piet Parra",15400889680254,"/products/parra-home-bound","https://avantarte.com/products/parra-home-bound","2026-09-14T13:01:22.924000","2025-06-03T09:25:14.213000","","","","[""print""]","","","","In HOME BOUND, Parra centres his new limited edition print on seclusion - it’s about the part of people that wants to stay at home and not partake in what’s going on outside.","A new work by Piet Parra revels in the joy of alone time.

HOME BOUND was painted in 2025 with acrylic on canvas in the artist's signature graphic colour palette and design. The striking composition depicts a woman surrounded by her home comforts with her back turned and hands raised, symbolising her desire to be alone. Piet sees the piece as a “self-portrait but with a stunt double”, having painted it during a period when he was frequently alone while preparing for a solo exhibition.

In this limited edition print of the artwork, Piet’s distinctive visual language becomes a welcome reminder to treat ourselves with care, love and compassion.","","","","","",""
675240945,"Lee Ufan - Lee Ufan & Avant Arte",15383979426174,"/products/lee-ufan-from-point-i-and-ii","https://avantarte.com/products/lee-ufan-from-point-i-and-ii","2026-09-14T13:01:22.924000","2025-05-22T12:51:45.565000","","","","[""print""]","","","","Collect two limited edition silkscreen prints by Lee Ufan, drawing on works from his iconic From Line and From Point series. ","Forever suspended in time and space,  the meditative brush marks of Lee Ufan's acclaimed From Point series are united in a pair of new limited edition silkscreen prints. 

The duo draws from the artist's most well-known works – both examples of Dansaekhwa (Korean monochrome painting). Pioneered by Mr Lee in the '70s and '80s, Dansaekhwa saw a stripped-back approach shift focus from image to the act of painting itself. The calligraphy training of the artist's youth was a pivotal influence – one teaching method requiring students to continue marking their canvas until the ink on their brush naturally disappeared. 

Here, the printmakers at Make-Ready have rendered the graceful gestures and rhythms of the From Point works with a reverence for mark-making shared with the artist, taking great care and consideration to ensure the  rich depth and detail of the originals are translated.","","","","","",""
651782255,"Jonny Niesche - Champagne Lexus by Jonny Niesche",15018188931454,"/products/jonny-niesche-champagne-lexus","https://avantarte.com/products/jonny-niesche-champagne-lexus","2026-09-14T13:01:22.926000","2025-04-07T17:28:52.231000","","","","[""print""]","","","","Meta description  Collect a limited edition print by Jonny Niesche which channels the influence of American minimalists.","Jonny Niesche channels the influence of American minimalists in a playful limited edition print.

Champagne Lexus dissolves blush pink into chocolate brown to form an effervescent shade of ‘Champagne’. For the artist, the specificity of this tone recalls a kitsch shade of automotive paint from his youth, as well as the techniques of artists such as Donald Judd.

The edition is based upon an original textile work, refined into the medium of print. For the artist, the print becomes complete once collectors have connected their own memories and emotions to the colours.","","","","","",""
644977425,"Robert Longo - Untitled (Eric, from the series “Men in the Cities”) & Untitled (Falling Flag) by Robert Longo",15013446386046,"/products/robert-longo-untitled-eric-from-the-series-men-in-the-cities-untitled-falling-flag","https://avantarte.com/products/robert-longo-untitled-eric-from-the-series-men-in-the-cities-untitled-falling-flag","2026-09-14T13:01:22.926000","2025-03-26T10:56:37.799000","","","","[""print""]","","","","Collect two limited edition silkscreen prints by Robert Longo which explore archetypal symbols from his practice, past and present. ","Robert Longo dances between power and patriotism with a pair of silkscreen editions launching in support of the Louisiana Museum.

Untitled (Eric) revisits the iconic ""Men in the Cities"" series which took the art world by storm in the late 70s and early 80s. The images of contorted bodies, suspended between pain and pleasure, became emblematic of the Pictures Generation and marked a new era in image-making.

Untitled (Falling Flag) is taken from Robert’s recent exploration of democracy and power. For Robert, the work is about “revealing a void – it’s a curtain falling, and nothing exists beyond.”

Each edition is a celebration of the capabilities of the silkscreen process. The two works were intricately transposed from original charcoal drawings to print, via medium-format transparencies. This process allowed the complexity of the dark charcoal to come to life in print with a hyper-realistic grain texture.","","","","","",""
625338012,"Miwa Komatsu - Innocent Days and Wishes by Miwa Komatsu",8768460357970,"/products/miwa-komatsu-innocent-days-and-wishes","https://avantarte.com/products/miwa-komatsu-innocent-days-and-wishes","2026-09-14T13:01:22.926000","2025-02-13T11:32:45.684000","","","","[""print"", ""hand""]","","","","Innocent Days and Wishes is a limited edition hybrid print with flashes of gold by Japanese artist Miwa Komatsu. Divine beasts call to a spiritual outlook centred on harmony and symbiosis. Worldwide shipping and framing options available.","Divine beasts gather in a transcendent silkscreen print by Miwa Komatsu.

Miwa is personally and artistically guided by a deeply spiritual outlook. Central to much of her practice is the wolf-like Komainu, a mythical creature from Japanese folklore, revered as a guardian of sacred spaces and protector against evil spirits.

In Innocent Days and Wishes, Miwa depicts a family of such creatures. At the centre, two children embody the elements of water and spatial energy. A porcelain Komainu in the British Museum’s collection inspired Miwa’s hand finishing of each of the prints with elemental colours – red, white and blue.

Each print is accompanied by The Great Harmonisation — an illustrated poetry book that introduces the conceptual framework of Miwa’s work.","","","","","",""
623163178,"Mickalene Thomas - Resist by Mickalene Thomas",14934233416062,"/products/mickalene-thomas-resist","https://avantarte.com/products/mickalene-thomas-resist","2026-09-14T13:01:22.926000","2025-02-10T14:07:14.919000","","","","[""print""]","","","","Collect a limited edition embellished print by Mickalene Thomas which ignites a conversation about race and activism in America. ","Mickalene Thomas presents a rousing portrait of race in the USA.

Originally created in 2017, Resist spans nearly a century of African American history. Mickalene appropriates photojournalistic imagery that centres on moments of racist violence such as the Tulsa Race Massacre (1921), and police dogs attacking a civil rights protestor in Birmingham Alabama (1963). Alongside the brutality she interjects symbols of Black resistance, like protestors bearing ‘freedom’ placards and a portrait of writer and activist James Baldwin. With Resist, Mickalene connects her work to this lineage of freedom fighters.

Mickalene’s technique of overlapping photographs lends itself to the medium of silkscreen printing. As a print, Resist also asks us to consider how news and histories are disseminated. This edition extends that call beyond the confines of a single work, taking Mickalene’s overtly political message to homes around the world.","","","","","",""
635909474,"Mickalene Thomas - Full set of prints by Mickalene Thomas",14981667750270,"/products/mickalene-thomas-full-set-of-prints","https://avantarte.com/products/mickalene-thomas-full-set-of-prints","2026-09-14T13:01:22.926000","2025-03-06T13:37:18.989000","","","","[""print""]","","","","Collect a pair set of editions, each marking significant moments and themes within Mickalene's career.","Collect a full set of editions, each marking significant moments and themes within Mickalene's career.","","","","","",""
635338393,"Other World - Dogs of War by Other World",14979797909886,"/products/otherworld-dogs-of-war","https://avantarte.com/products/otherworld-dogs-of-war","2026-09-14T13:01:22.926000","2025-03-21T13:12:16.661000","","","","[""print"", ""nft""]","","","","Collect a limited edition print by Other World. Dogs of War depicts a striking fusion of classical composition with modern storytelling.","A primal battle erupts in Dogs of War.

In a reinterpretation of Peter Nicolai Arbo’s The Wild Hunt of Odin, Other World questions whether war is an inevitable force of nature. His army of ‘fiends’ hurl across the sky on horseback, weapons raised for destruction. A chariot carrying the crowned figure is pulled into the centre of the scene by dogs – a nod to the animalistic nature of war. As the sun rises, meteors rain down on the terrifying procession, hinting at the presence of a higher power. Meanwhile, the fire-scorched earth below is a reminder of the devastation that arrives with warfare.

The print edition is finished with glow-in-the-dark silkscreen details, allowing another dimension of the scene to come alive at night.","","","","","",""
623152311,"Mickalene Thomas - Landscape With Woman Washing Her Feet by Mickalene Thomas",14934213427582,"/products/mickalene-thomas-landscape-with-woman-washing-her-feet","https://avantarte.com/products/mickalene-thomas-landscape-with-woman-washing-her-feet","2026-09-14T13:01:22.926000","2025-02-10T12:44:45.650000","","","","[""print""]","","","","Collect a limited edition glitter-embellished print by Mickalene Thomas which offers a rare glimpse into the artist's Landscape body of work.","A figure is lost to history in a rare landscape work by Mickalene Thomas.

In Landscape With Woman Washing Her Feet, Mickalene brings her voice to Nicolas Poussin’s eponymous painting from 1650. The artist became enamoured by the romantic style of the Hudson River School painters after frequent travels to upstate New York in 2008. Using photographs taken during this time, she pieces together the idyllic scene – but the titular woman is absent. A flash of glittering animal print offers a clue at who she might have been.

Landscape With Woman Washing Her Feet shows Mickalene experimenting outside of the bounds of her usual practice. She challenges both the expectations of black art and of landscape painting – using unexpected materials like rhinestones to blur the lines between nature and artifice. Printmakers utilised metallic shimmers, and gloss detailing to replicate the dynamic light and textures of the original.","","","","","",""
635874485,"Mickalene Thomas - November 1981 & Afro Goddess Looking Forward by Mickalene Thomas",14981781815678,"/products/mickalene-thomas-november-1981-afro-goddess-looking-forward","https://avantarte.com/products/mickalene-thomas-november-1981-afro-goddess-looking-forward","2026-09-14T13:01:22.926000","2025-03-06T13:37:00.280000","","","","[""print""]","","","","Collect a pair of editions, each marking significant moments and themes within Mickalene's career.","Notions of self-love and desire play out in two collaged portraits by Mickalene Thomas.

In November 1981, Mickalene Thomas blends playfulness with social commentary on the performance of Black femme desire. The central image is cut out of Jet – an African American magazine founded in 1951. By appropriating an anonymous ‘beauty of the month’, Mickalene challenges notions of sex, power and erotica.Afro Goddess Looking Forward is an early example of Mickalene’s now iconic visual language that blends printmaking, painting, and collage techniques.

As the Afro Goddess, Mickalene reclines on a couch haloed by her sparkling afro. The portrait centres on the unwavering gaze of the artist’s eyes – cut and pasted from a black and white self-portrait.","","","","","",""
644964566,"Robert Longo - Untitled (Eric, from the series “Men in the Cities”) by Robert Longo",15013336678782,"/products/robert-longo-untitled-eric-from-the-series-men-in-the-cities","https://avantarte.com/products/robert-longo-untitled-eric-from-the-series-men-in-the-cities","2026-09-14T13:01:22.926000","2025-03-25T12:53:18.713000","","","","[""print""]","","","","Collect a limited edition silkscreen print by Robert Longo from his iconic ‘Men in the Cities’ series, depicting a paradox between dancing and dying.","Punk rock dance meets film noir violence, in Robert Longo's snapshot of 80s New York.

Untitled (Eric) revisits an iconic series that has spawned countless pop culture copycats. In the late 70s and early 80s, ""Men in the Cities"" took the art world by storm. The images of contorted bodies, suspended between pain and pleasure, became emblematic of the Pictures Generation and marked a new era in image-making.

The transposition of medium is central to the artist's practice. Robert constructs his drawings with layer upon layer of black graphite, working his way from light to dark to give new meaning to his original photographs. Similarly, the intricate process behind the print edition involves layers of grayscale separation. This high level of fidelity with the image, unique to silkscreen, results in a floating effect and hyperreal grain texture.","","","","","",""
644907516,"Robert Longo - Untitled (Falling Flag) by Robert Longo",15013402673534,"/products/robert-longo-untitled-falling-flag","https://avantarte.com/products/robert-longo-untitled-falling-flag","2026-09-14T13:01:22.926000","2025-03-25T12:34:35.585000","","","","[""print""]","","","","Collect a limited edition silkscreen print by Robert Longo which explores democracy and power through the emblematic American flag.","Robert Longo drops the curtain on the American dream.

The stars and stripes of the American flag have appeared in Robert’s work throughout his career, taking on different meanings with each iteration. This new edition is taken from his recent exploration of democracy and power. For Robert, Untitled (Falling Flag) is about “revealing a void – it’s a curtain falling, and nothing exists beyond.”

The flag itself takes up less than half of the image. The rest of the print is an intense black that represents the imposing “void”. To achieve this solid colour in his original drawing, Robert built up layer upon layer of charcoal on white paper. This process is mirrored in the silkscreen process, which included grayscale separation across 9 colours. This allows the complexity of the dark charcoal in Robert’s original to come to life with a hyper-realistic grain texture.","","","","","",""
609582189,"Shirin Neshat  - Unveiling series #1, 1993 & Unveiling series #2, 1993 & Women Without Men #1, 2009 & Women Without Men #2, 2009 by Shirin Neshat",14897215570302,"/products/shirin-neshat-women-without-men-1-1993-women-without-men-2-1993-unveiling-1-2009-unveiling-2-2009","https://avantarte.com/products/shirin-neshat-women-without-men-1-1993-women-without-men-2-1993-unveiling-1-2009-unveiling-2-2009","2026-09-14T13:01:22.926000","2025-01-16T14:39:01.412000","","","","[""print""]","","","","Purchase a collection of limited edition prints by artist Shirin Neshat ","Collect a quartet of limited edition prints drawing on seminal works from Shirin Neshat’s career.

The collection comprises two photographic prints, based on stills from Shirin’s internationally-acclaimed film Women Without Men. Two signature calligraphy and photography pieces, each with a separate silkscreen layer of handwritten Farsi by the artist, complete the set.

Living in exile since the Islamic Republic of Iran’s seizing of power in 1979, Shirin has unwaveringly shaped global conversation of gender and identity, focusing her lens on where the personal meets the political.","","","","","Unveiling series #1, 1993: Edition of 255 / Unveiling series #2, 1993: Edition of 161 / Women Without Men #1, 2009: Edition of 118 / Women Without Men #2, 2009: Edition of 116",""
650131289,"LY - LUV Blossoming by LY",15013818761598,"/products/ly-luv-blossoming","https://avantarte.com/products/ly-luv-blossoming","2026-09-14T13:01:22.926000","2025-04-07T10:52:56.079000","","","","[""print""]","","","","Collect an uplifting new limited edition silkscreen print by LY, signalling a new chapter in her exploration of colour.","In this new limited edition silkscreen print, LY brings bright hope for the future.

In 2023, LY introduced her amorphous, wandering muse, LUV, to a world of colour – breaking free from the monochromatic legacy that once defined her practice. Here, she guides the character into a golden-hued forest – its trees symbolising growth and limitless potential.

To bring LY’s first exploration of this new palette to life, printmakers at Make-Ready meticulously translated each carefully chosen shade into a complex, 20-colour silkscreen. The result is a vivacious celebration of colour, marking a joyful new chapter in the artist’s practice.","","","","","",""
619039771,"Ayako Rokkaku - Untitled by Ayako Rokkaku",14912687767934,"/products/ayako-rokkaku-untitled","https://avantarte.com/products/ayako-rokkaku-untitled","2026-09-14T13:01:22.926000","2025-02-03T10:11:43.579000","","","","[""print""]","","","","Collect a limited edition silkscreen print by Japanese artist Ayako Rokkaku.","A wide-eyed child drifts through the vast unknown in a new limited edition silkscreen print by Ayako Rokkaku.

Ayako pursues an ‘instinctive, primal impulse’ by painting with her fingertips. Like a child at play, she abandons brushes, applying acrylic paint spontaneously with her hands. Intuitive emotion becomes rich swathes of colour, from which a character begins to appear.

In our second collaboration, a blonde, long-limbed girl emerges through kaleidoscopic clouds. Clutching a life-sized pink toy, she embodies the kawaii-inspired fictional characters that shaped Ayako's childhood in Japan. While the vibrant scene exudes ‘positive energy’, the child’s ambiguous expression invites reflection on the complexities of childhood.","","","","","",""
632426916,"Hajime Sorayama - Untitled by Hajime Sorayama",14966911730046,"/products/hajime-sorayama-untitled","https://avantarte.com/products/hajime-sorayama-untitled","2026-09-14T13:01:22.926000","2025-02-26T15:53:02.054000","","","","[""print""]","","","","Collect a limited edition lenticular print by Japanese artist Hajime Sorayama.","In this new lenticular limited edition, one of the legendary Japanese artist's gynoids breathes 3D life.

Sorayama’s decade-spanning series of 'sexy robots' have influenced everyone from fashion designers to global pop icons. Here, one of the figures – a symbol of the artist’s ""strong desire to depict the goddess"" – takes centre stage in a piece that gives the illusion of depth and movement as you move around it.

Sorayama is in constant pursuit of light. Specifically, “the way that metal absorbs and reflects light.” Offering immersion in his inimitable visual universe, this edition sees that pursuit taken to new places.","","","","","",""
618657545,"Jammie Holmes - Fred by Jammie Holmes",14912420151678,"/products/jammie-holmes-fred-preorder","https://avantarte.com/products/jammie-holmes-fred-preorder","2026-09-14T13:01:22.926000","2025-01-31T11:13:01.339000","","","","[""print""]","","","","Collect a limited edition print by American painter Jammie Holmes that honours the legacy of activist Fred Hampton.","In Fred, Jammie Holmes places childhood memories in the context of the Black liberation struggle.

Jammie’s practice centres the spaces where Black life is lived in the Deep South. Fred, offers a window into such a space — a family living room with checkered floors and wood panelled walls. The TV screen is a black and white portrait of Fred Hampton — deputy chairman of the Black Panther Party who was assassinated in 1969 at the age of 21. Above the television is a photograph from Jammie’s childhood framed with gold leaf, and the handles on its 80s style cabinet are printed in metallic ink. The whole scene is lined with gold glitter, framing the memory as precious.

A rotating sequence of flags form an imposing border around the print. Jammie incorporates (from top left): the 13 Stripes representing the 13th amendment that abolished slavery, the tricolour Pan-African flag, the African American Flag (1990) by artist David Hammonds, and a flag of Jammie’s own creation. The flags represent the past, present and future of Black liberation in the US.","","","","","",""
636220436,"Tomás Sánchez - El testigo & Cascada como ícono by Tomás Sánchez",14983083295102,"/products/tomas-sanchez-diptych-cascada-como-icono-el-testigo","https://avantarte.com/products/tomas-sanchez-diptych-cascada-como-icono-el-testigo","2026-09-14T13:01:22.926000","2025-03-06T14:25:11.823000","","","","[""print""]","","","","'Cascada como ícono' is a UV pigment print on 410gsm Somerset Tub Sized Radiant White paper. 'El testigo' is a UV pigment print on 410gsm Somerset Tub Sized Radiant White paper with a matte varnish seal.","Tomás Sánchez captures the transcendent power of golden hour in a pair of luminous new prints.

In El Testigo, towering treetops form arches “reminiscent of temples"". In Cascada como ícono, a cascading waterfall becomes a portal for reflection.

To create the editions, printers at Make-Ready have faithfully translated two of Tomas’s hyperrealistic landscape paintings into print, capturing the depth of his Romantic-inspired palette and fidelity of his intricate brushstrokes.","","","","","",""
628596826,"Tomás Sánchez - El testigo by Tomás Sánchez",14953497756030,"/products/tomas-sanchez-el-testigo","https://avantarte.com/products/tomas-sanchez-el-testigo","2026-09-14T13:01:22.926000","2025-02-20T15:37:21.323000","","","","[""print""]","","","","Collect a pair of limited edition prints by Tomás Sánchez that inspire a moment's meditation.","In El testigo, Tomás Sánchez lets the transcendent power of golden hour live forever.

For nearly three decades, the Cuban artist has painted meditative landscapes in hyperrealistic detail. Here, his delicate brushstrokes render a canopy of foliage, while soft amber light creates a mesmerising atmosphere, drawing the viewer in. Towering treetops form arches ""reminiscent of temples"", beneath which two figures sit in quiet reflection – mirroring Tomás's own daily practice.

To create this edition, printers at Make-Ready translated the piece in exceptional detail, faithfully capturing the depth of Tomás's Romantic-inspired palette into print.","","","","","",""
609580535,"Shirin Neshat  - Unveiling series #1, 1993 & Unveiling series #2, 1993 by Shirin Neshat",14897204461950,"/products/shirin-neshat-unveiling-1-1993-unveiling-2-1993","https://avantarte.com/products/shirin-neshat-unveiling-1-1993-unveiling-2-1993","2026-09-14T13:01:22.926000","2025-01-16T14:37:40.955000","","","","[""print""]","","","","Purchase a pair of limited edition prints by artist Shirin Neshat ","Collect a pair of hybrid silkscreen and photographic portraits by Shirin Neshat, based on her seminal body of work Women of Allah.

The work sees Farsi calligraphy handwritten by Shirin applied as a separate silkscreen layer to a powerful self portrait and image of the artist’s feet, both rendered in ultraviolet print by the printers at Make-Ready.","","","","","Unveiling series #1, 1993: Edition of 255 / Unveiling series #2, 1993: Edition of 161",""
609568579,"Shirin Neshat  - Women Without Men #1, 2009 & Women Without Men #2, 2009 by Shirin Neshat",14897185325438,"/products/shirin-neshat-women-without-men-1-2009-women-without-men-2-2009","https://avantarte.com/products/shirin-neshat-women-without-men-1-2009-women-without-men-2-2009","2026-09-14T13:01:22.926000","2025-01-16T14:36:41.048000","","","","[""print""]","","","","Collect a pair of limited edition prints by artist Shirin Neshat. ","Collect a pair of limited edition photographic prints by Shirin Nehsat, based on stills from her acclaimed film Women Without Men.

The Silver Lion-winning 2009 feature sees Shirin direct a story of Iranian women and their navigating of the social, political and environmental upheavals of their country following its CIA-backed coup d'état of left-leaning leader Mosaddegh in 1953. Like much of Shirin’s work, its lens focuses on where the personal and political collide.","","","","","Women Without Men #1, 2009: Edition of 118 / Women Without Men #2, 2009: Edition of 116",""
636582676,"Oscar yi Hou - Coolieisms, aka: Born In The USA (Go And Kill The Yellow Man) by Oscar yi Hou",14978007662974,"/products/oscar-yi-hou-coolieisms-aka-born-in-the-usa-go-and-kill-the-yellow-man","https://avantarte.com/products/oscar-yi-hou-coolieisms-aka-born-in-the-usa-go-and-kill-the-yellow-man","2026-09-14T13:01:22.926000","2025-03-13T02:26:14.551000","","","","[""print""]","","","","Collect a new limited edition print by Brooklyn-based portrait painter Oscar yi Hou.","In this new limited edition print, Oscar yi Hou reimagines Bruce Springsteen's iconic Born in the U.S.A. album cover, infusing it with queer sensuality.

Our first collaboration with Oscar, Coolieisms, aka: Born In The USA (Go And Kill The Yellow Man), is a translation of the original oil painting from his ongoing Coolieisms series. The series title references a 19th-century slur historically used to degrade exploited Chinese railroad labourers. Through this body of work, Oscar explores East Asian queer experiences in America, blending American pop culture, queer masculinities, kink iconography, and references to both ancient and contemporary Asian art and culture.

In his take on the cover, Oscar replaces the all-American man with a figure dressed in leather fetish gear. Across the stripes of the flag, lyrics from Bruce Springsteen's original song – ""go and kill the yellow man"" – are layered, referencing US imperialism and its violent history in Asia.

The edition is rich with symbolic detail, from the figure's small gold hoop – mirroring the artist's piercing – to a glitter-embellished navy handkerchief, nodding to the queer practice of 'flagging' which originated in 1970s gay male and BDSM communities as a code to communicate your sexual preferences. To embellish these details, printers at Make-Ready applied a dynamic silkscreen high-gloss varnish to specific areas and used a dazzling glitter coating to highlight the stars of the US flag on the navy handkerchief.","","","","","",""
626155123,"Grayson Perry - Magical Thinking (Large) by Grayson Perry",14946762097022,"/products/grayson-perry-magical-thinking-large","https://avantarte.com/products/grayson-perry-magical-thinking-large","2026-09-14T13:01:22.926000","2025-02-14T16:05:42.204000","","","","[""print""]","","","","Grayson Perry channels the whimsical charm of a Russian lubok print at vast scale in a limited edition print, now available to collect.","In Magical Thinking (Large), Grayson Perry channels the whimsical charm of a Russian lubok print at vast scale.

The idea for Magical Thinking (Large) was sparked when Grayson encountered Cornelius de Vos’ Portrait of a Lady at the Wallace Collection in London. Here, he reimagines de Vos’ subject, encircling her with a constellation of words and symbols. The graphic composition draws inspiration from a 17th-century print style that pairs vivid illustration with narratives derived from literature, religious stories and folk tales.

To create the edition, printers at Make-Ready developed a bespoke textured paper that ""fights back"" against the ink. The result is a uniquely tactile silkscreen with intentional irregularities – a homage to the perfectly imperfect nature of woodblock prints.","","","","","",""
623132166,"Mickalene Thomas - November 1981 by Mickalene Thomas",14934087991678,"/products/mickalene-thomas-november-1981","https://avantarte.com/products/mickalene-thomas-november-1981","2026-09-14T13:01:22.926000","2025-02-10T12:21:58.705000","","","","[""print""]","","","","Collect a limited edition glitter-embellished print by Mickalene Thomas which depicts an unapologetic portrait of sensuality.","Desire takes centre stage in November, 1981.

In this sensual collage, Mickalene Thomas blends playfulness with social commentary on the performance of Black femme desire. The central image is cut out of Jet – an African American magazine founded in 1951. By appropriating an anonymous ‘beauty of the month’, Mickalene challenges notions of sex, power and erotica.

Through close collaboration between Mickalene’s studio and printmakers at Make-Ready, this edition captures the layered complexity of the original work. The anonymous woman is printed over a silver base layer, giving a lustrous sheen to her naked body and afro-crowned head. Glittery blue lines trace the contours of her form, while her lips are exaggerated with fluorescent pink. High-gloss varnish nods to the shiny finish of the original magazine.","","","","","",""
635022832,"Harland Miller - York So Good They Named It Once by Harland Miller",14978113634686,"/products/harland-miller-york-so-good-they-named-it-once","https://avantarte.com/products/harland-miller-york-so-good-they-named-it-once","2026-09-14T13:01:22.926000","2025-03-05T11:33:39.969000","","","","[""print""]","","","","Collect a limited edition print by Harland Miller. York So Good They Named It Once sees the artist’s satirical takes on book covers get personal. ","Harland Miller gets personal with his novel painting in this new limited edition silkscreen print, in support of York Museums Trust.

Part of Harland's satirical spins on the publishing world, which he's become renowned for, York So Good They Named It Once sees the artist turn his attention to the region he calls home.

While a work in its own right, the printers at Make-Ready have translated the texture and detail of the original to a 27-colour print of incredible fidelity and quality. Harland's brushstrokes, and even a strand of hair suspended in paint, are captured in the edition.","","","","","",""
651701631,"Jonny Niesche - Musk romance in deepest blue by Jonny Niesche",15018194633086,"/products/jonny-niesche-musk-romance-in-deepest-blue","https://avantarte.com/products/jonny-niesche-musk-romance-in-deepest-blue","2026-09-14T13:01:22.926000","2025-04-07T17:12:07.576000","","","","[""print""]","","","","Collect a limited edition print by Jonny Niesche which explores colour as a gateway to emotion and imagination.","Jonny Niesche pushes the limits of blue in an emotive limited edition print.

Musk romance in deepest blue is based on the words of philosopher Gaston Bachelard, who saw colour as a gateway to emotion and imagination. The depth of feeling associated with navy is offset by sky blue, pointing towards lighter feelings such reverie and dreams. This rich interplay of colour is exemplar of Jonny's ability to bring a mirror-like quality to his work.

The edition is based upon an original textile work, refined into the medium of print. For the artist, the print will become complete once collectors have connected their own memories and emotions to the colours.","","","","","",""
628582128,"Tomás Sánchez - Cascada como ícono by Tomás Sánchez",14953654354302,"/products/tomas-sanchez-cascada-como-icono","https://avantarte.com/products/tomas-sanchez-cascada-como-icono","2026-09-14T13:01:22.926000","2025-02-20T15:37:15.208000","","","","[""print""]","","","","Collect a pair of limited edition prints by Tomás Sánchez that inspire a moment's meditation.","A cascading waterfall becomes a portal for reflection in a new limited edition print by Tomás Sánchez.

In many of his landscapes, Tomás introduces small meditating figures that represent the highest states of consciousness. Here, he depicts one such figure, captivated by nature's majesty. Through a canopy of treetops rendered in hyperrealistic detail, Tomás bathes the scene in the warm glow of golden hour – a time sacred to his meditation practice and symbolic of the cycles of ""beginnings and endings to which we are all connected"".

The edition meticulously translates the rich colours of one of Tomás's immersive oil paintings into print. Throughout the process, printmakers at Make-Ready focused on achieving exceptional fidelity and rich colouration – both critical objectives of Tomás’s work.","","","","","",""
652411709,"Jonny Niesche - Musk Romance in Deepest Blue and Champagne Lexus  by Jonny Niesche",15067657765246,"/products/jonny-niesche-musk-romance-in-deepest-blue-and-champagne-lexus","https://avantarte.com/products/jonny-niesche-musk-romance-in-deepest-blue-and-champagne-lexus","2026-09-14T13:01:22.926000","2025-04-08T16:31:56.402000","","","","[""print""]","","","","Collect a diptych of limited edition prints by Jonny Niesche which explore colour as a gateway to emotion and imagination.","Jonny Niesche’s two favourite works are paired in a tonal diptych.

Musk romance in deepest blue is based on the words of philosopher Gaston Bachelard, who saw colour as a gateway to emotion and imagination. The depth of feeling associated with navy is offset by sky blue, pointing towards lighter feelings such reverie and dreams.

Champagne Lexus sees blush pink dissolving into chocolate brown to form a playful shade of ‘Champagne’. For the artist, the specificity of this tone recalls a kitsch shade of automotive paint from his youth, as well as the techniques of artists such as Donald Judd.","","","","","",""
616249714,"Jammie Holmes - Fred by Jammie Holmes",14908426486142,"/products/jammie-holmes-fred","https://avantarte.com/products/jammie-holmes-fred","2026-09-14T13:01:22.926000","2025-01-29T16:32:19.392000","","","","[""print""]","","","","Collect a limited edition print by American painter Jammie Holmes that honours the legacy of activist Fred Hampton.","In Fred, Jammie Holmes places childhood memories in the context of the Black liberation struggle.

Jammie’s practice centres the spaces where Black life is lived in the Deep South. Fred offers a window into such a space — a family living room with checkered floors and wood panelled walls. The TV screen is a black and white portrait of Fred Hampton — deputy chairman of the Black Panther Party who was assassinated in 1969 at the age of 21. Above the TV is a photograph from Jammie’s childhood framed with gold leaf, and the handles on its 80s style cabinet are printed in metallic ink. The whole scene is lined with gold glitter, framing the memory as precious.

A rotating sequence of flags form an imposing border around the print. Jammie incorporates (from top left): the 13 Stripes representing the 13th amendment – which abolished slavery, the tricolour Pan-African flag, the African American Flag (1990) by artist David Hammonds, and a flag of Jammie’s own creation. Collectively, they symbolise the past, present and future of Black liberation in the US.","","","","","",""
652708373,"Friedrich Kunath - Storms Never Last by Friedrich Kunath",15067929280894,"/products/friedrich-kunath-storms-never-last","https://avantarte.com/products/friedrich-kunath-storms-never-last","2026-09-14T13:01:22.926000","2025-04-09T09:04:19.273000","","","","[""print"", ""hand""]","","","","Collect a hand-finished limited edition print by German artist Friedrich Kunath, Storms Never Last.","Our latest collaboration with Friedrich Kunath, Storms Never Last, transforms the artist's original 2023 oil painting into a hand-finished print.

Drawing inspiration from Romanticism, Friedrich imbues his vivid, atmospheric works with poetic phrases, influenced by anything from 90s song lyrics and postcards to perfume scents. In this edition, a solitary figure seeks refuge from a storm. At the heart of the piece, a handwritten reflection, ""Storms Never Last,"" offers comfort and consolation – ""a silver lining to a rainy-day state of mind.""

To create the edition, printmakers at Make-Ready faithfully translated the artist's intuitive brushstrokes from the original painting to print, capturing the tactile quality of the impasto oil paint while amplifying the clarity of its hidden messages. Each edition also bears unique bird drawings, hand-finished by the artist in acrylic paint.","","","","","",""
623088046,"Mickalene Thomas - Afro Goddess Looking Forward by Mickalene Thomas",14934088221054,"/products/mickalene-thomas-afro-goddess-looking-forward","https://avantarte.com/products/mickalene-thomas-afro-goddess-looking-forward","2026-09-14T13:01:22.926000","2025-02-10T12:22:08.009000","","","","[""print""]","","","","Collect a limited edition glitter-embellished print by Mickalene Thomas which enshrines Black womanhood with a powerful self portrait. ","Mickalene Thomas is her own muse in a tableaux exploring self love.

As the Afro Goddess, Mickalene reclines on a couch haloed by her sparkling afro. The portrait centres on the unwavering gaze of the artist’s eyes – cut and pasted from a black and white self-portrait. The bold patterns on her clothes give way to a collaged backdrop that hints at a luxurious interior. Mickalene shrouds her image in the power that Black women are historically excluded from.

Afro Goddess Looking Forward is an early example of Mickalene’s now iconic visual language that blends printmaking, painting, and collage techniques. This faithful edition meticulously translates the original into an 8 layer silkscreen, embellished with glitters to emphasise the iridescence of her hair and clothes.","","","","","",""
654396501,"Judy Chicago - Let It All Hang Out by Judy Chicago",15016462811518,"/products/judy-chicago-let-it-all-hang-out","https://avantarte.com/products/judy-chicago-let-it-all-hang-out","2026-09-14T13:01:22.926000","2025-04-11T15:27:32.109000","","","","[""print""]","","","","Collect a limited edition print by Judy Chicago. Heaven is for white men only marks a monumental shift in Judy's practice, telling her story of womanhood. ","Judy Chicago tells her story of womanhood in this limited edition print of her landmark 1973 painting.

Let It All Hang Out is a portrait of female pleasure and orgasm, symbolically represented by the central core and biomorphic shapes that ripple outwards – emblematic of Judy's unique yonic iconography that has come to define her career.

But back when Judy created this artwork, the idea of women enjoying sex was even more taboo than it remains today: ""When I painted Let It All Hang Out, it scared me to death because it is about the power of female sexuality and the pulsing nature of female orgasm. I love that painting.""

The print is embellished with a silkscreen shimmer layer, emulating the hypnotic irradiance of the original large-scale painting.","","","","","",""
635858538,"Mickalene Thomas - Landscape With Woman Washing Her Feet & Resist by Mickalene Thomas",14981753143678,"/products/mickalene-thomas-landscape-with-woman-washing-her-feet-resist","https://avantarte.com/products/mickalene-thomas-landscape-with-woman-washing-her-feet-resist","2026-09-14T13:01:22.926000","2025-03-06T13:36:30.934000","","","","[""print""]","","","","Collect a pair of editions, each marking significant moments and themes within Mickalene's career.","Mickalene Thomas recounts personal history and powerful notions of freedom in two rousing print editions.

Originally created in 2017, Resist spans nearly a century of African American history. Mickalene appropriates photojournalistic imagery that centres on moments of racist violence such as the Tulsa Race Massacre (1921), and police dogs attacking a civil rights protestor in Birmingham Alabama (1963). Alongside the brutality she interjects symbols of Black resistance, like protestors bearing ‘freedom’ placards and a portrait of writer and activist James Baldwin.

In Landscape With Woman Washing Her Feet, Mickalene brings her voice to Nicolas Poussin’s eponymous painting from 1650. The artist became enamoured by the romantic style of the Hudson River School painters after frequent travels to upstate New York in 2008. Using photographs taken during this time, she pieces together the idyllic scene – but the titular woman is absent. A flash of glittering animal print offers a clue at who she might have been.","","","","","",""
636731696,"Ferrari Sheppard - Iris by Ferrari Sheppard",14983505674622,"/products/ferrari-sheppard-iris","https://avantarte.com/products/ferrari-sheppard-iris","2026-09-14T13:01:22.926000","2025-03-21T14:53:05.387000","","","","[""print""]","","","","Collect a limited edition print by Ferrari Sheppard. ","Our latest collaboration with Ferrari Sheppard, Iris, transforms his original 2022 oil painting of the same name into a shimmering limited edition silkscreen and digital print.

In Iris, Ferrari employs his signature gestural style to depict a solitary figure seated in a field of fluorescent blooms – ""a place of her choosing, where she truly belongs"". Inspired by the timeless enigma of the Mona Lisa, the artist wanted the portrait to be ""contemplative, playful, and enigmatic"", inviting the viewer to interpret her emotions for themselves.

To create the edition, printers at Make-Ready translated the luminosity of the figure's blouse (originally painted with 24K gold leaf) by using metallic inks and gold silkscreen layers, achieving a radiant, gilded effect in the print.","","","","","",""
643630114,"Sayre Gomez - America's Tire by Sayre Gomez",14983632617854,"/products/sayre-gomez-americas-tire","https://avantarte.com/products/sayre-gomez-americas-tire","2026-09-14T13:01:22.926000","2025-03-24T10:06:55.443000","","","","[""print""]","","","","Collect a limited edition print by LA-based artist Sayre Gomez, bringing to life an 'America's Tire' billboard.","In this new limited edition print by LA-based painter Sayre Gomez, glow-in-the-dark details enhance the artist's signature hyperrealism.

Sayre draws inspiration from the Los Angeles landscape, often depicting deserted strip malls and the bright glow of commercial signage in his photorealistic paintings. In this piece, that glow is intensified with phosphorescent ink, applied by the printers at Make-Ready – marking the artist’s first time working with the medium.

""I love the novelty that the phosphorescent adds,"" he says. ""I always think that making an edition should have an additive quality. In this case, we were able to truly transform the original (America's Tire, 2022).""","","","","","",""
587635650,"Jordan Casteel, Derek Fordjour, Jenny Holzer, Hilary Pecis, Harland Miller, Adam Pendleton, Josh Smith - Amphorae",14867579601278,"/products/artspace-amphorae","https://avantarte.com/products/artspace-amphorae","2026-09-14T13:01:22.927000","2024-12-03T12:23:45.583000","","","","[""sculpture""]","","","","Collect a septet of ceramic amphorae designed by Jordan Casteel, Derek Fordjour, Jenny Holzer, Harland Miller, Hilary Pecis, Adam Pendleton and Josh Smith and launched in support of charity: water.","Collect a septet of hand-painted ceramic amphorae, launched in support of charity: water.

Jordan Casteel, Derek Fordjour, Jenny Holzer, Harland Miller, Hilary Pecis, Adam Pendleton and Josh Smith each designed an amphora as part of a transatlantic collaboration between Artspace and Avant Arte, drawing on their wider practice as well as the vessel’s function and classical significance.

Proceeds will support charity: water in their endeavour to end the global water crisis.","","","","","Editions of 30

Listed price reflects a saving of €1,000 per amphora. For smaller sets, email collecting@avantarte.com.",""
609489506,"Shirin Neshat  - Women Without Men #1, 2009 by Shirin Neshat",14897115758974,"/products/shirin-neshat-women-without-men-1-2009","https://avantarte.com/products/shirin-neshat-women-without-men-1-2009","2026-09-14T13:01:22.927000","2025-01-16T14:33:28.206000","","","","[""print""]","","","","Collect a limited edition photographic print, based on a still from Shirin Neshat's acclaimed film Women Without Men. ","Shirin Neshat turns an atmosphere-imbued visual from her acclaimed film Women Without Men into a limited edition photographic print.

In the 2009 film, her first feature, Shirin directs a story of Iranian women navigating the social, political, and environmental upheavals of their country following the CIA-backed coup d'état of the left-leaning Mosaddegh in 1953. Like much of Shirin’s work, its lens puts focus on where the personal and political collide.

Shirin, who has lived in exile for most of her adult life, is a vital advocate for women in Iran and beyond – shaping global conversations on identity and gender.","","","","","",""
592527021,"Ai Weiwei - Combat fear with truth by Ai Weiwei",14874292257150,"/products/ai-weiwei-combat-fear-with-truth","https://avantarte.com/products/ai-weiwei-combat-fear-with-truth","2026-09-14T13:01:22.927000","2024-12-16T16:25:00","","","","[""print""]","","","","Collect a signed, limited edition silkscreen print by Ai Weiwei. Created to celebrate the Year of the Snake, ‘Combat Fear With Truth’ pays tribute to an – in Weiwei’s eyes – unduly derided creature.","Ai Weiwei pays tribute to a kindred serpentine spirit.

The second silkscreen in a series inspired by the Chinese Zodiac coincides with the Year of the Snake. Weiwei considers the snake an unduly derided creature – often feared and, like himself, liable to be misrepresented or misunderstood. In Weiwei’s depictions, such as monumental sculptures made from the school bags of earthquake victims or the life jackets of refugees, the snake becomes a conduit for truth.

Combat fear with truth is a precise 5-colour silkscreen created in close collaboration with printmakers at Make-Ready in London. Strategic overprinting, 10 layers in total, enhances the vivacity of each colour and adds depth to the surface of the artwork.","","","","","",""
607787514,"Taku Obata - B BOY JUSHI by Taku Obata",14895440232830,"/products/taku-obata-b-boy-jushi-preorder","https://avantarte.com/products/taku-obata-b-boy-jushi-preorder","2026-09-14T13:01:22.927000","2025-01-13T16:50:45.379000","","","","[""collectible""]","","","","Collect a limited edition sculpture by Taku Obata. B BOY JUSHI transforms __ a hand-painted resin sculpture. ","B BOY JUSHI dances into resin in Taku Obata's dynamic collectable sculpture.

Captured in motion, the dancer’s fluid pose pays homage to Taku’s own experience in Japanese breakdancing crews. B BOY’s agility shines in a balancing act of angular limbs – his signature oversized hat and futuristic goggles lay perfectly vertical as he throws his body down to the floor. Clad in hand-painted neon pink streetwear, the character's energy is brought to life in vivid colour.","","","","","",""
584185043,"Adam Pendleton - Untitled (Blue Amphora) by Adam Pendleton",14865036902782,"/products/adam-pendleton-untitled-blue-amphora","https://avantarte.com/products/adam-pendleton-untitled-blue-amphora","2026-09-14T13:01:22.927000","2024-12-02T17:19:10.309000","","","","[""sculpture""]","","","","Collect a hand-painted ceramic amphora by Adam Pendleton, launched in support of charity: water. Untitled (Blue Amphora) belongs to a series of seven, conceived and crafted in a transatlantic collaboration between Artspace and Avant Arte.","Collect a hand-painted ceramic amphora by Adam Pendleton, launched in support of charity: water.

In his earliest Black Dada paintings Adam Pendleton used only shades and tones of black, combining conceptual inspiration from serialised, logic-driven artworks like Incomplete Open Cubes (1974) by Sol LeWitt with layered, gestural applications of paint. More recently, he has introduced colour. In the case of the painting referenced by his amphora, ultramarine. The process of transformation – from two to three dimensions, from canvas to clay – echoes the sequential transformations and diverse media that characterise Adam’s practice.

The artwork belongs to a series of seven, conceived and crafted in a transatlantic collaboration between Artspace and Avant Arte. Proceeds will support charity: water in their endeavour to end the global water crisis.","","","","","",""
584989217,"George Condo - Fashion Model by George Condo",14865519411582,"/products/george-condo-fashion-model","https://avantarte.com/products/george-condo-fashion-model","2026-09-14T13:01:22.927000","2024-12-05T09:26:54.839000","","","","[""print""]","","","","Collect a signed print by George Condo. In ‘Fashion Model’ the artist uses psychological cubism to expose the horror associated with the makings of a super star.","George Condo balances the beautiful and the grotesque.

With long legs, sleek blonde hair and an archetypal pose, the subject of Fashion Model has the glamorous makings of a super star. Her picture-perfect image, however, is distorted by George’s ‘psychological cubism’ – an attempt to represent multiple mental states in a single portrait. To externalise the horror within, George portrays her head morphing into a nose lined with sets of teeth. In turn, the figure satirises the way pervasive beauty standards warp our perception of reality.

Fashion Model is the final instalment in a quartet of print editions launched in support of Dia Art Foundation. George’s painting has been meticulously translated into a 27 colour silkscreen in close collaboration with artisan printmakers at Make-Ready in London.","","","","","This draw includes an extra verification step. You will receive an email with more information upon entering the draw. This step needs to be completed before the draw closes, at 14:00 UK time on 18 February.",""
596992821,"Barry McGee - Fuzz Gathering by Barry McGee",14879581372798,"/products/barry-mcgee-fuzz-gathering","https://avantarte.com/products/barry-mcgee-fuzz-gathering","2026-09-14T13:01:22.927000","2025-01-14T17:55:17.321000","","","","[""hand"", ""print""]","","","","Collect a limited edition print by graffiti and fine art cult hero Barry McGee.  ","Barry McGee hand-finishes a new limited edition print uniting signature motif and striking pattern.

The Bay Area’s favourite underground art son resurfaces his Everyman heads – an emblem of San Francisco’s marginalised communities and outsiders everywhere – resting them on bold geometric prints. Both come vividly to life in a silkscreen layer of neon ink rendered by the printers at Make-Ready.

Each edition bears a unique illustration, hand-drawn by the artist at the rear. The drawing is visible through a purpose-built window.

Also signed by the artist, this print represent the chance to own a one-off piece by Barry, a pioneer of the Mission School movement, that embodies his coexisting legend across fine art and graffiti.","","","","","",""
609540072,"Shirin Neshat  - Unveiling series #1, 1993 by Shirin Neshat",14897158652286,"/products/shirin-neshat-unveiling-1-1993","https://avantarte.com/products/shirin-neshat-unveiling-1-1993","2026-09-14T13:01:22.927000","2025-01-16T14:36:05.382000","","","","[""print""]","","","","Collect a limited edition print by artist Shirin Neshat. ","Shirin Neshat employs her signature calligraphy and photography combination in a new limited edition print based on one of the artist’s most important works. It is finished with a separate silkscreen layer of Farsi, handwritten by Shirin.

This edition sits within the conceptual period of the artist’s seminal Women of Allah (1993-1997) series, a body of work that unpacks the interconnected nature of women’s bodies and political ideology.","","","","","",""
573768614,"Ai Weiwei - Circle in Black by Ai Weiwei",9750493069650,"/products/ai-weiwei-circle-in-black","https://avantarte.com/products/ai-weiwei-circle-in-black","2026-09-14T13:01:22.927000","2024-11-14T11:40:56.220000","","","","[""print""]","","","","Collect a limited edition woodblock print by trailblazing artist Ai Weiwei. ‘Circle in black’ draws upon ancient printmaking methods and the raised middle finger from the artist’s seminal series, Study of perspective.","Ai Weiwei uses an ancient art form to speak truth to power.

In Circle in Black, Weiwei arranges one of his most well known artistic symbols in a radial composition. The artist started using the motif of the middle finger in 1995 when taking photos for his seminal series Study of Perspective. In the series, Weiwei stuck up his middle finger to historic landmarks in an act of defiance that asserts our collective right to form, hold and express individual beliefs.

First used in ancient China, woodblock printing befits Weiwei’s interest in the artisanal processes that have been used to create significant objects through history. Each print is made by hand using a carved wooden block loaded with black ink, introducing unique variations in texture to the surface of the artwork.","","","","","",""
573766700,"James Jean - Maze - Lucid by James Jean",9767779008850,"/products/james-jean-maze-lucid","https://avantarte.com/products/james-jean-maze-lucid","2026-09-14T13:01:22.927000","2025-01-17T12:58:03.350000","","","","[""collectible""]","","","","Collect a limited edition sculpture by Taiwanese-American artist James Jean based on his Maze character. ","James Jean captures the aura of Maze with a translucent sculpture.

For Maze (Lucid), James reimagines one of his enduring muses. First depicted in a 2008 painting, Maze is poised in a quiet moment of reflection. The character rests her hands upon a hoop enclosing a circular labyrinth,  representing the human quest to find freedom when following new paths. 

Her new-found translucency is achieved with a frosted resin casting. Refined over months to find the perfect levels of transparency and fidelity, the medium allows light to filter through the sculpture. The edition is accompanied with a detached labyrinth and stick, to be assembled upon arrival.","","","","","",""
573322921,"Josh Smith - Palm Amphora by Josh Smith",9756953772370,"/products/josh-smith-palm-amphora","https://avantarte.com/products/josh-smith-palm-amphora","2026-09-14T13:01:22.927000","2024-12-02T17:19:24.392000","","","","[""sculpture""]","","","","Collect a hand-painted ceramic amphora by Josh Smith, launched in support of charity: water. Palm Amphora belongs to a series of seven, conceived and crafted in a transatlantic collaboration between Artspace and Avant Arte.","Collect a hand-painted ceramic amphora by Josh Smith, launched in support of charity: water.

Motifs quickly become obsessions for Josh Smith. Palm trees painted in silhouette are a focal point of his psychedelic beachscapes. He considers the trees a classical motif, tied closely with water, making his 2019 painting Palms #1 the perfect reference for the ancient form and practical function of an amphora.

The artwork belongs to a series of seven, conceived and crafted in a transatlantic collaboration between Artspace and Avant Arte. Proceeds will support charity: water in their endeavour to end the global water crisis.","","","","","",""
609508403,"Shirin Neshat  - Women Without Men #2, 2009 by Shirin Neshat",14897115693438,"/products/shirin-neshat-women-without-men-2-2009","https://avantarte.com/products/shirin-neshat-women-without-men-2-2009","2026-09-14T13:01:22.927000","2025-01-16T14:34:17.902000","","","","[""print""]","","","","Collect a limited edition photo print by Shirin Neshat, based on a still from her acclaimed film Women Without Men. ","Shirin Neshat turns a standout figurative shot from her acclaimed film Women Without Men into a special edition photographic print.

In the 2009 film, her first feature, Shirin directs a story of Iranian women navigating the social, political, and environmental upheavals of their country following the CIA-backed coup d'état of the left-leaning Mosaddegh in 1953. Like much of Shirin’s work, its lens puts focus on where the personal and political collide.

Shirin, who has lived in exile for most of her adult life, is a vital advocate for women in Iran and beyond – shaping global conversations on identity and gender.","","","","","",""
609566016,"Shirin Neshat  - Unveiling series #2, 1993 by Shirin Neshat",14897158586750,"/products/shirin-neshat-unveiling-2-1993","https://avantarte.com/products/shirin-neshat-unveiling-2-1993","2026-09-14T13:01:22.927000","2025-01-16T14:36:16.823000","","","","[""print""]","","","","Collect a limited edition print by artist Shirin Neshat. ","Shirin Neshat employs her signature calligraphy and photography combination in a new limited edition print based on one of her most important works.

Farsi calligraphy handwritten by the artist is applied as a separate silkscreen layer to an image of her feet, rendered on UV pigment by the printers at Make-Ready.

This edition sits within the conceptual period of Shirin’s seminal Women of Allah (1993-1997) series, a body of work that unpacks the interconnected nature of women’s bodies and political ideology.","","","","","",""
573300957,"Jordan Casteel - Peak Summer by Jordan Casteel",9756933357906,"/products/jordan-casteel-peak-summer","https://avantarte.com/products/jordan-casteel-peak-summer","2026-09-14T13:01:22.927000","2024-11-11T16:25:09.720000","","","","[""sculpture""]","","","","Collect a hand-painted ceramic amphora by Jordan Casteel, launched in support of charity: water. Peak Summer belongs to a series of seven, conceived and crafted in a transatlantic collaboration between Artspace and Avant Arte.","Collect a hand-painted ceramic amphora by Jordan Casteel, launched in support of charity: water.

Jordan considers the paintings she makes of her garden self-portraits, in the sense that they encapsulate time spent cultivating, observing and documenting. Peak Summer takes one such painting as its starting point, encircling an amphora with a tangle of vines, leaves and flowers.

The artwork belongs to a series of seven, conceived and crafted in a transatlantic collaboration between Artspace and Avant Arte. Proceeds will support charity: water in their endeavour to end the global water crisis.","","","","","",""
592257848,"Anna Ridler - Price Per Stem by Price Per Stem",14874279772542,"/products/anna-ridler-price-per-stem","https://avantarte.com/products/anna-ridler-price-per-stem","2026-09-14T13:01:22.927000","2025-01-08T09:06:35.985000","","","","[""print"", ""nft""]","","","","Discover an expansive body of work by Anna Ridler which explores the precarious price of peonies in relation to social, industrial, economic and environmental factors.","Anna Ridler and the price of peonies.

Peonies are romantic and ephemeral. They are also a lucrative commodity. This paradox prompted Anna Ridler to excavate the social, industrial, economic and environmental factors hidden behind the flowers we take for granted in florists and supermarkets.

Price Per Stem is a series of 25 unique artworks. Each one comprises a paired physical and digital element.

The physical element entails 56 photographs of real peonies, taken by Anna in her studio. Once printed, each peony is annotated with its market price.

These photographs form the basis of the corresponding digital element – a single imagined peony in video form, generated from the 56 real peonies. To create her digital flowers, Anna created an intricate model based on data and events that influence the price of peonies, from fluctuations in weather to holidays like Valentine’s and Mother’s Day associated with surges in demand.

To complete the digital element, Anna traced choice moments from each peony and layered them over fluctuating prices. In this final step, the peonies are reconnected with the physical world.","","","","","Series of 25",""
593766891,"Taku Obata - B BOY JUSHI by Taku Obata",14875999469950,"/products/taku-obata-b-boy-jushi","https://avantarte.com/products/taku-obata-b-boy-jushi","2026-09-14T13:01:22.927000","2025-01-13T13:46:11.392000","","","","[""collectible""]","","","","Collect a limited edition sculpture by Taku Obata. B BOY JUSHI transforms __ a hand-painted resin sculpture. ","B BOY JUSHI dances into resin in Taku Obata's dynamic collectable sculpture.

Captured in motion, the dancer’s fluid pose pays homage to Taku’s own experience in Japanese breakdancing crews. B BOY’s agility shines in a balancing act of angular limbs – his signature oversized hat and futuristic goggles lay perfectly vertical as he throws his body down to the floor. Clad in hand-painted neon pink streetwear, the character's energy is brought to life in vivid colour.","","","","","",""
588597253,"Danielle Mckinney - Sandman by Danielle Mckinney",14870045262206,"/products/danielle-mckinney-sandman","https://avantarte.com/products/danielle-mckinney-sandman","2026-09-14T13:01:22.927000","2024-12-16T17:23:00.148000","","","","[""print""]","","","","Sandman is a time limited print by Danielle Mckinney in which the image of the sleeping woman is emancipated from the white male gaze of art history.","In Sandman, Danielle Mckinney explores the transformative power of dreams.

To Danielle, rest is sacred — particularly for the Black women who inhabit her paintings. Her edition’s title, Sandman, refers to a figure in European folklore that brings sleep and pleasant dreams by sprinkling magical sand in people’s eyes. Channeling this mythical figure, Danielle asks who deserves rest, and who is allowed to dream.

At the centre of the print is Danielle’s interpretation of Le Rêve, Picasso’s 1932 painting of his sleeping young mistress. The colour-blocked cubism stands out within Danielle’s earth-toned interior. Underneath the framed Picasso, another sleeping woman sinks into an olive green couch. Although she is fully nude, her depiction seems less voyeuristic than the exposed breast of Picasso’s subject. By including Le Rêve in Sandman, Danielle emancipates the image of the sleeping woman from the white male gaze of art history.","","","","","",""
587618775,"Jenny Holzer - Full by Jenny Holzer",14867564331390,"/products/jenny-holzer-full","https://avantarte.com/products/jenny-holzer-full","2026-09-14T13:01:22.927000","2024-12-02T17:18:53.309000","","","","[""sculpture""]","","","","Collect a hand-painted ceramic amphora by Jenny Holzer, launched in support of charity: water. Full belongs to a series of seven, conceived and crafted in a transatlantic collaboration between Artspace and Avant Arte.","Collect a hand-painted ceramic amphora by Jenny Holzer, launched in support of charity: water.

Jenny Holzer’s texts make bold statements about the modern world. In their lyricism, however, the phrases expose the subjectivity and mutable character of truth. They instruct and inform, while questioning the ways individuals respond to their political, social, physical, psychological and personal environments. From her Survival texts, Jenny chose ‘IN A DREAM YOU SAW A WAY TO SURVIVE AND YOU WERE FULL OF JOY’ to encircle an amphora painted to resemble aged terracotta.

The artwork belongs to a series of seven, conceived and crafted in a transatlantic collaboration between Artspace and Avant Arte. Proceeds will support charity: water in their endeavour to end the global water crisis.","","","","","",""
608043812,"Will Cotton  - The Cowgirl from Will Cotton",14895624061310,"/products/will-cotton-the-cowgirl","https://avantarte.com/products/will-cotton-the-cowgirl","2026-09-14T13:01:22.927000","2025-01-14T14:46:33.159000","","","","[""print""]","","","","Collect a limited edition glitter-embellished print by artist Will Cotton. ","The Cowgirl takes us on a ride across vanilla ice cream shores.

In Will Cotton’s candyland, desire and excess reign supreme. Our first print collaboration, The Cowgirl, is taken from a series of oil paintings that introduced a new cast of characters to the landscape. The titular cowgirl looks like a 50s pin-up star with her bedazzled costume, Old Hollywood waves, and million-dollar smile. She finds natural kinship with the elusive unicorn – both are ""untamable, all-powerful creatures, desired by all.""

Will’s impossible fantasies are rendered in realistic detail – like the muscle definition of the mythical creature in full gallop. His balance of traditional painting techniques and post-modern garishness is faithfully recreated using archival pigments. In line with the ‘more is more’ logic of Will’s land of desire, the print is finished with two silkscreen glitter layers on the cowgirl’s pistol and candy heart.","","","","","",""
517929739,"Slawn - Ugly Bastard by Slawn",8909239419218,"/products/slawn-ugly-bastard","https://avantarte.com/products/slawn-ugly-bastard","2026-09-14T13:01:22.928000","2024-07-15T08:31:42.290000","","","","[""sculpture""]","","","","Collect a limited edition sculpture by Slawn. Ugly Bastard is a satirical self-portrait that is mischievous yet challenges conventions.","Who are you calling ugly?

Slawn is best known for cartoonish artworks spray-painted on canvas and beyond. His distinctive scrawl expands into three dimensions as a limited edition sculpture. Ugly Bastard began as a satirical self portrait – equal parts irreverent and introspective. Now, he’s seeking a life of his own.

The figure is crouching – head bowed and gazed lowered like a sleek, modern gargoyle. He is painted in a hypnotic shade, carefully colour-matched to the underbelly of a Magic 8 ball. Look closely, and you’ll see your own reflection.","","","","","",""
564233960,"Kukwon Woo - Breakfast on the Beach by Woo Kuk Won",9740712509778,"/products/kukwon-woo-breakfast-on-the-beach","https://avantarte.com/products/kukwon-woo-breakfast-on-the-beach","2026-09-14T13:01:22.928000","2024-10-21T11:34:44.796000","","","","[""print""]","","","","Collect a signed print by Kukwon Woo. ‘Breakfast on the beach’ places a fantastical twist on a biblical breakfast scene.","Kukwon Woo presents a biblical story as an East Asian idyll.

‘Breakfast on the Beach’ is a ukiyo-e inspired landscape, trading the motif of the snow-capped mountain for a village on a hill by the sea. The picturesque scene is framed by text on two sides in two scripts. The vertical hanzi text replicates the traditional signatures on a woodblock print, where a bible reference lies.

John 21 opens with the ‘Breakfast on the beach’ that gives this edition its title. In the biblical story, the resurrected Jesus miraculously fills the nets of his tired disciples, and cooks them fish by the Sea of Galilee. In Woo’s rendition, Jesus sits under a striped parasol. He is joined at the table by the strawberry-blonde toddler and white dog that recur in Woo’s paintings. Across the top, a verse from the passage beckons you to the feast in Woo’s looping roman script.

This endearing image of togetherness is printed in 13 layers, faithfully recreating the texture of Woo’s painting.","","","","","",""
551302160,"Miwa Komatsu - White and Black Guiding Yamainu-sama by Miwa Komatsu",9690958201170,"/products/miwa-komatsu-white-and-black-guiding-yamainu-sama","https://avantarte.com/products/miwa-komatsu-white-and-black-guiding-yamainu-sama","2026-09-14T13:01:22.928000","2024-10-17T13:34:10.593000","","","","[""sculpture"", ""hand""]","","","","Collect a two-part, limited edition sculpture by Japanese artist Miwa Komatsu, inspired by the divine beings who have guided her since childhood and finished by hand in her studio.","Miwa Komatsu enshrines her lifelong spirit guides with a pair of hand-painted sculptures.

Yamainu are divine beings, found in various forms throughout Japanese folklore. Miwa has cherished their guidance throughout her life. The creatures appear – wide eyed and cosmic – in many of her paintings.

An edition in two parts – one white, one black – explores harmony and contrast. Details on the surface of each sculpture are painted by the artist in her studio, making every pair unique. They include vines, wolf hair, cherubim wings and the traditional Japanese kanoko motif.","","","","","",""
528555787,"Cristina de Miguel - Tentacular Thinking by Cristina de Miguel",9306027426130,"/products/cristina-de-miguel-tentacular-thinking","https://avantarte.com/products/cristina-de-miguel-tentacular-thinking","2026-09-14T13:01:22.928000","2024-07-31T13:20:51.974000","","","","[""print""]","","","","Collect limited edition print by Cristina de Miguel. In Tentacular Thinking, expressive strokes dance together. ","Untamed bodies tangle in a hand-finished silkscreen by Cristina de Miguel.

In Tentacular Thinking, two figures partake in a frenetic dance. The title refers to an egalitarian worldview where humans, animals, plants, and even machines, are seen as parts of an interconnected whole. Cristina’s semi-abstract subjects and wild compositions help us see beyond the confines of our bodies and everyday lives.

Cristina worked closely with printmakers to transform her artwork into an edition of silkscreen prints before hand-finishing them with oil sticks in her studio, making each one unique.","","","","","",""
554411336,"Alpha Centauri Kid - Wonderland by Alpha Centauri Kid",9700548411730,"/products/alpha-centauri-kid-wonderland","https://avantarte.com/products/alpha-centauri-kid-wonderland","2026-09-14T13:01:22.928000","2024-10-07T11:00:12.268000","","","","[""nft"", ""print""]","","","","Collect an original artwork by Alpha Centauri Kid. ‘Wonderland’ is a textured UV pigment print with spot varnish details, and belongs to a new body of work inspired by Vincent Van Gogh, Shakespeare and paradise.","The Cheshire Cat grins into focus as piano keys spiral down the rabbit hole in a print by Alpha Centauri Kid.

Wonderland is one of two works from Piano Blossoms inspired by Lewis Carroll’s Alice. In both cases, a.c.k. considers what other mysteries hide behind the looking glass.

Unlike earlier works which introduce glitches to obscure figures, the artwork began as an abstract landscape. a.c.k. then scoured the composition for hidden figures he could unearth by tweaking colours, defining outlines and reordering layers.

The 12k digital artwork was transformed into a physical object by printmakers at Make-Ready in London, who worked closely with a.c.k. to introduce layers of texture and glossy highlights to the surface of the print.","","","","","",""
554532697,"Alpha Centauri Kid - Tempted in the Garden by Alpha Centauri Kid",9702543294802,"/products/alpha-centauri-kid-tempted-in-the-garden","https://avantarte.com/products/alpha-centauri-kid-tempted-in-the-garden","2026-09-14T13:01:22.928000","2024-10-07T11:02:49.081000","","","","[""nft"", ""print""]","","","","Collect a limited edition print by Alpha Centauri Kid. ‘tempted in the Garden’ is a textured UV pigment print, and belongs to a new body of work inspired by Vincent van Gogh, Shakespeare and paradise.","Star-crossed lovers take shelter in a tale of love and fate by Alpha Centauri Kid.

For our second collaboration a.c.k. set out to create a body of work inspired by Romeo and Juliet. In the end, the Muse led him in a different direction. Piano Blossoms emerged – a dreamy ode to music and the Muse with all the romance of a Shakespearean play.

Eventually, the tragic couple found refuge amongst the foliage of Eden. The more defined of the pair is Juliet, who is not only analogous to Biblical Eve, but also to the artist’s Muse. Hovering above her head is the apple that spelled humanity’s banishment from the garden. On her right is a memento mori in the form of a ghostly skull. These omens of tragedy are easily missed amongst the alluring gold flowers that illuminate the print.

The 12k digital artwork was transformed into a physical object by printmakers at Make-Ready in London, who worked closely with a.c.k. to introduce layers of texture to the surface of the print.","","","","","",""
552402135,"Beeple - SIGNAL by Beeple",9696085410130,"/products/beeple-signal","https://avantarte.com/products/beeple-signal","2026-09-14T13:01:22.928000","2024-10-03T10:03:39.559000","","","","[""print""]","","","","Collect a limited edition print by trailblazing digital artist Beeple based on the signal state of his first generative artwork, The Tree of Knowledge – signed and numbered, with free worldwide shipping.","Reality is subjective. Choose signal.

The Tree of Knowledge is a digitally-programmed sculpture which responds in real time to events around the world, with three possible states – signal, noise and violence. The artwork, part of the Lingotto collection, encompasses Beeple’s reflections on the subjective nature of our individual realities, and on a hypothetical symbiosis between technology and nature.

SIGNAL is the most optimistic state. A step back from the noise and violence of reality, it presents a measured, forward-thinking view in which humans, nature and technology manage to coexist.

Printmakers at Make-Ready in London have transformed a static representation of the tree in its signal state into a fine-tuned UV pigment print with a satin varnish seal.","","","","","",""
517421304,"Gabriel Moses - Framing Options | Monica, 2024",9287377944914,"/products/framing-options-monica-2024","https://avantarte.com/products/framing-options-monica-2024","2026-09-14T13:01:22.928000","2024-07-01T11:34:13.291000","","","","[""print""]","","","","Framing Options | Monica, 2024","","","","","","",""
541498611,"Johnson Tsang - The Moment by Johnson Tsang",9649128735058,"/products/johnson-tsang-the-moment","https://avantarte.com/products/johnson-tsang-the-moment","2026-09-14T13:01:22.928000","2024-09-05T15:18:17.271000","","","","[""sculpture""]","","","","seo","Two become one in a surreal edition by Johnson Tsang.

The Moment is based on a porcelain sculpture, masterfully carved by Johnson in his workshop. A couple kiss within a hollow face – the owner of the face seemingly preoccupied by romance. For Johnson, the artwork represents the optimistic possibilities when we open our minds to love.","","","","","",""
536499197,"Ai Weiwei - Everyone is a dragon by Ai Weiwei",9615337226578,"/products/ai-weiwei-everyone-is-a-dragon","https://avantarte.com/products/ai-weiwei-everyone-is-a-dragon","2026-09-14T13:01:22.928000","2024-08-19T11:31:36.955000","","","","[""print""]","","","","Collect a limited edition silkscreen print by trailblazing artist Ai Weiwei, created to mark the year of the dragon. ‘Everyone is a Dragon’ draws inspiration from the artist’s works in lego and a seminal exhibition on Alcatraz.","Lego blocks become silkscreen squares in a dazzling print by Ai Weiwei.

The dragon is a familiar subject for Ai Weiwei – an allegory for the power of the individual, and the importance of freedom. Conceived to mark the year of the dragon in the Chinese zodiac, Everyone is a dragon transforms the pixel-like compositions of his iconic works in Lego into an elaborate silkscreen print. Fittingly, printmakers at Make-Ready in London used the same ink supplier as Lego to create it. Precise alignment and strategic overprinting deliver sharp edges and intense saturation.","","","","","",""
538377186,"Yoon Hyup - City Fountain by Yoon Hyup",9633999552850,"/products/yoon-hyup-city-fountain","https://avantarte.com/products/yoon-hyup-city-fountain","2026-09-14T13:01:22.928000","2024-08-21T13:37:31.613000","","","","[""print""]","","","","Collect a limited edition print by Youn Hyup. City Fountain distils the bustling energy of Manhattan into a calming reflection of lights on water. ","In a new print, Yoon Hyup finds respite amidst the chaos of Manhattan. 

City Fountain is based on the artist’s imagined memory of wandering through New York, as vibrantly lit street vendors emerge beneath the darkening sky. Hyup pauses at a water fountain, captivated by the reflections of dazzling electric lights. The energy of the shimmering lights and echoing sound of the city are captured in his elegant line and dot, as the frenzy of New York continues far after the sun sets.","","","","","",""
517419347,"Gabriel Moses - Framing Options | Lea, 2024",9287374799186,"/products/framing-options-lea-2024","https://avantarte.com/products/framing-options-lea-2024","2026-09-14T13:01:22.928000","2024-07-01T11:33:52.850000","","","","[""print""]","","","","Framing Options | Lea, 2024","","","","","","",""
573131849,"Derek Fordjour - Horn Trot Round by Derek Fordjour",9756849733970,"/products/derek-fordjour-horn-trot-round","https://avantarte.com/products/derek-fordjour-horn-trot-round","2026-09-14T13:01:22.928000","2024-12-02T17:20:52.269000","","","","[""sculpture""]","","","","Collect a hand-painted ceramic amphora by Derek Fordjour, launched in support of charity: water. Horn Trot Round belongs to a series of seven, conceived and crafted in a transatlantic collaboration between Artspace and Avant Arte.","Collect a hand-painted ceramic amphora by Derek Fordjour, launched in support of charity: water.

Horn Trot Round, part of Derek’s HBCU Marching Band series, is a painting inspired by the role of shared rituals and group performance in culture – expressed through movement, costume, a theatrical disposition and a collective spirit. Translated to the cylindrical form of an amphora, the parade never ends.

The artwork belongs to a series of seven, conceived and crafted in a transatlantic collaboration between Artspace and Avant Arte. Proceeds will support charity: water in their endeavour to end the global water crisis.","","","","","",""
554509007,"Alpha Centauri Kid - Muse blossoms by Alpha Centauri Kid",9702515245394,"/products/alpha-centauri-kid-muse-blossoms","https://avantarte.com/products/alpha-centauri-kid-muse-blossoms","2026-09-14T13:01:22.928000","2024-10-07T11:00:14.035000","","","","[""nft"", ""print""]","","","","Collect an original artwork by Alpha Centauri Kid. ‘Muse blossoms’ is a textured UV pigment print with spot varnish details, and belongs to a new body of work inspired by Vincent Van Gogh, Shakespeare and paradise.","In Muse blossoms, Alpha Centauri Kid locates his elusive source of inspiration.

When beginning his latest body of work, a.c.k. did not feel the guidance of The Muse. He listened for Her whispers in music, and sought Her approval through artistic trial and error. When he found the right path, he realised it had taken him full circle – the work would be about inspiration itself, personified by his Muse.

Muse blossoms depicts The Muse as She once appeared to a.c.k. “This is Her, playing my Steinway.” We see only a slither of Her red gown, and Her guiding hand, resting on the keys. Over the scene, a.c.k. superimposes his reinterpretation of Almond Blossoms (1890) – borrowing Van Gogh’s seminal series as a symbol for artistic devotion.

The 12k digital artwork was transformed into a physical object by printmakers at Make-Ready in London, who worked closely with a.c.k. to introduce layers of texture and glossy highlights to the surface of the print.","","","","","",""
541160962,"Vhils - Dissipate by Vhils",9633683439954,"/products/vhils-dissipate","https://avantarte.com/products/vhils-dissipate","2026-09-14T13:01:22.928000","2024-09-12T13:18:14.131000","","","","[""print""]","","","","Collect a limited edition artwork by Vhils. ‘Dissipate’ applies the street artist’s principle of creative destruction to print.","A portrait stares through an acid haze in Dissipate by Alexandre Farto, aka Vhils.

The striking face of an anonymous woman is set against the backdrop of a city, the identity of which is also a mystery. Vhils applies his principle of creative destruction to the artwork, finding beauty in the unpredictable effects of acid. The result is an array of electric colours spread throughout a black veil rendered in delicate half-tone dots. 

The final corroded image has been captured as a limited edition giclée print.","","","","","",""
573173116,"Harland Miller - R U OK? by Harland Miller",9756912877906,"/products/harland-miller-r-u-ok","https://avantarte.com/products/harland-miller-r-u-ok","2026-09-14T13:01:22.928000","2024-12-02T17:20:38.232000","","","","[""sculpture""]","","","","Collect a hand-painted ceramic amphora by Harland Miller, launched in support of charity: water. R U OK? belongs to a series of seven, conceived and crafted in a transatlantic collaboration between Artspace and Avant Arte.","Collect a hand-painted ceramic amphora by Harland Miller, launched in support of charity: water.

Based on a painting of the same name, R U OK? poses a question, also a greeting, in its simplest form. Harland’s use of abbreviation calls to mind rapid online communication, and contrasts it with the time taken to impart the phrase on canvas. Within the abstract composition, letters become objects – warped by the curvature of the amphora they surround.

The artwork belongs to a series of seven, conceived and crafted in a transatlantic collaboration between Artspace and Avant Arte. Proceeds will support charity: water in their endeavour to end the global water crisis.","","","","","",""
541160607,"Taku Obata - B Boy Seidou by Taku Obata",9648574595410,"/products/taku-obata-b-boy-seidou","https://avantarte.com/products/taku-obata-b-boy-seidou","2026-09-14T13:01:22.928000","2024-09-06T15:01:09.805000","","","","[""sculpture""]","","","","Collect a limited edition sculpture by Taku Obata. B BOY SEIDOU transforms a chiselled wooden b-boy into matte black painted bronze.","A b-boy holds his form forever in a bronze sculpture by Taku Obata.

With his dynamic sculptures, Taku Obata demonstrates an understanding of the human body as a finely-balanced instrument. B BOY SEIDOU transforms the interlocking planes of one of his chiselled wooden dancers into painted bronze (seidou) – monochromatic, to emphasise the rakish angles and parallel planes within his pose. The b-boy’s oversized hat, balanced precariously on his head, and futuristic visor, extending far beyond his face, are both recurring motifs in Taku’s sketches and sculptures.","","","","","",""
564257662,"Kukwon Woo - Valley of the shadow of death & Breakfast on the beach [Diptych] by Kukwon Woo",9740712411474,"/products/kukwon-woo-valley-of-the-shadow-of-death-breakfast-on-the-beach-diptych","https://avantarte.com/products/kukwon-woo-valley-of-the-shadow-of-death-breakfast-on-the-beach-diptych","2026-09-14T13:01:22.928000","2024-10-21T11:34:31.712000","","","","[""print""]","","","","Collect a signed print by Kukwon Woo. In ‘Valley of the Shadow of Death ’ and cultural influences collide while ‘Breakfast on the beach’ places a fantastical twist on a biblical breakfast scene.","Kukwon Woo places a fantastical twist on two biblical scenes.

‘Valley of the Shadow of Death’ combines two popular metaphors for the battle between good and evil. The first is from Psalm 23, a biblical prayer for comfort and strength in the face of evil. The second is from the Star Wars: Empire Strikes Back, the science-fiction blockbuster.

‘Breakfast on the Beach’ is Woo’s rendition of the biblical passage John 21. In his version, Jesus sits under a striped parasol. He is joined at the table by the strawberry-blonde toddler and white dog that recur in Woo’s paintings. Across the top, a verse from the passage beckons you to the feast in Woo’s looping roman script.","","","","","",""
524834320,"Hank Willis Thomas - 'The only bond worth anything between human beings is their humanness' by Hank Willis Thomas",9306099188050,"/products/hank-willis-thomas-the-only-bond-worth-anything-between-human-beings-is-their-humanness","https://avantarte.com/products/hank-willis-thomas-the-only-bond-worth-anything-between-human-beings-is-their-humanness","2026-09-14T13:01:22.928000","2024-07-25T09:29:41.650000","","","","[""print""]","","","","Hank Willis Thomas explores the social and historical meaning of sport through a print edition portraying the figure of Jesse Owens.","Experience the intensity of the 1936 Olympics in a new print from conceptual artist Hank Willis Thomas.

""The only bond worth anything between human beings is their humanness."" explores the social and historical meaning of sport through the figure of Jesse Owens. The record breaking athlete launches at full power across the paper, racing in the 100 metre dash. He wears collaged clothing in red and doily patterned white. A blue background, also collaged, introduces the third colour of the American flag.

The print is based on a new original work by Hank Willis Thomas currently on view in Paris, the host city for the 2024 Olympics. To replicate the dynamic texture of the original, printmakers built up variable height in nine layers of UV cured ink","","","","","",""
557611858,"Parra - FOUR WALLS by Piet Parra",9715422724434,"/products/piet-parra-lost-keys-four-walls","https://avantarte.com/products/piet-parra-lost-keys-four-walls","2026-09-14T13:01:22.928000","2024-10-01T08:47:35.795000","","","","[""print""]","","","","Collect a silkscreen print by Piet Parra. FOUR WALLS is a timeless depiction of a late night conversation between three guests in the final moments of a party.","A group of Neo-pop figures gather in two silkscreen editions by Parra. FOUR WALLS captures the hazy aftermath of a party in a contemplative and timeless scene. Meanwhile, chaos arises amongst the beach setting of LOST KEYS.","","","","","",""
554451527,"Alpha Centauri Kid - interblossom byAlpha Centauri Kid",9702349341010,"/products/alpha-centauri-kid-interblossom","https://avantarte.com/products/alpha-centauri-kid-interblossom","2026-09-14T13:01:22.928000","2024-10-07T11:00:15.920000","","","","[""print"", ""nft""]","","","","Collect an original artwork by Alpha Centauri Kid. ‘interblossom’ is a textured UV pigment print with spot varnish details, and belongs to a new body of work inspired by Vincent Van Gogh, Shakespeare and paradise.","Alpha Centauri Kid returns to an unpublished work from years gone by.

In interblossom, a.c.k. reimagines a scene from sci-fi movie Interstellar in which robot TARS – rendered here as an arrangement of interlocking keyboards – travels to Miller, a planet completely covered by water.

The work came back to life when refracted through the prism of Piano Blossoms. An unusual combination of purple and yellow dominates the composition. a.c.k. introduced flashes of green and pink to balance the palette. The resulting landscape is uncanny – like the world viewed through a mirror.

The 12k digital artwork was transformed into a physical object by printmakers at Make-Ready in London, who worked closely with a.c.k. to introduce layers of texture and glossy highlights to the surface of the print.","","","","","",""
527773083,"Dominique Fung - Handheld Fan by Dominique Fung",8933330157906,"/products/dominique-fung-handheld-fan","https://avantarte.com/products/dominique-fung-handheld-fan","2026-09-14T13:01:22.928000","2024-09-02T09:30:22.785000","","","","[""print""]","","","","Collect limited edition print by Dominique Fung. Handheld Fan is a surreal honey-hued print that challenges Orientalist tropes.","Dominique Fung reconfigures colonial-era visual tropes in this new limited edition print.

Handheld Fan exemplifies the artist’s distinctive blend of the uncanny and the symbolically charged. Based on her 2021 oil painting Bone Holding Fan, the work features four faces merging into a veiled Qing Dynasty bone hand fan. These fans, often intricately carved from bone or ivory and embellished with miniature paintings, calligraphy, or pierced latticework, were once luxury objects tied to courtly life and export markets.

Here, the fan emerges as a recurring motif, historically used in 18th and 19th-century European chinoiserie painting and early Hollywood cinema to exoticise and obscure Asian women. Whether delicately shielding a gaze or acting as an ornamental cypher, the fan operates as a stand-in for a racialised and gendered fantasy that Fung critically dismantles and reimagines through fragmentation and multiplicity.

Working in close collaboration with Fung, master printmakers at Make-Ready employed 13 layers of textured ink to create a raised outline around the fan, enhancing the tactile depth of the composition and echoing the artist’s engagement with material history and cultural memory.","","","","","",""
573208514,"Hilary Pecis - Lily Pond by Hilary Pecis",9756924739922,"/products/hilary-pecis-lily-pond","https://avantarte.com/products/hilary-pecis-lily-pond","2026-09-14T13:01:22.928000","2024-12-02T17:20:19.470000","","","","[""sculpture""]","","","","Collect a hand-painted ceramic amphora by Hilary Pecis, launched in support of charity: water. Lily Pond belongs to a series of seven, conceived and crafted in a transatlantic collaboration between Artspace and Avant Arte.","Collect a hand-painted ceramic amphora by Hilary Pecis, launched in support of charity: water.

Hilary Pecis paints the kinds of moments that easily pass us by. In doing so, she enshrines their beauty and importance. Her study of lilies and lily pads on the surface of a pond emerged as the perfect reference for her amphora – adapted such that its aquatic composition has no beginning or end.

The artwork belongs to a series of seven, conceived and crafted in a transatlantic collaboration between Artspace and Avant Arte. Proceeds will support charity: water in their endeavour to end the global water crisis.","","","","","",""
572012816,"Claire Tabouret - Paysage d’Intérieur (printemps) by Claire Tabouret",9758666522962,"/products/claire-tabouret-paysage-d-interieur-printemps","https://avantarte.com/products/claire-tabouret-paysage-d-interieur-printemps","2026-09-14T13:01:22.928000","2024-11-13T10:19:55.072000","","","","[""print""]","","","","Collect a limited edition tapestry by Claire Tabouret. Paysage d’Intérieur (printemps) depicts an enchanted garden erupting in thousands of stitches. ","A spring garden by Claire Tabouret erupts in over 410,000 stitches.

In Paysage d’Intérieur an enchanting scene is translated into delicate embroidery. The edition focuses on light and materiality, an evolution of Claire’s ‘fluff’ paintings – a series of abstract works in which bold brushstrokes toy with the verdant landscapes of post-impressionist painters. With 20 colours, from lemon yellow to sea green and electric blue, Claire assembles a new vision for her original textured painting.

From thread and fabric to framing, every element of the artwork is crafted and assembled in Lyon – the birthplace of artisanal French textiles.","","","","","",""
145664685476120,"George Condo - George Condo - Certificate of Authenticity",15782710903166,"/products/condo-certificate-of-authenticity","https://avantarte.com/products/condo-certificate-of-authenticity","2026-09-14T13:01:22.928000","2026-02-16T14:38:47.666000","","","","[""print""]","","","","George Condo Certificate of Authenticity","To confirm the address where we should ship you COA, please place an order by clicking Buy now.
You will also need to provide the edition number of your prints during checkout.","","","","","",""
554503316,"Alpha Centauri Kid - Golden Afternoon",9702507905362,"/products/alpha-centauri-kid-golden-afternoon","https://avantarte.com/products/alpha-centauri-kid-golden-afternoon","2026-09-14T13:01:22.928000","2024-10-07T11:00:18.352000","","","","[""print"", ""nft""]","","","","Collect an original artwork by Alpha Centauri Kid. ‘Golden Afternoon’ is a textured UV pigment print with spot varnish details, and belongs to a new body of work inspired by Vincent Van Gogh, Shakespeare and paradise.","In Golden Afternoon, a pink-shifted piano sprawls across a field of green.

The keys start to fade and suddenly vanish into the scene – like transitioning from a lullaby into a dream. The work is titled after the preface poem to Alice’s Adventures in Wonderland by Lewis Carroll that describes a joyful and idyllic childhood. In Disney's adaptation, the poem is set to music and sung by a chorus of flowers. In his, Alpha Centauri Kid presents child-like wonder through the filter of nostalgia.

The 12k digital artwork was transformed into a physical object by printmakers at Make-Ready in London, who worked closely with a.c.k. to introduce layers of texture and glossy highlights to the surface of the print.","","","","","",""
539548250,"Vhils - Blur by Vhils",9633683276114,"/products/vhils-blur","https://avantarte.com/products/vhils-blur","2026-09-14T13:01:22.928000","2024-09-05T15:49:36.280000","","","","[""print""]","","","","Collect a silkscreen pCollect a silkscreen print by Vhils. Blur sees the street artist bring his abrasive methodology to silkscreen printing.","A face cuts through traffic in an acid print by Alexandre Farto, aka Vhils.

Blur sees street artist Vhils bring his abrasive methodology to silkscreen printing. The artwork is composed of two overlapping images – a busy street and a striking portrait. Both are intentionally anonymous. The artist presents an arresting metaphor for life in the big city, where cultural uniqueness is often overridden by the intensity of urban life.

Prints from the edition are individually hand-finished using quick ink and acid – eroding the surface of the artwork. In doing so, Vhils resists uniformity and blurs the lines between creation and destruction.","","","","","",""
553671835,"Jack Kaido  - ICYMI, 2024 by Jack Kaido",9699831644498,"/products/jack-kaido-icymi-2024","https://avantarte.com/products/jack-kaido-icymi-2024","2026-09-14T13:01:22.928000","2024-10-16T08:46:51.387000","","","","[""print""]","","","","Collect a limited edition print and accompanying NFT by Jack Kaido. ICYM is an amalgamation of digital perspectives.","Jack Kaido gathers digital memories in print.

ICYMI is an amalgamation of the places and perspectives that have been core to Kaido’s practice and personal life. Fractured layers of colour are interwoven with components of the internet and software. The title, an abbreviation for ‘in case you missed it,’ acts as a reminder of the digital age’s influence on language.","","","","","",""
552396487,"Beeple - CHOOSE VIOLENCE by Beeple",9696085344594,"/products/beeple-choose-violence","https://avantarte.com/products/beeple-choose-violence","2026-09-14T13:01:22.928000","2024-10-03T10:03:35.501000","","","","[""print""]","","","","Collect a limited edition print by trailblazing digital artist Beeple based on the violence state of his first generative artwork, The Tree of Knowledge – signed and numbered, with free worldwide shipping.","Reality is subjective. Choose violence.

The Tree of Knowledge is a digitally-programmed sculpture which responds in real time to events around the world, with three possible states – signal, noise and violence. The artwork, part of the Lingotto collection, encompasses Beeple’s reflections on the subjective nature of our individual realities, and on a hypothetical symbiosis between technology and nature.

VIOLENCE is a state of conflict. Activated at the push of a button, Beeple has placed an upper limit on the number of times it can be triggered before the tree remains aflame forever. With this mechanic he makes the point that, outside of the simulation, there is also an upper limit on the number of times we can make this choice before our reality is damaged beyond repair.

Printmakers at Make-Ready in London have transformed a static representation of the tree during its choose violence sequence into a fine-tuned UV pigment print with a satin varnish seal.","","","","","",""
546392271,"Parra - FOUR WALLS by Piet Parra",9677837861202,"/products/piet-parra-four-walls","https://avantarte.com/products/piet-parra-four-walls","2026-09-14T13:01:22.928000","2024-10-01T08:47:35.795000","","","","[""print""]","","","","Collect a silkscreen print by Piet Parra. FOUR WALLS is a timeless depiction of a late night conversation between three guests in the final moments of a party.","A trio of women luxuriate in a silkscreen print by Parra.

FOUR WALLS captures the hazy aftermath of a party in a contemplative and timeless scene. The guests sprawl over the floor, engaged in conversation that wanders between everything and nothing. Parra captures the feeling of being caught in a late-night moment, where time and place becomes blurred.

A strong dialogue between printmaker and artist allowed an original twist on the reference work to develop. The figures have a delicate gloss achieved by layering solid, seamless colour – overlapping in places to echo Parra’s painting techniques.","","","","","",""
517418639,"Gabriel Moses - Framing Options | Lea & Monica, 2024",9287378764114,"/products/framing-options-lea-monica-2024","https://avantarte.com/products/framing-options-lea-monica-2024","2026-09-14T13:01:22.928000","2024-07-01T11:34:03.696000","","","","[""print""]","","","","Framing Options | Lea & Monica, 2024","","","","","","",""
521059675,"TIDE - Sit by TIDE",9303239590226,"/products/tide-sit","https://avantarte.com/products/tide-sit","2026-09-14T13:01:22.928000","2024-08-23T10:32:54.310000","","","","[""sculpture""]","","","","Add a limited edition sculpture by TIDE to your collection. In Sit, a cartoon cat perches on a precipice.","TIDE perches his wooden cat on a precipice. 

In his paintings, TIDE sets cartoon cats within realistic scenes. With Sit, he echoes this juxtaposition in three dimensions. Polished walnut wood brings the smooth contours of his sculpture to life – a cartoon companion for the material world.","","","","","",""
534547873,"Iskra Velitchkova - Eyenessless by Iskra Velitchkova",9604107469138,"/products/iskra-velitchkova-eyenessless","https://avantarte.com/products/iskra-velitchkova-eyenessless","2026-09-14T13:01:22.928000","2024-08-15T08:39:10.320000","","","","[""print"", ""nft""]","","","","Collect a unique generative print by Iskra Velitchkova. In EYELESSNESS, ocular, lens-like forms echo the artist’s reading of generative art as a tool for self reflection.","Iskra Velitchkova plays reverse engineer to mother nature in a series of generative prints.

Iskra has a unique take on the relationship between humans and machines. She asks whether, by amplifying the immaterial parts of ourselves, machines can make us more human than ever.

This question runs in parallel to the seemingly-organic forms found throughout her practice. The apparition of such forms in generative outputs underscores our inevitable presence in the machines we make. When they do emerge, Iskra “refines, provokes and re-invents” them to better understand the resemblance – echoing nature’s happy accidents within her own coded creations in a process she likens to reverse engineering.

EYENESSLESS builds upon another series, Lines and Bones. Ocular, lens-like forms embody the themes of distance and perception that persist in Iskra’s theoretical framework. The artworks look back, echoing her reading of generative art as a tool for introspection, or a second self.

Close collaboration with printmakers at Make-Ready in London, using cutting edge printing technology, introduced another layer of interface between human and technology to the project – informing the code itself and placing unexpected emphases within its outputs.","","","","","Each unique print is paired with a matching NFT. Artworks will be allocated at random and revealed upon claiming.",""
552389265,"Beeple - NOISE by Beeple",9696085311826,"/products/beeple-noise","https://avantarte.com/products/beeple-noise","2026-09-14T13:01:22.928000","2024-10-03T10:03:37.464000","","","","[""print""]","","","","Collect a limited edition print by trailblazing digital artist Beeple based on the noise state of his first generative artwork, The Tree of Knowledge – signed and numbered, with free worldwide shipping.","Reality is subjective. Choose noise.

The Tree of Knowledge is a digitally-programmed sculpture which responds in real time to events around the world, with three possible states – signal, noise and violence. The artwork, part of the Lingotto collection, encompasses Beeple’s reflections on the subjective nature of our individual realities, and on a hypothetical symbiosis between technology and nature.

NOISE is a state of saturation. Inspired by the overwhelming volume of conflicting information provided by modern media, it captures the feeling of hopelessness spawned by an endless stream of hot takes, crises and quandries.

Printmakers at Make-Ready in London have transformed an array of noise state trees into a fine-tuned UV pigment print with a satin varnish seal.","","","","","",""
531039749,"Danielle Mckinney - Shelter by Danielle Mckinney",9304511611218,"/products/danielle-mckinney-shelter","https://avantarte.com/products/danielle-mckinney-shelter","2026-09-14T13:01:22.928000","2024-08-20T11:32:52.888000","","","","[""print""]","","","","Shelter is a limited edition print by Danielle McKinney pondering the natural rhythms of metamorphosis.","A serene portrait by Danielle Mckinney ponders the rhythms of metamorphosis.

Shelter depicts a woman alone with her daydreams. Cocooned in her coat, she is visited by a Monarch butterfly which rests at the tip of her finger beyond her gaze. Butterflies often appear in Mckinney’s work to signal transformation and cyclical rhythms, while the subject’s red fingernails – another signature – symbolise smaller, everyday changes. Shelter invites us to reflect on our own moments of transformation and the quiet beauty found in contemplative solitude.

The edition meticulously translates the rich colours of one of Mckinney’s first oil paintings into print.  Each is finished with deckled edges and flashes of gold leaf, applied by hand to the wings of the butterfly.","","","","","",""
526969274,"Ai Weiwei - To Be Looked At... by Ai Weiwei",8935358464338,"/products/ai-weiwei-to-be-looked-at","https://avantarte.com/products/ai-weiwei-to-be-looked-at","2026-09-14T13:01:22.928000","2024-07-23T12:00:12.204000","","","","[""sculpture""]","","","","Ai Weiwei turns the camera on his collectors with an edition of sculptures in cut aluminium.","Ai Weiwei turns the camera on collectors with an edition of sculptures in cut aluminium.

Surveillance and Weiwei have history. Drawing together personal experiences and societal shifts, he notes that security is often used as a guise for control and that, because of this, surveillance represents power.

To Be Looked At… takes the form of a bank of CCTV cameras, pointing in multiple directions for uninterrupted vision. The sculpture can be mounted on a wall or displayed on a horizontal surface.

Installed in homes around the world, the cameras and their pseudo-surveillance capture Weiwei’s wry humour. At the same time, they encapsulate an experience that has become an inescapable part of being alive.","","","","","",""
524944666,"Hank Willis Thomas - Framing Options | Monica, 2024",9320135590226,"/products/framing-options-the-only-bond-worth-anything-between-human-beings-is-their-humanness","https://avantarte.com/products/framing-options-the-only-bond-worth-anything-between-human-beings-is-their-humanness","2026-09-14T13:01:22.928000","2024-07-01T11:34:13.291000","","","","[""print""]","","","","Framing Options | Monica, 2024","","","","","","",""
66828976346026,"Alpha Centauri Kid - Tempted in the Garden by Alpha Centauri Kid",15476612202878,"/products/ranked-auction-test","https://avantarte.com/products/ranked-auction-test","2026-09-14T13:01:22.928000","2025-07-08T20:08:45.811000","","","","[""nft"", ""print""]","","","","Collect a limited edition print by Alpha Centauri Kid. ‘tempted in the Garden’ is a textured UV pigment print, and belongs to a new body of work inspired by Vincent van Gogh, Shakespeare and paradise.","Star-crossed lovers take shelter in a tale of love and fate by Alpha Centauri Kid.

For our second collaboration a.c.k. set out to create a body of work inspired by Romeo and Juliet. In the end, the Muse led him in a different direction. Piano Blossoms emerged – a dreamy ode to music and the Muse with all the romance of a Shakespearean play.

Eventually, the tragic couple found refuge amongst the foliage of Eden. The more defined of the pair is Juliet, who is not only analogous to Biblical Eve, but also to the artist’s Muse. Hovering above her head is the apple that spelled humanity’s banishment from the garden. On her right is a memento mori in the form of a ghostly skull. These omens of tragedy are easily missed amongst the alluring gold flowers that illuminate the print.

The 12k digital artwork was transformed into a physical object by printmakers at Make-Ready in London, who worked closely with a.c.k. to introduce layers of texture to the surface of the print.","","","","","",""
553937034,"Beeple - THE TREE OF KNOWLEDGE (Triptych) by Beeple",9698120040786,"/products/beeple-the-tree-of-knowledge-triptych","https://avantarte.com/products/beeple-the-tree-of-knowledge-triptych","2026-09-14T13:01:22.928000","2024-10-03T10:03:41.230000","","","","[""print""]","","","","Collect a trio of limited edition prints by trailblazing digital artist Beeple based on the three states of his first generative artwork, The Tree of Knowledge – signed and numbered, with free worldwide shipping.","Collect a trio of prints based on Beeple’s generative debut.

The Tree of Knowledge is a digitally-programmed sculpture which responds in real time to events around the world, with three possible states – signal, noise and violence. The artwork, part of the Lingotto collection, encompasses Beeple’s reflections on the subjective nature of our individual realities, and on a hypothetical symbiosis between technology and nature.

Static excerpts from each state have been transformed by printmakers at Make-Ready in London into fine-tuned UV pigment prints sealed with satin varnish.","","","","","SIGNAL: Edition of 331 / NOISE: Edition of 205 / CHOOSE VIOLENCE: Edition of 180",""
571267396,"Ai Weiwei - Circle in Blue by Ai Weiwei",9750505390418,"/products/ai-weiwei-circle-in-blue","https://avantarte.com/products/ai-weiwei-circle-in-blue","2026-09-14T13:01:22.928000","2024-11-14T11:41:04.153000","","","","[""print""]","","","","Collect a limited edition silkscreen print by trailblazing artist Ai Weiwei. ‘Circle in Blue’ riffs on the raised middle finger from the artist’s seminal series, Study of Perspective.","Ai Weiwei raises his middle finger once again in a silkscreen tondo.

In Circle in Blue, Weiwei’s iconic gesture radiates outwards in a continuous composition. Weiwei started using the motif of the middle finger in 1995 when taking photos for his series Study of Perspective. In the series, Weiwei stuck up his middle finger to historic landmarks in an act of defiance that asserts our collective right to form, hold and express individual beliefs. For the artist, the power of a simple gesture like this is that anyone can make it.

The artwork is printed in 11 layers at Make-Ready in London. Its blue and white palette, lustrous finish and circular form call to mind Weiwei’s porcelain sculptures which themselves reference ancient Chinese ceramics from the Yuan and Ming dynasties.","","","","","",""
552435605,"Grayson Perry - Magical Thinking by Grayson Perry",9696352764242,"/products/grayson-perry-magical-thinking","https://avantarte.com/products/grayson-perry-magical-thinking","2026-09-14T13:01:22.928000","2024-10-14T13:08:00.049000","","","","[""print""]","","","","Collect a silkscreen print by Grayson Perry. ‘Magical Thinking’ exposes the layer of mystical subjectivity through which we each engage with reality – signed and numbered, with free worldwide shipping.","Grayson Perry thinks magically for a silkscreen print launched in support of the Contemporary Art Society.

Magical Thinking began when Grayson encountered a painting by Cornelis de Vos at the Wallace Collection in London. In a graphic composition inspired by traditional Russian lubki, he surrounds his own version of de Vos’ unidentified subject with a constellation of words and symbols. The work’s title references the layer of mystical subjectivity through which we each engage with reality.

Grayson worked closely with printmakers at Make-Ready in London to bring his vision to life. The result is a tactile silkscreen on bespoke textured paper with intentional irregularities – an homage to traditions from centuries ago, and a celebration of modern silkscreen printing.","","","","","",""
554526626,"Alpha Centauri Kid - Flower Demons by Alpha Centauri Kid",9702520291666,"/products/alpha-centauri-kid-flower-demons","https://avantarte.com/products/alpha-centauri-kid-flower-demons","2026-09-14T13:01:22.928000","2024-10-07T11:00:20.342000","","","","[""nft"", ""print""]","","","","Collect an original artwork by Alpha Centauri Kid. ‘Flower Demons’ is a textured UV pigment print with spot varnish details, and belongs to a new body of work inspired by Vincent Van Gogh, Shakespeare and paradise.","In Flower Demons, the underworld is nothing to be afraid of.

Branches grow from the head of a warmly lit figure – blossoming and winding as they reach into the darkness at the outer edges of the print. In the foreground, the figure’s hands play a crooked piano. Alpha Centauri Kid calls this supernatural musician a flower demon.

When beginning his latest body of work, ACK did not feel the guidance of the Muse – an energy that assures him he’s aligned with his purpose. Eventually, he stumbled upon Piano Blossoms as an overarching theme, and knew he was on the right path. Every artwork in the series became a reflection of his pursuit of the Muse. On this occasion, the same path also led him to an encounter with another supernatural being.

The 12k digital artwork was transformed into a physical object by printmakers at Make-Ready in London, who worked closely with a.c.k. to introduce layers of texture and glossy highlights to the surface of the print.","","","","","",""
550544053,"Ayako Rokkaku - Ayako Rokkako Untitled COA",9691098513746,"/products/ayako-rokkako-untitled-cerfiticate","https://avantarte.com/products/ayako-rokkako-untitled-cerfiticate","2026-09-14T13:01:22.928000","2024-10-04T10:51:37.551000","","","","[""print""]","","","","Ayako Rokkako Untitled COA","To confirm the address where we should ship you COA, please place an order by clicking Buy now.
You will also need to provide the edition number of your prints during checkout.","","","","","",""
544730488,"Ai Weiwei - Framing Options | Everyone is a dragon",9615359082834,"/products/framing-options-everyone-is-a-dragon","https://avantarte.com/products/framing-options-everyone-is-a-dragon","2026-09-14T13:01:22.928000","2024-09-05T16:34:45.283000","","","","[""print""]","","","","Framing Options | Everyone is a dragon","Your Ai Weiwei print can be ordered float-mounted in a bespoke frame, with optional Optium Museum acrylic upgrade. Select “Buy this work” to add a frame to your purchase, and receive your Ai Weiwei print ready to hang.","","","","","",""
546377579,"Parra - LOST KEYS by Piet Parra",9677837828434,"/products/piet-parra-lost-keys","https://avantarte.com/products/piet-parra-lost-keys","2026-09-14T13:01:22.928000","2024-10-01T08:48:02.953000","","","","[""print""]","","","","Collect a silkscreen print by Piet Parra. LOST KEYS references the artist’s nostalgic memories of Amsterdam from years gone by.","Parra depicts quiet chaos by the sea.

LOST KEYS is a nostalgic snapshot, paying homage to the playful beach scenes painted by Parra’s father in the 90s. Surrounded by sand dunes, three expressive women gesture as one appears to drop something. When creating the composition, Parra drew upon his personal life in Amsterdam, from the nearby sandy hills that he often cycles through to the title of a song by his band.

Parra’s sophisticated use of colour includes many colours that sit next to each other on the colour wheel. This provided a challenge to the printmakers, requiring many rounds to perfect the colour inks for the silkscreen print. Printed in a painterly fashion, light colours are layered over dark colours to foreground the figures.","","","","","",""
567659261,"José Parlá - The American Mindscape, Textured by José Parlá",9747522617682,"/products/jose-parla-the-american-mindscape-textured","https://avantarte.com/products/jose-parla-the-american-mindscape-textured","2026-09-14T13:01:22.928000","2024-11-04T11:24:30.901000","","","","[""print""]","","","","Collect a limited edition print by José Parlá, launched to coincide with a homecoming exhibition in Miami and inspired by his expansive view of America and the Cuban diaspora.","A print by José Parlá thrums with his expansive vision of America.

The American Mindscape will appear in an upcoming exhibition at the Pérez Art Museum in Miami. To mark José's return to the city where he was born, we’ve transformed the cacophonous painting into a limited edition print.

The painting itself began in 2021, when José was recovering from a four month coma and protests were erupting in Cuba. Layer upon layer of abstract marks and script embody entangled feelings of hope and anger, and represent the millions who since 1959 have joined Cuba’s diaspora. Extrapolating, José also reflects on the entire American continent, and the countless stories that connect its inhabitants in pursuit of freedom – asking what it really means to be American.","","","","","",""
521056782,"Antony Micallef - Portrait of Francis Bacon by Antony Micallef",9305977323858,"/products/antony-micallef-portrait-of-francis-bacon","https://avantarte.com/products/antony-micallef-portrait-of-francis-bacon","2026-09-14T13:01:22.928000","2024-07-31T13:36:08.639000","","","","[""print""]","","","","Collect a limited edition print by Antony Micallef. Portrait of Francis Bacon probes the limits of printmaking, using 57 layers of UV-cured ink to replicate the energetic impasto of the artist’s work in oil paint.","A visceral tribute by Antony Micallef probes the limits of printmaking.

In his painting inspired by Lucian Freud’s portrait of Francis Bacon, Antony Micallef favoured thick, abstract impasto over discernable human features. Micallef shares an affinity with both artists and their raw representation of human forms. With Portrait of Francis Bacon, Micallef echoes the way Bacon used paint to elicit an emotional response, not only to the painted image, but to the physical condition of the paint itself.

Printmakers at Make-Ready worked closely with Micallef to achieve something he initially thought impossible. Layer upon layer of cured ink and satin varnish recreate the depth and texture of his painting, including a section where solidified paint extends beyond the edge of the canvas.

The edition was conceived in collaboration with Bridgeman Images and the Lucian Freud Archive.","","","","","",""
564260299,"Kukwon Woo - Valley of the Shadow of Death by Woo Kuk Won",9740712575314,"/products/kukwon-woo-valley-of-the-shadow-of-death","https://avantarte.com/products/kukwon-woo-valley-of-the-shadow-of-death","2026-09-14T13:01:22.928000","2024-10-21T11:34:17.083000","","","","[""print""]","","","","Collect a signed print by Kukwon Woo. ‘Breakfast on the beach’ ","Kukwon Woo reaches across time, genre and philosophy in a satirical culture clash.

‘Valley of the Shadow of Death’ combines two popular metaphors for the battle between good and evil. The first is from Psalm 23, a biblical prayer for comfort and strength in the face of evil. The second is from the Star Wars: Empire Strikes Back, the science-fiction blockbuster. Woo reimagines Luke Skywalker and Darth Vader’s infamous duel on Cloud City on earthly terrain. 

The duellers appear miniscule on a high mountain bridge, each wielding lightsabers like crosses at the head of a procession. Viewed in perspective, their grand battle appears inconsequential – like a game of dress up. However, Woo’s scrawled prayer reintroduces existential fears passed down through millenia.

Our textured print edition is based on an original painting by Woo, which in turn was inspired by Japanese Ukiyo-e prints.","","","","","",""
427248445,"George Condo - Portrait and Head",8687610888530,"/products/george-condo-portrait-and-head","https://avantarte.com/products/george-condo-portrait-and-head","2026-09-14T13:01:22.929000","2024-01-22T14:01:27.621000",6000,150,"2024-03-20T14:00:00","[""print""]","draw-release","2024-03-20T14:00:00",true,"","","","","","","This draw includes an extra verification step. You will receive an email with more information upon entering the draw. This step needs to be completed before the draw closes, at 2pm UK time on March 20th.",""
433288442,"Deekay  - Love Ripples",8726767927634,"/products/deekay-love-ripples","https://avantarte.com/products/deekay-love-ripples","2026-09-14T13:01:22.929000","2024-02-08T16:56:03.900000",6000,30,"2024-02-14T14:00:00","[""print""]","draw-release","2024-02-14T14:00:00",false,"","","","","","","Each print is paired with an animated NFT. Claiming instructions will be shared with collectors after launch.",""
460339119,"George Condo - Framing options Portrait and Head",8785575838034,"/products/framing-options-portrait-and-head","https://avantarte.com/products/framing-options-portrait-and-head","2026-09-14T13:01:22.929000","2024-03-11T17:22:31.440000",0,"","","[]","public-release","",false,"","","","","","","",""
470556694,"Javier Calleja - Diptych",8815773974866,"/products/javier-calleja-diptych","https://avantarte.com/products/javier-calleja-diptych","2026-09-14T13:01:22.929000","2024-04-05T08:48:56.302000",3200,250,"2024-04-30T14:00:00","[""print""]","draw-release","",true,"","","","","","","",""
510799462,"Pejac - HOPE (1-125) by Pejac",9245690167634,"/products/pejac-hope-release-1","https://avantarte.com/products/pejac-hope-release-1","2026-09-14T13:01:22.929000","2024-06-13T13:39:32.443000","","","","[""print"", ""hand""]","","","","Pejac creates an edition of 1000 unique prints, based on a hospital mural painted in his hometown during the pandemic.","HOPE is a series of 1000 unique prints which revisits a mural painted on the wall of a Spanish hospital in 2020.

Pejac created the mural to remember the tragedies of Covid-19, but also the togetherness the pandemic fostered in communities around the world. Thousands of tiny figures form the illusion of a crevice. On close inspection, each has their own story, interacting with empathy and solidarity.

During a month-long residency at Make-Ready in London, Pejac reinterpreted his crevice on a blank canvas. The process was documented 1000 times. Each stage corresponds with a unique print. As a final flourish, one figure from each print is highlighted by hand with 24 carat gold leaf. In this figure, the artist hopes the viewer can see themselves shining amongst the crowd.

The images on this page show print 15/1000, selected as a representative example for prints 1-125. A minimum of 20 prints from this drop will be available at launch.","","","","","This series of 1000 unique prints has been divided into 8 drops. Within each drop, prints will be allocated at random. Discover the collaboration",""
426480201,"Laura El - Park Ave",8708153278802,"/products/laura-el-park-ave","https://avantarte.com/products/laura-el-park-ave","2026-09-14T13:01:22.929000","2024-01-17T08:25:41.281000",1500,30,"2024-02-13T14:00:00","[""print"", ""nft""]","draw-release","",true,"","","","","","","Each print from the edition is paired with an NFT based on the same artwork. Claiming instructions will be shared with collectors after launch.",""
512067443,"Pejac - HOPE (751-875) by Pejac",9256815296850,"/products/pejac-hope-release-7","https://avantarte.com/products/pejac-hope-release-7","2026-09-14T13:01:22.929000","2024-06-13T13:39:32.443000","","","","[""print"", ""hand""]","","","","Pejac creates an edition of 1000 unique prints, based on a hospital mural painted in his hometown during the pandemic.","HOPE is a series of 1000 unique prints which revisits a mural painted on the wall of a Spanish hospital in 2020.

Pejac created the mural to remember the tragedies of Covid-19, but also the togetherness the pandemic fostered in communities around the world. Thousands of tiny figures form the illusion of a crevice. On close inspection, each has their own story, interacting with empathy and solidarity.

During a month-long residency at Make-Ready in London, Pejac reinterpreted his crevice on a blank canvas. The process was documented 1000 times. Each stage corresponds with a unique print. As a final flourish, one figure from each print is highlighted by hand with 24 carat gold leaf. In this figure, the artist hopes the viewer can see themselves shining amongst the crowd.

The images on this page show print 825/1000, selected as a representative example for prints 751-875. A minimum of 120 prints from this drop will be available at launch.","","","","","The series of 1000 unique prints has been divided into 8 drops. Within each drop, prints will be allocated at random. Discover the collaboration",""
460184320,"Ed Ruscha - Actual Size",8763740488018,"/products/ed-ruscha-actual-size","https://avantarte.com/products/ed-ruscha-actual-size","2026-09-14T13:01:22.929000","2024-03-12T13:17:41.560000",475,1863,"2024-04-11T17:00:00","[""print""]","timed-release","2024-04-13T17:00:00",false,"","","","","","","",""
512071405,"Pejac - HOPE (876-1000) by Pejac",9256865792338,"/products/pejac-hope-release-8","https://avantarte.com/products/pejac-hope-release-8","2026-09-14T13:01:22.929000","2024-06-13T13:39:32.443000","","","","[""print"", ""hand""]","","","","Pejac creates an edition of 1000 unique prints, based on a hospital mural painted in his hometown during the pandemic.","HOPE is a series of 1000 unique prints which revisits a mural painted on the wall of a Spanish hospital in 2020.

Pejac created the mural to remember the tragedies of Covid-19, but also the togetherness the pandemic fostered in communities around the world. Thousands of tiny figures form the illusion of a crevice. On close inspection, each has their own story, interacting with empathy and solidarity.

During a month-long residency at Make-Ready in London, Pejac reinterpreted his crevice on a blank canvas. The process was documented 1000 times. Each stage corresponds with a unique print. As a final flourish, one figure from each print is highlighted by hand with 24 carat gold leaf. In this figure, the artist hopes the viewer can see themselves shining amongst the crowd.

The images on this page show print 1000/1000, selected as a representative example for prints 876-1000. A minimum of 20 prints from this drop will be available at launch.","","","","","The series of 1000 unique prints has been divided into 8 drops. Within each drop, prints will be allocated at random. Discover the collaboration",""
508681497,"Miwa Komatsu - Framing Options | To be titled",8975913845074,"/products/framing-options-to-be-titled","https://avantarte.com/products/framing-options-to-be-titled","2026-09-14T13:01:22.929000","2024-05-09T10:07:43.166000",0,"","","[]","public-release","",false,"","","","","","","",""
466741987,"mpkoz - Mecha",8787703333202,"/products/mpkoz-mecha","https://avantarte.com/products/mpkoz-mecha","2026-09-14T13:01:22.929000","2024-04-02T06:28:22.125000",3000,50,"2024-04-10T14:00:00","[""print""]","draw-release","",true,"","","","","","","Each unique print is paired with an NFT of the same artwork, and will be allocated at random. Claiming instructions will be shared after purchase. 40 works will be reserved for mpkoz token holders in a presale and all remaining works will be available via the public draw. mpkoz token holders can verify here to register for the presale.",""
492447114,"Mickalene Thomas - Framing Options | Portrait of Maya #10",8914178638162,"/products/framing-options-portrait-of-maya-10","https://avantarte.com/products/framing-options-portrait-of-maya-10","2026-09-14T13:01:22.929000","2024-05-09T10:07:43.166000",0,"","","[]","public-release","",false,"","","","","","","",""
478210094,"Linda Dounia - Faux Letters",8833309770066,"/products/linda-dounia-faux-letters","https://avantarte.com/products/linda-dounia-faux-letters","2026-09-14T13:01:22.929000","2024-04-22T15:10:56.616000",1700,25,"2024-05-14T13:00:00","[""print""]","public-release","",false,"","","","","","","Each unique print will be allocated at random to collectors.",""
476363753,"Kaï - Content",8828388540754,"/products/kai-content","https://avantarte.com/products/kai-content","2026-09-14T13:01:22.929000","2024-04-16T16:00:32.258000",1200,140,"2024-05-29T13:00:00","[""sculpture""]","draw-release","",true,"","","","","","","",""
517396742,"Gabriel Moses - Lea & Monica by Gabriel Moses",9287356514642,"/products/gabriel-moses-lea-monica","https://avantarte.com/products/gabriel-moses-lea-monica","2026-09-14T13:01:22.929000","2024-07-02T11:34:35.088000","","","","[""print""]","","","","Collect a limited edition photographic print by London-based photographer, Gabriel Moses. Monica (2024) embodies the creative possibilities opened when artist and muse stand on equal footing.","Lea and Monica are a pair of limited edition prints belonging to Gabriel Moses' series Regina – a photographic tribute to the women who have shaped his world.

Lea is embodied by model Judith Onah who appears as a protector. Delicately dressed in white with a rifle slung over her shoulder, she is the guardian of her child, soon to be born. Monica is shrouded in red, sultry and softly-lit with her back turned to the camera. 

The images epitomise Moses' ability to build timeless images that revisit the same world again and again, yet capture the individual spirit of his subjects.

Credits
Styling: @gerryroryokane
Casting: @isabelbush_
Make Up: @mata_marielle
Hair: @sophie_jane_anderson
Set: @juliadiasstudio
Talent: @judith_onah @adit_priscilla
Movement Direction: @manuloca_
VFX: @tildax_x_
Production: @concretereplimited
Retouch: @_thehandofgod","","","","","Edition sizes confirmed after the 24 hour release ends",""
512061724,"Pejac - HOPE (376-500) by Pejac",9248153141586,"/products/pejac-hope-release-4","https://avantarte.com/products/pejac-hope-release-4","2026-09-14T13:01:22.929000","2024-06-13T13:39:32.443000","","","","[""print"", ""hand""]","","","","Pejac creates an edition of 1000 unique prints, based on a hospital mural painted in his hometown during the pandemic.","HOPE is a series of 1000 unique prints which revisits a mural painted on the wall of a Spanish hospital in 2020.

Pejac created the mural to remember the tragedies of Covid-19, but also the togetherness the pandemic fostered in communities around the world. Thousands of tiny figures form the illusion of a crevice. On close inspection, each has their own story, interacting with empathy and solidarity.

During a month-long residency at Make-Ready in London, Pejac reinterpreted his crevice on a blank canvas. The process was documented 1000 times. Each stage corresponds with a unique print. As a final flourish, one figure from each print is highlighted by hand with 24 carat gold leaf. In this figure, the artist hopes the viewer can see themselves shining amongst the crowd.

The images on this page show print 388/1000, selected as a representative example for prints 376-500. A minimum of 20 prints from this drop will be available at launch.","","","","","The series of 1000 unique prints has been divided into 8 drops. Within each drop, prints will be allocated at random. Discover the collaboration",""
512092716,"Paul Insect - Something forbidden (Blue) by Paul Insect",9257836609874,"/products/paul-insect-something-forbidden-blue","https://avantarte.com/products/paul-insect-something-forbidden-blue","2026-09-14T13:01:22.929000","2024-06-20T15:35:00.048000","","","","[""print""]","","","","Something forbidden (Blue) is a limited edition silkscreen hybrid print by Paul Insect created in close collaboration with printmakers at Make-Ready using a variety of artisanal and experimental techniques.","Pop pointillism augments an experimental silkscreen print by Paul Insect.

Masks are a core motif for Paul – a visual embodiment of his interest in identities hidden and revealed. In Something forbidden (Blue) a sharp-edged, candy pink shape disguises an inscrutable face.

Printmakers at Make-Ready in London worked closely with Paul to create the print and expand the repertoire of processes and materials found in his editions to date. The result is an intricate silkscreen print finished with an array of raised dots created using 37 layers of UV-cured ink and high gloss varnish.","","","","","",""
512058072,"Pejac - HOPE (126-250) by Pejac",9247734464850,"/products/pejac-hope-release-2","https://avantarte.com/products/pejac-hope-release-2","2026-09-14T13:01:22.929000","2024-06-13T13:39:32.443000","","","","[""print"", ""hand""]","","","","Pejac creates an edition of 1000 unique prints, based on a hospital mural painted in his hometown during the pandemic.","HOPE is a series of 1000 unique prints which revisits a mural painted on the wall of a Spanish hospital in 2020.

Pejac created the mural to remember the tragedies of Covid-19, but also the togetherness the pandemic fostered in communities around the world. Thousands of tiny figures form the illusion of a crevice. On close inspection, each has their own story, interacting with empathy and solidarity.

During a month-long residency at Make-Ready in London, Pejac reinterpreted his crevice on a blank canvas. The process was documented 1000 times. Each stage corresponds with a unique print. As a final flourish, one figure from each print is highlighted by hand with 24 carat gold leaf. In this figure, the artist hopes the viewer can see themselves shining amongst the crowd.

The images on this page show print 126/1000, selected as a representative example for prints 126-250. A minimum of 120 prints from this drop will be available at launch.","","","","","The series of 1000 unique prints has been divided into 8 drops. Within each drop, prints will be allocated at random. Discover the collaboration",""
481269795,"JR -  La Nascita, Milano Centrale, Italie, 2024",8824797397330,"/products/jr-la-nascita","https://avantarte.com/products/jr-la-nascita","2026-09-14T13:01:22.929000","2024-04-23T09:13:08.348000",440,293,"2024-04-30T13:00:00","[""print""]","timed-release","2024-05-02T13:00:00",false,"","","","","","","",""
485014928,"Mickalene Thomas - Interior: Red Couch and Landscape",8871051919698,"/products/mickalene-thomas-interior-red-couch-and-landscape","https://avantarte.com/products/mickalene-thomas-interior-red-couch-and-landscape","2026-09-14T13:01:22.929000","2024-06-13T06:58:14.369000",675,379,"2024-06-25T17:00:00","[""print""]","timed-release","2024-06-26T17:00:00",false,"","","","","","","",""
492440552,"Mickalene Thomas - Framing Options | Interior: Red Couch and Landscape",8913946902866,"/products/framing-options-interior-red-couch-and-landscape","https://avantarte.com/products/framing-options-interior-red-couch-and-landscape","2026-09-14T13:01:22.929000","2024-05-09T09:41:36.229000",0,"","","[]","public-release","",false,"","","","","","","",""
480293342,"Eddie Martinez - Scaffold",8844636160338,"/products/eddie-martinez-scaffold","https://avantarte.com/products/eddie-martinez-scaffold","2026-09-14T13:01:22.929000","2024-05-08T09:49:12.358000",1250,200,"2024-06-18T13:00:00","[""print""]","draw-release","",true,"","","","","","","",""
506477166,"Zhang Ruyi - Forced Separation",8958328209746,"/products/zhang-ruyi-forced-separation","https://avantarte.com/products/zhang-ruyi-forced-separation","2026-09-14T13:01:22.929000","2024-06-07T08:39:34.398000",1200,15,"2024-07-16T09:00:00","[""print""]","public-release","",false,"","","","","","","",""
512062255,"Pejac - HOPE (626-750) by Pejac",9256741044562,"/products/pejac-hope-release-6","https://avantarte.com/products/pejac-hope-release-6","2026-09-14T13:01:22.929000","2024-06-13T13:39:32.443000","","","","[""print"", ""hand""]","","","","Pejac creates an edition of 1000 unique prints, based on a hospital mural painted in his hometown during the pandemic.","HOPE is a series of 1000 unique prints which revisits a mural painted on the wall of a Spanish hospital in 2020.

Pejac created the mural to remember the tragedies of Covid-19, but also the togetherness the pandemic fostered in communities around the world. Thousands of tiny figures form the illusion of a crevice. On close inspection, each has their own story, interacting with empathy and solidarity.

During a month-long residency at Make-Ready in London, Pejac reinterpreted his crevice on a blank canvas. The process was documented 1000 times. Each stage corresponds with a unique print. As a final flourish, one figure from each print is highlighted by hand with 24 carat gold leaf. In this figure, the artist hopes the viewer can see themselves shining amongst the crowd.

The images on this page show print 672/1000, selected as a representative example for prints 626-750. A minimum of 120 prints from this drop will be available at launch.","","","","","The series of 1000 unique prints has been divided into 8 drops. Within each drop, prints will be allocated at random. Discover the collaboration",""
516294595,"Magdalena Suarez Frimkess - Homage for Jasper Johns by Magdalena Suarez Frimkess",9277909893458,"/products/magdalena-suarez-frimkess-homage-for-jasper-johns","https://avantarte.com/products/magdalena-suarez-frimkess-homage-for-jasper-johns","2026-09-14T13:01:22.929000","2024-07-05T13:10:57.978000","","","","[""print""]","","","","Collect a limited edition print based on a ceramic artwork by Magdalena Suarez Frimkess. Homage for Jasper Johns combines two American icons as Minnie Mouse dances across the Star-Spangled Banner.","Americana runs free in a limited edition print by Magdalena Suarez Frimkess.

At 95 years old, Magdalena continues to combine characters, symbols and objects with little concern for what they might mean. In Homage for Jasper Johns, two icons meet as Minnie Mouse dances across the Star-Spangled Banner. The artwork’s title nods to Jasper Johns and his painted renditions of the American flag, which Magdalena encountered after moving from Venezuela to America.

Printmakers at Make-Ready in London carefully transformed the original artwork, a handmade ceramic tile, into a limited edition print. Two layers of silkscreen varnish recreate its lustrous surface, while a subtle printed shadow creates the illusion of a three-dimensional object.","","","","","",""
495251292,"Mickalene Thomas - Maya & Interior",8920052367698,"/products/mickalene-thomas-pair-of-limited-edition-prints","https://avantarte.com/products/mickalene-thomas-pair-of-limited-edition-prints","2026-09-14T13:01:22.929000","2024-06-13T06:58:38.074000",1320,"","2024-06-25T17:00:00","[""print""]","timed-release","2024-06-26T17:00:00",false,"","","","","","","Portrait of Maya #10: Edition of 732 / Interior: Red Couch and Landscape: Edition of 379",""
491186467,"Miwa Komatsu - Sacred Connectedness",8895036162386,"/products/miwa-komatsu-sacred-connectedness","https://avantarte.com/products/miwa-komatsu-sacred-connectedness","2026-09-14T13:01:22.929000","2024-06-04T06:34:00.997000",500,372,"2024-06-11T09:00:00","[""print""]","timed-release","2024-06-13T09:00:00",false,"","","","","","","Images of the print will be shared after launch when proofing is complete",""
512194545,"Gabriel Moses - Lea, 2024 by Gabriel Moses",9256973467986,"/products/gabriel-moses-lea-2024","https://avantarte.com/products/gabriel-moses-lea-2024","2026-09-14T13:01:22.929000","2024-06-27T09:43:28.608000","","","","[""print""]","","","","Collect a limited edition photographic print by London-based photographer, Gabriel Moses. Lea (2024), from the series Regina, emanates from the artist’s own experience of motherhood.","Lea inhabits Gabriel Moses’ powerful vision of motherhood in a limited edition photographic print.

Through Moses’ lens, Lea embodies a protector. Delicately dressed in white with a rifle slung over her shoulder, she is the guardian of her child, soon to be born. The vision for this photograph emanates from the photographer's own upbringing – raised by a powerful single mother in South London.

Lea (2024) belongs to the series Regina, a photographic tribute by Moses to the women who have and continue to shape his world.

Credits
Styling: @gerryroryokane
Casting: @isabelbush_
Make Up: @mata_marielle
Hair: @sophie_jane_anderson
Set: @juliadiasstudio
Talent: @judith_onah @adit_priscilla
Movement Direction: @manuloca_
VFX: @tildax_x_
Production: @concretereplimited
Retouch: @_thehandofgod","","","","","Edition size confirmed after the 24 hour release ends",""
476322422,"Kaï - Content (Hand-finished)",8828346696018,"/products/kai-content-hand-finished","https://avantarte.com/products/kai-content-hand-finished","2026-09-14T13:01:22.929000","2024-04-16T16:01:00.667000",2200,36,"2024-05-24T13:00:00","[""sculpture"", ""hand""]","draw-release","",true,"","","","","","","",""
512061640,"Pejac - HOPE (251-375) by Pejac",9247996739922,"/products/pejac-hope-release-3","https://avantarte.com/products/pejac-hope-release-3","2026-09-14T13:01:22.929000","2024-06-13T13:39:32.443000","","","","[""print"", ""hand""]","","","","Pejac creates an edition of 1000 unique prints, based on a hospital mural painted in his hometown during the pandemic.","HOPE is a series of 1000 unique prints which revisits a mural painted on the wall of a Spanish hospital in 2020.

Pejac created the mural to remember the tragedies of Covid-19, but also the togetherness the pandemic fostered in communities around the world. Thousands of tiny figures form the illusion of a crevice. On close inspection, each has their own story, interacting with empathy and solidarity.

During a month-long residency at Make-Ready in London, Pejac reinterpreted his crevice on a blank canvas. The process was documented 1000 times. Each stage corresponds with a unique print. As a final flourish, one figure from each print is highlighted by hand with 24 carat gold leaf. In this figure, the artist hopes the viewer can see themselves shining amongst the crowd.

The images on this page show print 251/1000, selected as a representative example for prints 251-375. A minimum of 120 prints from this drop will be available at launch.","","","","","The series of 1000 unique prints has been divided into 8 drops. Within each drop, prints will be allocated at random. Discover the collaboration",""
472884645,"Ed Ruscha - Framing Options Actual Size",8818347114834,"/products/framing-options-actual-size","https://avantarte.com/products/framing-options-actual-size","2026-09-14T13:01:22.929000","2024-04-04T13:54:06.606000",0,"","","[]","public-release","",false,"","","","","","","",""
470368745,"Javier Calleja - Floating",8787668402514,"/products/javier-calleja-floating","https://avantarte.com/products/javier-calleja-floating","2026-09-14T13:01:22.929000","2024-04-05T08:48:28.757000",1600,250,"2024-04-30T14:00:00","[""print""]","draw-release","",true,"","","","","","","",""
431844118,"Cai Guo-Qiang - Snow Lotus No. 1",8722971066706,"/products/cai-guo-qiang-snow-lotus-no-1","https://avantarte.com/products/cai-guo-qiang-snow-lotus-no-1","2026-09-14T13:01:22.929000","2024-01-24T09:27:03.248000",5500,50,"2024-02-22T14:00:00","[""print""]","draw-release","",true,"","","","","","","",""
450134753,"James Jean - Woodcutter (Wood)",8768460292434,"/products/james-jean-woodcutter-wood","https://avantarte.com/products/james-jean-woodcutter-wood","2026-09-14T13:01:22.929000","2024-03-26T15:05:02.126000",15000,20,"2024-06-11T14:00:00","[""sculpture""]","private-release","",false,"","","","","","","",""
460339115,"George Condo - Framing options Prismatic Head Composition",8785580556626,"/products/framing-options-prismatic-head-composition","https://avantarte.com/products/framing-options-prismatic-head-composition","2026-09-14T13:01:22.929000","2024-03-11T17:22:31.440000",0,"","","[]","public-release","",false,"","","","","","","",""
430470346,"George Condo - Prismatic Head Composition",8687617540434,"/products/george-condo-prismatic-head-composition","https://avantarte.com/products/george-condo-prismatic-head-composition","2026-09-14T13:01:22.929000","2024-01-22T13:58:19.365000",6000,150,"2024-03-20T14:00:00","[""print""]","draw-release","2024-03-20T14:00:00",true,"","","","","","","This draw includes an extra verification step. You will receive an email with more information upon entering the draw. This step needs to be completed before the draw closes, at 2pm UK time on March 20th.",""
512207024,"Gabriel Moses - Monica, 2024 by Gabriel Moses",9256973762898,"/products/gabriel-moses-monica-2024","https://avantarte.com/products/gabriel-moses-monica-2024","2026-09-14T13:01:22.929000","2024-06-27T09:43:09.685000","","","","[""print""]","","","","Monica, 2024 by Gabriel Moses","Back turned, Monica embodies Gabriel Moses’ vision of a muse in a limited edition photographic print.

Sultry and softly-lit, Moses shrouds Monica in red. The image epitomises his ability to build timeless images that revisit the same world again and again, yet capture the individual spirit of his subjects. This image was created in close collaboration with the photographers’ model and muse, Ade. Moses set out to create an environment where she could express herself freely and counts the resulting image amongst his favourites.

Monica (2024) belongs to the series Regina, a photographic tribute by Moses to the women who have and continue to shape his world.

Credits
Styling: @gerryroryokane
Casting: @isabelbush_
Make Up: @mata_marielle
Hair: @sophie_jane_anderson
Set: @juliadiasstudio
Talent: @judith_onah @adit_priscilla
Movement Direction: @manuloca_
VFX: @tildax_x_
Production: @concretereplimited
Retouch: @_thehandofgod","","","","","",""
482369390,"JR - Framing Options | La Nascita",8864020660562,"/products/framing-options-la-nascita","https://avantarte.com/products/framing-options-la-nascita","2026-09-14T13:01:22.929000","2024-04-23T10:39:33.031000","","","","[]","public-release","",false,"","","","","","","",""
512187873,"Paul Insect - Something forbidden (Gold) by Paul Insect",9257836511570,"/products/paul-insect-something-forbidden-gold","https://avantarte.com/products/paul-insect-something-forbidden-gold","2026-09-14T13:01:22.929000","2024-06-28T08:20:57.824000","","","","[""print""]","","","","Something forbidden (Gold) is an edition of silkscreen hybrid print by Paul Insect created in close collaboration with printmakers at Make-Ready using a variety of artisanal and experimental techniques.","Pop pointillism augments an experimental silkscreen print by Paul Insect.

Masks are a core motif for Paul – a visual embodiment of his interest in identities hidden and revealed. In Something forbidden (Gold) a seamless shape laced with fluorescent pigment disguises an inscrutable face.

Printmakers at Make-Ready in London worked closely with Paul to create the print and expand the repertoire of processes and materials found in his editions to date. The result is an intricate silkscreen print finished with an array of raised dots created using 37 layers of UV-cured ink and high gloss varnish. The metallic sections of the artwork are printed using a bespoke mixture of gold powders suspended in metallic varnish to create a dynamic, twinkling surface.","","","","","",""
430473800,"George Condo - Lost In Time",8687617409362,"/products/george-condo-lost-in-time","https://avantarte.com/products/george-condo-lost-in-time","2026-09-14T13:01:22.929000","2024-01-22T13:58:32",6000,150,"2024-03-20T14:00:00","[""print""]","draw-release","2024-03-20T14:00:00",true,"","","","","","","This draw includes an extra verification step. You will receive an email with more information upon entering the draw. This step needs to be completed before the draw closes, at 2pm UK time on March 20th",""
481571310,"Peter Halley - Rising High II",8838474203474,"/products/peter-halley-rising-high-ii","https://avantarte.com/products/peter-halley-rising-high-ii","2026-09-14T13:01:22.929000","2024-04-26T15:46:37.140000",4000,40,"2024-05-21T13:00:00","[""print""]","public-release","",false,"","","","","","","",""
439207917,"Emily Xie - Guardian Lion",8736755646802,"/products/emily-xie-guardian-lion","https://avantarte.com/products/emily-xie-guardian-lion","2026-09-14T13:01:22.929000","2024-02-14T08:56:17.394000",2500,30,"2024-03-07T18:00:00","[""print""]","draw-release","",true,"","","","","","","Each print from the edition is paired with a matching NFT. Claiming instructions will be shared with collectors after launch.",""
470308025,"Javier Calleja - It wasn't me",8787668369746,"/products/javier-calleja-it-wasnt-me","https://avantarte.com/products/javier-calleja-it-wasnt-me","2026-09-14T13:01:22.929000","2024-04-05T08:48:24.121000",1600,250,"2024-04-30T14:00:00","[""print""]","draw-release","",true,"","","","","","","",""
485381700,"Asuka Anastacia Ogawa - Sleepy",8869927977298,"/products/asuka-anastacia-ogawa-sleepy","https://avantarte.com/products/asuka-anastacia-ogawa-sleepy","2026-09-14T13:01:22.929000","2024-05-07T08:25:00.562000",500,50,"2024-05-22T13:00:00","[""print""]","draw-release","",true,"","","","","","","",""
485072608,"Mickalene Thomas - Portrait of Maya #10",8871051985234,"/products/mickalene-thomas-portrait-of-maya-10","https://avantarte.com/products/mickalene-thomas-portrait-of-maya-10","2026-09-14T13:01:22.929000","2024-06-13T06:57:54.437000",795,732,"2024-06-25T17:00:00","[""print""]","timed-release","2024-06-26T17:00:00",false,"","","","","","","",""
431978168,"Ai Weiwei - Guardian",8726722543954,"/products/ai-weiwei-guardian","https://avantarte.com/products/ai-weiwei-guardian","2026-09-14T13:01:22.929000","2024-02-05T14:10:10.520000",650,1601,"2024-02-15T14:00:00","[""print""]","timed-release","2024-02-16T14:00:00",false,"","","","","","","",""
512074394,"Pejac - Hope Triptych by Pejac",9256921956690,"/products/hope-triptych","https://avantarte.com/products/hope-triptych","2026-09-14T13:01:22.929000","2024-06-13T13:39:32.443000","","","","[""print"", ""hand""]","","","","Pejac creates an edition of 1000 unique prints, based on a hospital mural painted in his hometown during the pandemic.","Three prints selected from the start, middle and end of HOPE tell the story of Pejac’s newest artwork.

HOPE is a series of 1000 unique prints which revisits a mural painted on the wall of a Spanish hospital in 2020.

Pejac created the mural to remember the tragedies inflicted by Covid-19, but also the togetherness the pandemic fostered in communities around the world. Thousands of tiny figures form the illusion of a crevice. On close inspection, the figures each have their own story, interacting with empathy and solidarity.

During a month-long residency at Make-Ready in London, Pejac reinterpreted the crevice on a blank canvas. His progress was documented, with each stage of the artwork corresponding with a unique print in a series of 1000. As a final flourish, one figure from each print is leafed in 24 carat gold leaf. In this figure, the artist hopes the viewer can see themselves shining amongst the crowd.","","","","","",""
516902046,"Wang Zhibo - 15℃, Nationalistic Optimism by the Sea by Wang Zhibo",9280819036498,"/products/wang-zhibo-15-nationalistic-optimism-by-the-sea-1","https://avantarte.com/products/wang-zhibo-15-nationalistic-optimism-by-the-sea-1","2026-09-14T13:01:22.929000","2024-07-04T09:15:08.560000","","","","[""print""]","","","","Add a limited edition silkscreen print by Wang Zhibo to your collection. 15º, Nationalistic Optimism by the Sea is inspired by the veiled complexities of a simple day at the beach.","Cool weather can’t mar a day at the beach in a surreal print by Wang Zhibo.

In 15º, Nationalistic Optimism by the Sea, an abstract figure relaxes on the sand. Behind them hangs a deep red curtain, and beyond it stand two poised poodles. By obscuring her subject Zhibo also obscures the emotional conditions of the seaside scene. Its title provides the only clue, albeit cryptic, as to what's going on.

The painting, now transformed into a silkscreen print with pearlescent highlights, was inspired by the culture shock Zhibo experienced after moving to Germany and seeing people frequent the beach whatever the weather. Observing this prompted her to reflect on how the shared experience of simple pleasures can disguise unresolved sociopolitical tensions.","","","","","",""
512061860,"Pejac - HOPE (501-625) by Pejac",9256556495186,"/products/pejac-hope-release-5","https://avantarte.com/products/pejac-hope-release-5","2026-09-14T13:01:22.929000","2024-06-13T13:39:32.443000","","","","[""print"", ""hand""]","","","","Pejac creates an edition of 1000 unique prints, based on a hospital mural painted in his hometown during the pandemic.","HOPE is a series of 1000 unique prints which revisits a mural painted on the wall of a Spanish hospital in 2020.

Pejac created the mural to remember the tragedies of Covid-19, but also the togetherness the pandemic fostered in communities around the world. Thousands of tiny figures form the illusion of a crevice. On close inspection, each has their own story, interacting with empathy and solidarity.

During a month-long residency at Make-Ready in London, Pejac reinterpreted his crevice on a blank canvas. The process was documented 1000 times. Each stage corresponds with a unique print. As a final flourish, one figure from each print is highlighted by hand with 24 carat gold leaf. In this figure, the artist hopes the viewer can see themselves shining amongst the crowd.

The images on this page show print 517/1000, selected as a representative example for prints 501-625. A minimum of 120 prints from this drop will be available at launch.","","","","","The series of 1000 unique prints has been divided into 8 drops. Within each drop, prints will be allocated at random. Discover the collaboration",""
496886454,"Mickalene Thomas - Framing Options | Maya & Interior",8924910911826,"/products/framing-options-maya-interior","https://avantarte.com/products/framing-options-maya-interior","2026-09-14T13:01:22.929000","2024-05-09T10:07:43.166000",0,"","","[]","public-release","",false,"","","","","","","",""
460339111,"George Condo - Framing options Lost in Time",8785579671890,"/products/framing-options-lost-in-time","https://avantarte.com/products/framing-options-lost-in-time","2026-09-14T13:01:22.929000","2024-03-11T17:22:31.440000",0,"","","[]","public-release","",false,"","","","","","","",""
432717854,"Benrei Huang - Minority Rules",8722971033938,"/products/benrei-huang-minority-rules","https://avantarte.com/products/benrei-huang-minority-rules","2026-09-14T13:01:22.929000","2024-02-06T16:15:09.720000",800,40,"2024-02-20T14:00:00","[""print""]","public-release","",false,"","","","","","","",""
345491904,"Hein Koh - Artist Bag",8519916552530,"/products/hein-koh-artist-bag","https://avantarte.com/products/hein-koh-artist-bag","2026-09-14T13:01:22.930000","2023-08-03T11:56:50.263000",99,250,"2023-08-03T13:00:00","[""collectible""]","public-release","",false,"","","","","","","",""
409374755,"LY - LUV Somewhere New",8654770536786,"/products/ly-luv-somewhere-new","https://avantarte.com/products/ly-luv-somewhere-new","2026-09-14T13:01:22.930000","2023-11-23T15:46:26.286000",2300,30,"2023-12-12T14:00:00","[""print""]","draw-release","",true,"","","","","","","",""
375830090,"Michaela Yearwood Dan - Just",8572205302098,"/products/michaela-yearwood-dan-just","https://avantarte.com/products/michaela-yearwood-dan-just","2026-09-14T13:01:22.930000","2023-10-04T19:48:00.981000",2800,40,"2023-10-20T13:00:00","[""print""]","public-release","",false,"","","","","","","",""
413520484,"Jake Fried - Open Eyes (Signal)",8665491210578,"/products/jake-fried-open-eyes-signal","https://avantarte.com/products/jake-fried-open-eyes-signal","2026-09-14T13:01:22.930000","2024-01-03T15:04:31.844000",2750,30,"2024-01-17T14:00:00","[""print""]","draw-release","",true,"","","","","","","Each print is paired with a matching NFT. Instructions for claiming will be shared with collectors after launch.",""
407927255,"Anish Kapoor - Out of the Dark",8652408324434,"/products/anish-kapoor-out-of-the-dark","https://avantarte.com/products/anish-kapoor-out-of-the-dark","2026-09-14T13:01:22.930000","2023-12-05T11:18:34.819000",1360,332,"2023-12-11T15:00:00","[""print""]","timed-release","2023-12-18T15:00:00",false,"","","","","","","",""
345512661,"Ripcache - Security",8520014463314,"/products/ripcache-security","https://avantarte.com/products/ripcache-security","2026-09-14T13:01:22.930000","2023-09-01T07:39:00.458000",3000,32,"2023-09-20T13:00:00","[""print""]","draw-release","",true,"","","","","","","",""
370783171,"Moe Nakamura - Inside Us",8573138829650,"/products/moe-nakamura-inside-us","https://avantarte.com/products/moe-nakamura-inside-us","2026-09-14T13:01:22.930000","2023-10-04T10:37:52.983000",8500,35,"2023-11-28T11:00:00","[""sculpture""]","private-release","",false,"","","","","","","",""
374560136,"Arghavan Khosravi - The Earring",8579796926802,"/products/arghavan-khosravi-the-earring","https://avantarte.com/products/arghavan-khosravi-the-earring","2026-09-14T13:01:22.930000","2023-09-28T13:30:39.788000",3750,25,"2023-10-23T13:00:00","[""print""]","draw-release","",true,"","","","","","","",""
384193506,"Michaela Yearwood Dan - Just (Hand-finished)",8572295053650,"/products/michaela-yearwood-dan-just-hand-finished","https://avantarte.com/products/michaela-yearwood-dan-just-hand-finished","2026-09-14T13:01:22.930000","2023-10-06T13:07:39.430000",4500,10,"2023-10-20T13:00:00","[""print"", ""hand""]","private-release","",false,"","","","","","","",""
425895410,"Matt DesLauriers - Sierra",8706428272978,"/products/matt-deslauriers-sierra","https://avantarte.com/products/matt-deslauriers-sierra","2026-09-14T13:01:22.930000","2024-02-01T09:26:39.180000",750,166,"2024-02-07T18:00:00","[""print""]","timed-release","2024-02-09T18:00:00",false,"","","","","","","Each print is accompanied with four NFTs. Each one corresponds to the bitmap of a CMYK layer in Sierra. Claiming instructions will be shared with collectors after launch. You can find the NFTs on the Opensea page here.",""
366114887,"Bridget Mullen - Headland #2",8564835713362,"/products/bridget-mullen-headland-2","https://avantarte.com/products/bridget-mullen-headland-2","2026-09-14T13:01:22.930000","2023-09-14T09:15:15.337000",2250,1,"2023-09-27T13:00:00","[""original""]","public-release","",false,"","","","","","","",""
366106694,"Bridget Mullen - Minnesotan #2",8564835647826,"/products/bridget-mullen-minnesotan-2","https://avantarte.com/products/bridget-mullen-minnesotan-2","2026-09-14T13:01:22.930000","2023-09-14T09:15:16.351000",2250,1,"2023-09-27T13:00:00","[""original""]","public-release","",false,"","","","","","","",""
366115451,"Bridget Mullen - Back #5",8564839579986,"/products/bridget-mullen-back-5","https://avantarte.com/products/bridget-mullen-back-5","2026-09-14T13:01:22.930000","2023-09-14T09:15:12.332000",2250,1,"2023-09-27T13:00:00","[""original""]","public-release","",false,"","","","","","","",""
383403189,"KOTAO TOMOZAWA - Ruki-chan (Red)",8602144244050,"/products/kotao-tomozawa-ruki-chan-red","https://avantarte.com/products/kotao-tomozawa-ruki-chan-red","2026-09-14T13:01:22.930000","2023-10-06T16:02:47",5000,20,"2023-11-08T14:00:00","[""sculpture""]","draw-release","",false,"","","","","","","",""
398663945,"Dennis Osadebe - In Search For Light",8629523972434,"/products/dennis-osadebe-in-search-for-light","https://avantarte.com/products/dennis-osadebe-in-search-for-light","2026-09-14T13:01:22.930000","2023-11-13T10:48:10.903000",850,50,"2023-11-30T14:00:00","[""print""]","draw-release","",false,"","","","","","","",""
350168372,"Paul Insect - Super Glow",8528457335122,"/products/paul-insect-super-glow","https://avantarte.com/products/paul-insect-super-glow","2026-09-14T13:01:22.930000","2023-08-09T12:39:28.295000",1250,75,"2023-09-05T13:00:00","[""print""]","draw-release","",false,"","","","","","","",""
366115434,"Bridget Mullen - Back #3",8564839612754,"/products/bridget-mullen-back-3","https://avantarte.com/products/bridget-mullen-back-3","2026-09-14T13:01:22.930000","2023-09-14T09:15:13.003000",2250,1,"2023-09-27T13:00:00","[""original""]","public-release","",false,"","","","","","","",""
391945631,"Yoon Hyup - In The City",8616612004178,"/products/yoon-hyup-in-the-city","https://avantarte.com/products/yoon-hyup-in-the-city","2026-09-14T13:01:22.930000","2023-11-03T15:00:12.721000",750,200,"2023-11-20T14:00:00","[""print""]","draw-release","",false,"","","","","","","",""
370195001,"Baldur Helgason - Menippean Satire",8572057616722,"/products/baldur-helgason-menippean-satire","https://avantarte.com/products/baldur-helgason-menippean-satire","2026-09-14T13:01:22.930000","2024-01-30T15:48:54.035000",1700,50,"2024-02-21T14:00:00","[""print""]","draw-release","",true,"","","","","","","",""
366115186,"Bridget Mullen - Under #2",8564836827474,"/products/bridget-mullen-under-2","https://avantarte.com/products/bridget-mullen-under-2","2026-09-14T13:01:22.930000","2023-09-14T09:15:14",2000,1,"2023-09-27T13:00:00","[""original""]","public-release","",false,"","","","","","","",""
369180249,"CryptoPunks - 10,000 On-Chain AP",8622831993170,"/products/cryptopunks-10000-on-chain-AP","https://avantarte.com/products/cryptopunks-10000-on-chain-AP","2026-09-14T13:01:22.930000","2023-10-25T10:06:16.440000",500,"","2023-10-26T15:00:00","[""print""]","timed-release","2023-10-28T15:00:00",false,"","","","","","","",""
401219780,"Takahiro Komuro - Sphinx - Kira",8631541006674,"/products/takahiro-komuro-sphinx-kira","https://avantarte.com/products/takahiro-komuro-sphinx-kira","2026-09-14T13:01:22.930000","2023-11-13T11:38:12.894000",6500,15,"2023-12-13T11:00:00","[""sculpture""]","private-release","",false,"","","","","","","",""
371926412,"Miwa Komatsu - The Great Harmonisation",8575215370578,"/products/miwa-komatsu-the-great-harmonisation","https://avantarte.com/products/miwa-komatsu-the-great-harmonisation","2026-09-14T13:01:22.930000","2023-09-25T08:54:00.616000",75,"","2023-10-16T13:00:00","[""collectible""]","public-release","",false,"","","","","","","",""
351689113,"SETH - Little Sower",8529278959954,"/products/seth-little-sower","https://avantarte.com/products/seth-little-sower","2026-09-14T13:01:22.930000","2023-10-06T13:39:58",3000,35,"2023-11-02T14:00:00","[""sculpture""]","public-release","",false,"","","","","","","",""
367778806,"Hiroya Kurata - Lemonhead",8558358331730,"/products/hiroya-kurata-lemonhead","https://avantarte.com/products/hiroya-kurata-lemonhead","2026-09-14T13:01:22.930000","2023-09-19T06:50:44.355000",550,40,"2023-10-03T13:00:00","[""print""]","public-release","",false,"","","","","","","",""
366115215,"Bridget Mullen - Under #3",8564838662482,"/products/bridget-mullen-under-3","https://avantarte.com/products/bridget-mullen-under-3","2026-09-14T13:01:22.930000","2023-09-14T09:15:14.011000",2000,1,"2023-09-27T13:00:00","[""original""]","public-release","",false,"","","","","","","",""
378133505,"James Jean - Descendent - Lucid Dreamer",8588400165202,"/products/james-jean-descendent-lucid-dreamer","https://avantarte.com/products/james-jean-descendent-lucid-dreamer","2026-09-14T13:01:22.930000","2023-10-10T11:22:04.013000",1000,537,"2023-10-12T16:00:00","[""sculpture""]","timed-release","2023-10-19T16:00:00",false,"","","","","","","",""
345386869,"Brian Calvin - Artist Bag",8519915569490,"/products/brian-calvin-artist-bag","https://avantarte.com/products/brian-calvin-artist-bag","2026-09-14T13:01:22.930000","2023-08-03T11:57:02.119000",99,500,"2023-08-03T13:00:00","[""collectible""]","public-release","",false,"","","","","","","",""
370787268,"Roby Dwi Antono - CLEMENTINE",8573139845458,"/products/roby-dwi-antono-clementine","https://avantarte.com/products/roby-dwi-antono-clementine","2026-09-14T13:01:22.930000","2023-10-09T12:24:13",5000,50,"2023-10-31T14:00:00","[""sculpture""]","draw-release","",false,"","","","","","","",""
414291047,"Robert Nava - Death Carrier Bunny",8669663527250,"/products/robert-nava-death-carrier-bunny","https://avantarte.com/products/robert-nava-death-carrier-bunny","2026-09-14T13:01:22.930000","2024-01-19T12:48:14.437000",6000,35,"2024-01-31T14:00:00","[""print""]","private-release","",false,"","","","","","","",""
401282991,"Gregory Crewdson - Untitled [Circle on Window]",8634943996242,"/products/gregory-crewdson-untitled-circle-on-window","https://avantarte.com/products/gregory-crewdson-untitled-circle-on-window","2026-09-14T13:01:22.930000","2023-11-08T06:56:49.484000",400,219,"2023-11-16T15:00:00","[""print""]","timed-release","2023-11-17T15:00:00",false,"","","","","","","",""
359171688,"Richard Woods - Home Globe (Pink)",8544021283154,"/products/richard-woods-home-globe-pink","https://avantarte.com/products/richard-woods-home-globe-pink","2026-09-14T13:01:22.930000","2023-09-26T08:31:45.771000",350,50,"2023-10-04T13:00:00","[""sculpture""]","public-release","",false,"","","","","","","",""
389142087,"Taylor Lee - Tubie Series",8609024770386,"/products/taylor-lee-tubie-series","https://avantarte.com/products/taylor-lee-tubie-series","2026-09-14T13:01:22.930000","2023-10-23T14:53:02.684000",900,"","2023-11-13T14:00:00","[""sculpture""]","public-release","",false,"","","","","","","",""
401282910,"Gregory Crewdson - Untitled [Ray of Light]",8634943963474,"/products/gregory-crewdson-untitled-ray-of-light","https://avantarte.com/products/gregory-crewdson-untitled-ray-of-light","2026-09-14T13:01:22.930000","2023-11-08T06:56:51.443000",400,312,"2023-11-16T15:00:00","[""print""]","timed-release","2023-11-17T15:00:00",false,"","","","","","","",""
402362105,"Giorgiko - Unacquainted Friends",8639197282642,"/products/giorgiko-unacquainted-friends","https://avantarte.com/products/giorgiko-unacquainted-friends","2026-09-14T13:01:22.930000","2023-11-23T09:12:23.145000",2750,25,"2023-12-14T14:00:00","[""sculpture""]","private-release","",false,"","","","","","","",""
352790558,"NKSIN - MY DAVID X",8526587265362,"/products/nksin-my-david-x","https://avantarte.com/products/nksin-my-david-x","2026-09-14T13:01:22.930000","2023-08-21T14:26:02.760000",900,30,"2023-09-19T10:00:00","[""print""]","public-release","",false,"","","","","","","",""
388095971,"Bony Ramirez - TORO!",8608597279058,"/products/bony-ramirez-toro","https://avantarte.com/products/bony-ramirez-toro","2026-09-14T13:01:22.930000","2023-11-01T09:38:36.186000",2900,25,"2023-11-17T14:00:00","[""print"", ""hand""]","public-release","",false,"","","","","","","",""
401015956,"Christian Rex van Minnen - Rainbow Bridge",8634214842706,"/products/christian-rex-van-minnen-rainbow-bridge","https://avantarte.com/products/christian-rex-van-minnen-rainbow-bridge","2026-09-14T13:01:22.930000","2023-11-21T10:24:18.849000",550,129,"2023-11-29T16:00:00","[""print""]","timed-release","2023-11-30T16:00:00",false,"","","","","","","",""
366115428,"Bridget Mullen - Back #2",8564839645522,"/products/bridget-mullen-back-2","https://avantarte.com/products/bridget-mullen-back-2","2026-09-14T13:01:22.930000","2023-09-14T09:15:13.321000",2250,1,"2023-09-27T13:00:00","[""original""]","public-release","",false,"","","","","","","",""
359516566,"Paul Insect - Super Luster (Gold Edition)",8532818854226,"/products/paul-insect-special-print-edition","https://avantarte.com/products/paul-insect-special-print-edition","2026-09-14T13:01:22.930000","2023-08-09T12:39:28",2250,25,"2023-09-05T13:00:00","[""print""]","private-release","",false,"","","","","","","",""
360430128,"JR - GIANTS, High jump in Rio",8548473635154,"/products/jr-giants-high-jump-in-rio","https://avantarte.com/products/jr-giants-high-jump-in-rio","2026-09-14T13:01:22.930000","2023-09-04T15:43:25.899000",6667,30,"2023-09-21T13:00:00","[""sculpture""]","public-release","",false,"","","","","","","",""
414321056,"Dawnia Darkstone - Digital Chemicals",8670822826322,"/products/dawnia-darkstone-digital-chemicals","https://avantarte.com/products/dawnia-darkstone-digital-chemicals","2026-09-14T13:01:22.930000","2024-01-17T13:54:13.452000",2000,20,"2024-01-23T14:00:00","[""print""]","draw-release","",true,"","","","","","","",""
366115443,"Bridget Mullen - Back #4",8564835811666,"/products/bridget-mullen-back-4","https://avantarte.com/products/bridget-mullen-back-4","2026-09-14T13:01:22.930000","2023-09-14T09:15:12.673000",2250,1,"2023-09-27T13:00:00","[""original""]","public-release","",false,"","","","","","","",""
366114094,"Bridget Mullen - Headland #1",8564838498642,"/products/bridget-mullen-headland-1","https://avantarte.com/products/bridget-mullen-headland-1","2026-09-14T13:01:22.930000","2023-09-14T09:15:15.697000",2250,1,"2023-09-27T13:00:00","[""original""]","public-release","",false,"","","","","","","",""
401789416,"Gregory Crewdson - Twilight Triptych",8638650417490,"/products/gregory-crewdson-twilight-triptych","https://avantarte.com/products/gregory-crewdson-twilight-triptych","2026-09-14T13:01:22.930000","2023-11-08T06:56:53.264000",1080,"","2023-11-16T15:00:00","[""print""]","timed-release","2023-11-17T15:00:00",false,"","","","","","","",""
348130037,"Marcela Flórido - BLOOM",8524987302226,"/products/marcela-florido-bloom","https://avantarte.com/products/marcela-florido-bloom","2026-09-14T13:01:22.930000","2023-08-11T09:49:08.822000",750,30,"2023-09-12T13:00:00","[""print"", ""hand""]","public-release","",false,"","","","","","","",""
370774814,"Luis Ponce - And The Absurd Was Born",8573128212818,"/products/luis-ponce-and-the-absurd-was-born","https://avantarte.com/products/luis-ponce-and-the-absurd-was-born","2026-09-14T13:01:22.930000","2023-10-24T16:02:10.674000",2350,25,"2023-11-10T14:00:00","[""print""]","draw-release","",true,"","","","","","","",""
393171661,"Tomokazu Matsuyama - Perfect All Alone Ironic",8621089390930,"/products/tomokazu-matsuyama-perfect-all-alone-ironic","https://avantarte.com/products/tomokazu-matsuyama-perfect-all-alone-ironic","2026-09-14T13:01:22.930000","2023-11-10T12:27:18.292000",5000,75,"2023-12-05T14:00:00","[""print""]","draw-release","",true,"","","","","","","",""
355011475,"Mark Whalen - Early Light",8535498817874,"/products/mark-whalen-early-light","https://avantarte.com/products/mark-whalen-early-light","2026-09-14T13:01:22.930000","2023-09-13T16:38:51.991000",1200,30,"2023-09-25T13:00:00","[""print""]","public-release","",false,"","","","","","","",""
366158441,"Bridget Mullen - Are We Building? #2",8565110014290,"/products/bridget-mullen-are-we-building-2","https://avantarte.com/products/bridget-mullen-are-we-building-2","2026-09-14T13:01:22.930000","2023-09-14T09:15:11.982000",2250,1,"2023-09-27T13:00:00","[""original""]","public-release","",false,"","","","","","","",""
366115220,"Bridget Mullen - Back #1",8564839711058,"/products/bridget-mullen-back-1","https://avantarte.com/products/bridget-mullen-back-1","2026-09-14T13:01:22.930000","2023-09-14T09:15:13.651000",2250,1,"2023-09-27T13:00:00","[""original""]","public-release","",false,"","","","","","","",""
394064115,"Alpha Centauri Kid - Warothy",8613108646226,"/products/alpha-centauri-kid-warothy","https://avantarte.com/products/alpha-centauri-kid-warothy","2026-09-14T13:01:22.930000","2023-11-03T11:39:14.721000",5000,25,"2023-11-22T14:00:00","[""print""]","draw-release","",true,"","","","","","","",""
366114916,"Bridget Mullen - Headland #3",8564839743826,"/products/bridget-mullen-headland-3","https://avantarte.com/products/bridget-mullen-headland-3","2026-09-14T13:01:22.930000","2023-09-14T09:15:15.019000",2250,1,"2023-09-27T13:00:00","[""original""]","public-release","",false,"","","","","","","",""
371926311,"Miwa Komatsu - The Entity Stirs",8575206555986,"/products/miwa-komatsu-the-entity-stirs","https://avantarte.com/products/miwa-komatsu-the-entity-stirs","2026-09-14T13:01:22.930000","2023-09-25T08:54:11.969000",1700,50,"2023-10-16T16:00:00","[""print""]","draw-release","",true,"","","","","","","",""
381534883,"Cui Jie - Shanghai Federation of Industry & Commerce Building",8599270424914,"/products/cui-jie-shanghai-federation-of-industry-commerce-building","https://avantarte.com/products/cui-jie-shanghai-federation-of-industry-commerce-building","2026-09-14T13:01:22.930000","2023-10-18T11:19:53.671000",1500,30,"2023-11-10T14:00:00","[""print"", ""hand""]","public-release","",false,"","","","","","","",""
397606397,"Barry McGee - Untitled (Hand-finished)",8610137964882,"/products/barry-mcgee-untitled-hand-finished","https://avantarte.com/products/barry-mcgee-untitled-hand-finished","2026-09-14T13:01:22.930000","2023-10-31T11:06:11.594000",3500,78,"2023-11-09T15:00:00","[""hand"", ""print""]","timed-release","2023-11-10T15:00:00",false,"","","","","","","",""
389121933,"Taylor Lee - Happy Face Strong Woman",8609026015570,"/products/taylor-lee-happy-face-strong-woman","https://avantarte.com/products/taylor-lee-happy-face-strong-woman","2026-09-14T13:01:22.930000","2023-10-23T14:52:52.207000",1300,"","2023-11-13T14:00:00","[""original"", ""sculpture""]","public-release","",false,"","","","","","","",""
397606345,"Barry McGee - Untitled",8610137997650,"/products/barry-mcgee-untitled","https://avantarte.com/products/barry-mcgee-untitled","2026-09-14T13:01:22.930000","2023-10-31T11:06:33.422000",600,430,"2023-11-09T15:00:00","[""print""]","timed-release","2023-11-10T15:00:00",false,"","","","","","","",""
366158413,"Bridget Mullen - Minnesotan #3",8565117321554,"/products/bridget-mullen-minnesotan-3","https://avantarte.com/products/bridget-mullen-minnesotan-3","2026-09-14T13:01:22.930000","2023-09-14T09:15:11.996000",2250,1,"2023-09-27T13:00:00","[""original""]","public-release","",false,"","","","","","","",""
398334686,"Snowfro - Chromie Squiggle #8107",8628286718290,"/products/snowfro-chromie-squiggle-8107","https://avantarte.com/products/snowfro-chromie-squiggle-8107","2026-09-14T13:01:22.930000","2023-11-23T09:00:19.295000",350,262,"2023-12-07T16:00:00","[""print""]","timed-release","2023-12-14T16:00:00",false,"","","","","","","",""
357226955,"Dmitri Cherniak - Ringers #962: The LACMA Iterations",8537203966290,"/products/dmitri-cherniak-ringers-962-the-lacma-iterations","https://avantarte.com/products/dmitri-cherniak-ringers-962-the-lacma-iterations","2026-09-14T13:01:22.930000","2023-09-18T11:27:39.585000",800,726,"2023-09-28T13:00:00","[""print""]","timed-release","2023-09-29T13:00:00",false,"","","","","","","",""
366111536,"Bridget Mullen - Minnesotan #1",8564835746130,"/products/bridget-mullen-minnesotan-1","https://avantarte.com/products/bridget-mullen-minnesotan-1","2026-09-14T13:01:22.930000","2023-09-14T09:15:16.007000",2250,1,"2023-09-27T13:00:00","[""original""]","public-release","",false,"","","","","","","",""
381528626,"Camilla Engström - Island Creators",8599269933394,"/products/camilla-engstroem-island-creators","https://avantarte.com/products/camilla-engstroem-island-creators","2026-09-14T13:01:22.930000","2023-10-10T09:35:35.063000",1000,50,"2023-11-07T14:00:00","[""print""]","draw-release","",true,"","","","","","","",""
423556828,"Tomás Sánchez - Inner Love",8698955596114,"/products/tomas-sanchez-inner-love","https://avantarte.com/products/tomas-sanchez-inner-love","2026-09-14T13:01:22.930000","2024-01-10T09:32:01.210000",450,630,"2024-01-18T16:00:00","[""print""]","timed-release","2024-01-19T16:00:00",false,"","","","","","","",""
367689131,"Marcus Jansen - Afro Painter",8558358233426,"/products/marcus-jansen-afro-painter","https://avantarte.com/products/marcus-jansen-afro-painter","2026-09-14T13:01:22.930000","2023-09-14T09:44:05.357000",850,45,"2023-10-05T13:00:00","[""print""]","public-release","",false,"","","","","","","",""
401282992,"Gregory Crewdson - Untitled [Man in Car with Shed]",8634944061778,"/products/gregory-crewdson-untitled-man-in-car-with-shed","https://avantarte.com/products/gregory-crewdson-untitled-man-in-car-with-shed","2026-09-14T13:01:22.930000","2023-11-08T06:56:47.388000",400,460,"2023-11-16T15:00:00","[""print""]","timed-release","2023-11-17T15:00:00",false,"","","","","","","",""
364519916,"So Youn Lee - Ready?",8558358364498,"/products/so-youn-lee-ready","https://avantarte.com/products/so-youn-lee-ready","2026-09-14T13:01:22.930000","2023-09-08T09:35:24.019000",550,50,"2023-10-10T13:00:00","[""print""]","public-release","",false,"","","","","","","",""
417170827,"William Mapan - Centrifuge",8675464479058,"/products/william-mapan-centrifuge","https://avantarte.com/products/william-mapan-centrifuge","2026-09-14T13:01:22.930000","2024-01-12T08:47:30",5000,35,"2024-01-24T14:00:00","[""print""]","draw-release","",true,"","","","","","","Each unique print is paired with an NFT of the same artwork. Prints will be allocated at random to collectors and your artwork can be revealed once you claim the NFT. Claiming instructions will be shared with collectors after launch.",""
383403606,"KOTAO TOMOZAWA - Ruki-chan (Black)",8602144178514,"/products/kotao-tomozawa-ruki-chan-black","https://avantarte.com/products/kotao-tomozawa-ruki-chan-black","2026-09-14T13:01:22.930000","2023-10-06T16:08:14.736000",5000,20,"2023-11-08T14:00:00","[""sculpture""]","draw-release","",false,"","","","","","","",""
380616534,"CryptoPunks - 10,000 On-Chain",8590254834002,"/products/cryptopunks-10000-on-chain","https://avantarte.com/products/cryptopunks-10000-on-chain","2026-09-14T13:01:22.930000","2023-10-05T08:40:52.923000",500,829,"2023-10-26T14:00:00","[""print""]","timed-release","2023-10-28T14:00:00",false,"","","","","","","",""
359167129,"Richard Woods - Home Globe (Yellow)",8544021086546,"/products/richard-woods-home-globe-yellow","https://avantarte.com/products/richard-woods-home-globe-yellow","2026-09-14T13:01:22.930000","2023-09-26T08:31:51.393000",350,50,"2023-10-04T13:00:00","[""sculpture""]","public-release","",false,"","","","","","","",""
366115188,"Bridget Mullen - Under #1",8564835877202,"/products/bridget-mullen-under-1","https://avantarte.com/products/bridget-mullen-under-1","2026-09-14T13:01:22.930000","2023-09-14T09:15:14",2000,1,"2023-09-27T13:00:00","[""original""]","public-release","",false,"","","","","","","",""
396604380,"Hideaki Kawashima - Fan (Hand-finished)",8623082733906,"/products/hideaki-kawashima-fan-hand-finished","https://avantarte.com/products/hideaki-kawashima-fan-hand-finished","2026-09-14T13:01:22.930000","2023-11-02T11:50:13.960000",2250,20,"2023-11-15T14:00:00","[""hand"", ""print""]","private-release","",false,"","","","","","","",""
389954169,"Jonny Niesche - Diamond Vibration (Caught by the fuzz)",8607317295442,"/products/jonny-niesche-diamond-vibration-caught-by-the-fuzz","https://avantarte.com/products/jonny-niesche-diamond-vibration-caught-by-the-fuzz","2026-09-14T13:01:22.930000","2023-10-23T11:57:46.094000",1700,50,"2023-11-14T14:00:00","[""print""]","draw-release","",false,"","","","","","","",""
417204806,"Yutaka Hashimoto  - Study_for_Null_Portrait of someone#166",8675464511826,"/products/yutaka-hashimoto-study_for_null_portrait-of-someone-166","https://avantarte.com/products/yutaka-hashimoto-study_for_null_portrait-of-someone-166","2026-09-14T13:01:22.930000","2024-01-05T10:14:04",500,50,"2024-01-30T14:00:00","[""print""]","public-release","",false,"","","","","","","",""
348129650,"Katherina Olschbaur - Humility and the Other One in Me",8524974489938,"/products/katherina-olschbaur-humility-and-the-other-one-in-me","https://avantarte.com/products/katherina-olschbaur-humility-and-the-other-one-in-me","2026-09-14T13:01:22.930000","2023-08-10T08:41:01.944000",800,30,"2023-09-08T13:00:00","[""print""]","public-release","",false,"","","","","","","",""
389116063,"Taylor Lee - Beach Ball Strong Woman",8609026081106,"/products/taylor-lee-beach-ball-strong-woman","https://avantarte.com/products/taylor-lee-beach-ball-strong-woman","2026-09-14T13:01:22.930000","2023-10-23T14:53:09.790000",1200,"","2023-11-13T14:00:00","[""original"", ""sculpture""]","public-release","",false,"","","","","","","",""
370822656,"Johnson Tsang - Open the Right Mind",8573139779922,"/products/johnson-tsang-open-the-right-mind","https://avantarte.com/products/johnson-tsang-open-the-right-mind","2026-09-14T13:01:22.930000","2023-09-22T14:10:21.372000",700,100,"2023-10-25T13:00:00","[""sculpture""]","draw-release","",false,"","","","","","","",""
383402584,"Devan Shimoyama - Le Mat",8599271473490,"/products/devan-shimoyama-le-mat","https://avantarte.com/products/devan-shimoyama-le-mat","2026-09-14T13:01:22.930000","2023-10-17T08:32:07.231000",1750,25,"2023-11-06T14:00:00","[""print""]","public-release","",false,"","","","","","","",""
395958640,"Hideaki Kawashima - Fan (Mishima)",8623082668370,"/products/hideaki-kawashima-fan-mishima","https://avantarte.com/products/hideaki-kawashima-fan-mishima","2026-09-14T13:01:22.930000","2023-11-02T11:48:51.355000",1000,30,"2023-11-15T14:00:00","[""print""]","public-release","",false,"","","","","","","",""
336892888,"Tahnee Lonsdale  - Dove",8500539720018,"/products/tahnee-lonsdale-dove","https://avantarte.com/products/tahnee-lonsdale-dove","2026-09-14T13:01:22.931000","2023-07-26T14:14:21.453000",1200,30,"2023-09-06T13:00:00","[""print""]","public-release","",false,"","","","","","","",""
345494899,"Neo Image Matloga - Artist Bag",8519918027090,"/products/neo-image-matloga-artist-bag","https://avantarte.com/products/neo-image-matloga-artist-bag","2026-09-14T13:01:22.931000","2023-08-03T11:56:04.561000",99,200,"2023-08-03T13:00:00","[""collectible""]","public-release","",false,"","","","","","","",""
496852080,"Hebru Brantley - Test Draw May 24 (2)",8924924346706,"/products/test-draw-may-24-2","https://avantarte.com/products/test-draw-may-24-2","2026-09-14T13:01:22.931000","2023-07-24T14:22:57.137000",1,44,"2024-05-13T19:10:00","[""print""]","draw-release","",true,"","","","","","","",""
341503637,"- pink flamingo and fairy mom",8511708987730,"/products/pink-flamingo-and-fairy-mom","https://avantarte.com/products/pink-flamingo-and-fairy-mom","2026-09-14T13:01:22.931000","2023-07-21T08:27:22.846000",3550,1,"2023-08-08T13:00:00","[""original""]","private-release","",false,"","","","","","","",""
343925988,"Szabolcs Bozó - Draw Test July 2023",8515859382610,"/products/draw-test-july-2023","https://avantarte.com/products/draw-test-july-2023","2026-09-14T13:01:22.931000","2023-07-24T14:22:57.137000",1,"","2023-07-25T13:30:00","[""print""]","draw-release","",false,"","","","","","","",""
318789564,"LY - BLOOM (XS)",8468221952338,"/products/ly-bloom-xs","https://avantarte.com/products/ly-bloom-xs","2026-09-14T13:01:22.931000","2023-06-07T16:09:07",160,"","2023-06-16T09:00:00","[""collectible""]","public-release","",false,"","","","","","","",""
337467582,"Yu Nagaba - Toy Car",8500647002450,"/products/yu-nagaba-toy-car","https://avantarte.com/products/yu-nagaba-toy-car","2026-09-14T13:01:22.931000","2023-07-18T12:03:17.673000",6000,25,"2023-08-18T10:00:00","[""sculpture""]","public-release","",false,"","","","","","","",""
343823126,"KOTAO TOMOZAWA - slime XCIX",8515625943378,"/products/kotao-tomozawa-slime-xcix","https://avantarte.com/products/kotao-tomozawa-slime-xcix","2026-09-14T13:01:22.931000","2023-07-28T11:45:21.460000",1500,40,"2023-08-31T13:00:00","[""print""]","draw-release","",true,"","","","","","","",""
319530384,"- Fournez 2",8468229914962,"/products/brice-guilbert-fournez-2","https://avantarte.com/products/brice-guilbert-fournez-2","2026-09-14T13:01:22.931000","2023-06-06T13:34:45.272000",10000,1,"2023-07-12T13:00:00","[""original""]","private-release","",false,"","","","","","","",""
345488323,"Cleon Peterson - Artist Bag",8519917502802,"/products/cleon-peterson-artist-bag","https://avantarte.com/products/cleon-peterson-artist-bag","2026-09-14T13:01:22.931000","2023-08-03T11:56:57.076000",99,500,"2023-08-03T13:00:00","[""collectible""]","public-release","",false,"","","","","","","",""
319459631,"- Fournez 1",8468229423442,"/products/brice-guilbert-fournez-1","https://avantarte.com/products/brice-guilbert-fournez-1","2026-09-14T13:01:22.931000","2023-06-06T13:34:50.591000",10000,1,"2023-07-12T13:00:00","[""original""]","private-release","",false,"","","","","","","",""
337052041,"Szabolcs Bozó - The Aquarium (Hand-finished)",8501581447506,"/products/szabolcs-bozo-the-aquarium-hand-finished","https://avantarte.com/products/szabolcs-bozo-the-aquarium-hand-finished","2026-09-14T13:01:22.931000","2023-07-19T13:29:14.452000",2250,25,"2023-08-14T10:00:00","[""print"", ""hand""]","draw-release","",true,"","","","","","","",""
341810458,"- Untitled 2",8511670747474,"/products/felicidad-moreno-untitled-2","https://avantarte.com/products/felicidad-moreno-untitled-2","2026-09-14T13:01:22.931000","2023-07-21T08:27:21.584000",4595,1,"2023-08-08T13:00:00","[""original""]","private-release","",false,"","","","","","","",""
322835654,"LY - ""LIVING WITH LUV"" Showcards (Signed set of 6)",8475187216722,"/products/ly-living-with-luv-showcards","https://avantarte.com/products/ly-living-with-luv-showcards","2026-09-14T13:01:22.931000","2023-06-16T14:32:26.601000",0,6,"2023-06-13T11:00:00","[""collectible""]","public-release","",false,"","","","","","","",""
341502991,"- Artist's apprentice",8511675269458,"/products/artists-apprentice","https://avantarte.com/products/artists-apprentice","2026-09-14T13:01:22.931000","2023-07-21T08:27:23.878000",12400,1,"2023-08-08T13:00:00","[""original""]","private-release","",false,"","","","","","","",""
341503641,"- 2104/2 МРП 2033",8511706759506,"/products/2104-2-mrp-2033","https://avantarte.com/products/2104-2-mrp-2033","2026-09-14T13:01:22.931000","2023-07-21T08:27:22.189000",5440,1,"2023-08-08T13:00:00","[""original""]","private-release","",false,"","","","","","","",""
322877783,"Jean Jullien - La Grière",8475176108370,"/products/jean-jullien-la-griere","https://avantarte.com/products/jean-jullien-la-griere","2026-09-14T13:01:22.931000","2023-06-14T15:39:05",300,339,"2023-07-05T13:00:00","[""print""]","timed-release","2023-07-06T13:00:00",false,"","","","","","","",""
324185368,"Johnson Tsang - Soul to Soul",8476543058258,"/products/johnson-tsang-soul-to-soul","https://avantarte.com/products/johnson-tsang-soul-to-soul","2026-09-14T13:01:22.931000","2023-06-14T15:12:29.838000",1000,100,"2023-07-06T13:00:00","[""sculpture""]","public-release","2023-07-06T13:00:00",false,"","","","","","","",""
341503640,"- 2117/10 МРП 2065",8511706136914,"/products/2117-10-mrp-2065","https://avantarte.com/products/2117-10-mrp-2065","2026-09-14T13:01:22.931000","2023-07-21T08:27:22.512000",4380,1,"2023-08-08T13:00:00","[""original""]","private-release","",false,"","","","","","","",""
319531098,"- Fournez 3",8468230275410,"/products/brice-guilbert-fournez-3","https://avantarte.com/products/brice-guilbert-fournez-3","2026-09-14T13:01:22.931000","2023-06-06T13:34:42.329000",10000,1,"2023-07-12T15:00:00","[""original""]","private-release","",false,"","","","","","","",""
341503364,"- ball and beach",8511708463442,"/products/ball-and-beach","https://avantarte.com/products/ball-and-beach","2026-09-14T13:01:22.931000","2023-07-21T08:27:23.201000",3890,1,"2023-08-08T13:00:00","[""original""]","private-release","",false,"","","","","","","",""
319331957,"Hebru Brantley - Free Advice (of the period)",6855602176099,"/products/free-advice-of-the-period","https://avantarte.com/products/free-advice-of-the-period","2026-09-14T13:01:22.931000","2023-06-06T10:20:12.046000",45000,8,"2022-12-01T14:00:00","[""sculpture""]","private-release","",false,"","","","","","","",""
336187338,"James Jean, Haroshi - Trespassers Verdigris",8499439698258,"/products/james-jean-haroshi-trespassers-verdigris","https://avantarte.com/products/james-jean-haroshi-trespassers-verdigris","2026-09-14T13:01:22.931000","2023-07-07T08:12:24.385000",10000,25,"2023-08-07T13:00:00","[""sculpture""]","private-release","",false,"","","","","","","",""
343436903,"Amanda Baldwin - Bell Bay",8514310832466,"/products/amanda-baldwin-bell-bay","https://avantarte.com/products/amanda-baldwin-bell-bay","2026-09-14T13:01:22.931000","2023-07-26T10:29:16.038000",800,30,"2023-08-22T13:00:00","[""print""]","public-release","",false,"","","","","","","",""
328310580,"James Jean, Haroshi - Trespassers",8481994113362,"/products/james-jean-haroshi-trespassers","https://avantarte.com/products/james-jean-haroshi-trespassers","2026-09-14T13:01:22.931000","2023-06-30T06:55:12.671000",600,200,"2023-07-20T13:00:00","[""print""]","draw-release","",true,"","","","","","","",""
341026360,"- Moth (over Goya) #8",8511582536018,"/products/moth-over-goya-8","https://avantarte.com/products/moth-over-goya-8","2026-09-14T13:01:22.931000","2023-07-21T08:27:24.531000",2320,1,"2023-08-08T13:00:00","[""original"", ""hand""]","private-release","",false,"","","","","","","",""
341503276,"- María",8511682871634,"/products/maria","https://avantarte.com/products/maria","2026-09-14T13:01:22.931000","2023-07-21T08:27:23.537000",10400,1,"2023-08-08T13:00:00","[""original""]","private-release","",false,"","","","","","","",""
341502390,"- Moth (over Goya) #6",8511660720466,"/products/moth-over-goya-6","https://avantarte.com/products/moth-over-goya-6","2026-09-14T13:01:22.931000","2023-07-21T08:27:24.211000",2320,1,"2023-08-08T13:00:00","[""original""]","private-release","",false,"","","","","","","",""
341749589,"- Untitled",8511668158802,"/products/felicidad-moreno-untitled","https://avantarte.com/products/felicidad-moreno-untitled","2026-09-14T13:01:22.931000","2023-07-21T08:27:21.864000",4595,1,"2023-08-08T13:00:00","[""original""]","private-release","",false,"","","","","","","",""
345497063,"Tschabalala Self - Artist Bag",8519918879058,"/products/tschabalala-self-artist-bag","https://avantarte.com/products/tschabalala-self-artist-bag","2026-09-14T13:01:22.931000","2023-08-03T11:54:08.459000",99,500,"2023-08-03T13:00:00","[""collectible""]","public-release","",false,"","","","","","","",""
337048973,"Szabolcs Bozó - The Aquarium",8501567717714,"/products/szabolcs-bozo-the-aquarium","https://avantarte.com/products/szabolcs-bozo-the-aquarium","2026-09-14T13:01:22.931000","2023-07-19T13:29:20.921000",1250,75,"2023-08-14T13:00:00","[""print""]","public-release","",false,"","","","","","","",""
325473940,"Jake Fried - Open Eyes (Flower)",8477382148434,"/products/jake-fried-open-eyes-flower","https://avantarte.com/products/jake-fried-open-eyes-flower","2026-09-14T13:01:22.931000","2023-06-28T09:14:03.332000",4000,20,"2023-07-25T13:00:00","[""print""]","draw-release","",false,"","","","","","","",""
291814042,"Maxwell Mustardo - Orange & Black Amphora",8364947997010,"/products/maxwell-mustardo-orange-black-amphora","https://avantarte.com/products/maxwell-mustardo-orange-black-amphora","2026-09-14T13:01:22.932000","2023-04-19T12:07:27.269000",4000,"","2023-06-01T14:00:00","[""original""]","public-release","",false,"","","","","","","",""
265538875,"Paul Insect - 6. Paul Insect Studio, 2021",6671368487011,"/products/39-paul-insect-studio-2021","https://avantarte.com/products/39-paul-insect-studio-2021","2026-09-14T13:01:22.932000","2023-02-24T10:14:31.076000",350,"","","[""original""]","private-release","",false,"","","","","","","",""
291654248,"Maxwell Mustardo - Red & Green Pitcher",8364920504658,"/products/maxwell-mustardo-red-green-pitcher","https://avantarte.com/products/maxwell-mustardo-red-green-pitcher","2026-09-14T13:01:22.932000","2023-04-19T12:07:30.955000",2500,"","2023-06-01T14:00:00","[""original""]","public-release","",false,"","","","","","","",""
291870374,"Maxwell Mustardo - Pink & Yellow Amphora 2",8364953436498,"/products/maxwell-mustardo-pink-yellow-amphora-2","https://avantarte.com/products/maxwell-mustardo-pink-yellow-amphora-2","2026-09-14T13:01:22.932000","2023-04-19T09:11:44",3000,"","2023-06-01T14:00:00","[""original""]","public-release","",false,"","","","","","","",""
279385337,"- Untitled 12",4687379202147,"/products/qi-lei-untitled-12","https://avantarte.com/products/qi-lei-untitled-12","2026-09-14T13:01:22.932000","2023-03-21T10:21:21.750000",1250,"","","[""wop""]","private-release","",false,"","","","","","","",""
291849376,"Maxwell Mustardo - Purple & Green Amphora",8364951961938,"/products/maxwell-mustardo-purple-green-amphora","https://avantarte.com/products/maxwell-mustardo-purple-green-amphora","2026-09-14T13:01:22.932000","2023-04-19T12:07:25.564000",4500,"","2023-06-01T14:00:00","[""original""]","public-release","",false,"","","","","","","",""
291720110,"Maxwell Mustardo - Safety Amphora",8364945473874,"/products/maxwell-mustardo-safety-amphora","https://avantarte.com/products/maxwell-mustardo-safety-amphora","2026-09-14T13:01:22.932000","2023-04-19T12:07:28.590000",3500,"","2023-06-01T14:00:00","[""original""]","public-release","",false,"","","","","","","",""
278456607,"- Untitled 2",4687370518627,"/products/qi-lei-untitled-2","https://avantarte.com/products/qi-lei-untitled-2","2026-09-14T13:01:22.932000","2023-03-21T10:35:10",1250,"","","[""wop""]","private-release","",false,"","","","","","","",""
349200496,"Gabrielle Garland - Anything worth having hurts a little",8526665482578,"/products/test-standard-1","https://avantarte.com/products/test-standard-1","2026-09-14T13:01:22.932000","2023-02-23T12:56:43",250,69,"2023-08-01T00:00:00","[""print""]","public-release","",false,"","","","","","","",""
272126607,"Deborah Brown - March Snowstorm",8336522838354,"/products/deborah-brown-march-snowstorm","https://avantarte.com/products/deborah-brown-march-snowstorm","2026-09-14T13:01:22.932000","2023-03-10T11:27:40.270000",600,50,"2023-04-06T13:00:00","[""print""]","public-release","",false,"","","","","","","",""
276227074,"Jenna Gribbon - Glaring Shade",8341727543634,"/products/jenna-gribbon-glaring-shade-6","https://avantarte.com/products/jenna-gribbon-glaring-shade-6","2026-09-14T13:01:22.932000","2023-03-16T15:51:50.317000",10000,"","2023-05-18T14:00:00","[""print"", ""hand""]","private-release","",false,"","","","","","","",""
291658190,"Maxwell Mustardo - Blue & Green Pitcher",8364923060562,"/products/maxwell-mustardo-blue-green-pitcher","https://avantarte.com/products/maxwell-mustardo-blue-green-pitcher","2026-09-14T13:01:22.932000","2023-04-19T12:07:30.612000",2500,"","2023-06-01T14:00:00","[""original""]","public-release","",false,"","","","","","","",""
291839765,"Maxwell Mustardo - Blue & Pink Amphora 2",8364951830866,"/products/maxwell-mustardo-blue-pink-amphora-2","https://avantarte.com/products/maxwell-mustardo-blue-pink-amphora-2","2026-09-14T13:01:22.932000","2023-04-19T12:07:25.903000",5000,"","2023-06-01T14:00:00","[""original""]","public-release","",false,"","","","","","","",""
271073001,"Paul Insect - Sweet Jar 6, 2021",6668721946723,"/products/paul-insect-sweet-jar-6-2021","https://avantarte.com/products/paul-insect-sweet-jar-6-2021","2026-09-14T13:01:22.932000","2023-02-24T10:14:31",18000,"","","[""original""]","private-release","",false,"","","","","","","",""
313569100,"Shaina McCoy - Tiff",8455468450130,"/products/shaina-mccoy-tiff","https://avantarte.com/products/shaina-mccoy-tiff","2026-09-14T13:01:22.932000","2023-06-05T09:51:34.998000",2200,25,"2023-06-21T13:00:00","[""print""]","public-release","",false,"","","","","","","",""
291664721,"Maxwell Mustardo - Pink & Yellow Teapot",8364924240210,"/products/maxwell-mustardo-pink-yellow-teapot","https://avantarte.com/products/maxwell-mustardo-pink-yellow-teapot","2026-09-14T13:01:22.932000","2023-04-19T12:07:30.284000",3000,"","2023-06-01T14:00:00","[""original""]","public-release","",false,"","","","","","","",""
314016747,"Nicolas Holiber - Painted Mask 4",8456717304146,"/products/painted-mask-4","https://avantarte.com/products/painted-mask-4","2026-09-14T13:01:22.932000","2023-05-26T13:38:05.218000",3750,1,"2023-05-26T10:00:00","[""sculpture""]","public-release","",false,"","","","","","","",""
265184304,"Paul Insect - Automaton - Kid 4 (Age 12), Halloween Dreamer, 2021",6661233541219,"/products/paul-insect-automaton-kid-4-age-12-halloween-dreamer-2021","https://avantarte.com/products/paul-insect-automaton-kid-4-age-12-halloween-dreamer-2021","2026-09-14T13:01:22.932000","2023-02-24T10:13:26.671000",12000,"","","[""original""]","private-release","",false,"","","","","","","",""
278071050,"- Untitled 11",4687378481251,"/products/qi-lei-untitled-11","https://avantarte.com/products/qi-lei-untitled-11","2026-09-14T13:01:22.932000","2023-03-21T10:28:35.881000",1250,"","","[""wop""]","private-release","",false,"","","","","","","",""
276213940,"Jenna Gribbon - Glaring Shade",8341723578706,"/products/jenna-gribbon-glaring-shade-2","https://avantarte.com/products/jenna-gribbon-glaring-shade-2","2026-09-14T13:01:22.932000","2023-03-16T15:35:42.538000",10000,"","2023-05-18T14:00:00","[""print"", ""hand""]","private-release","",false,"","","","","","","",""
320556825,"LY - I'M LUV (M)",8470485107026,"/products/ly-im-luv-m","https://avantarte.com/products/ly-im-luv-m","2026-09-14T13:01:22.932000","2023-06-07T16:09:03.994000",160,"","2023-06-16T09:00:00","[""collectible""]","public-release","",false,"","","","","","","",""
367796078,"CryptoPunks - Punk On-Chain",8590254768466,"/products/cryptopunks-punk-on-chain","https://avantarte.com/products/cryptopunks-punk-on-chain","2026-09-14T13:01:22.932000","2023-04-07T11:14:58",600,286,"2023-10-26T14:00:00","[""print""]","timed-release","2023-10-28T14:00:00",false,"","","","","","","",""
269761729,"- Untitled (Thoughts Safari), 2015",6593094582371,"/products/marius-bercea-untitled-2-thoughts-safari-2015","https://avantarte.com/products/marius-bercea-untitled-2-thoughts-safari-2015","2026-09-14T13:01:22.932000","2023-02-24T10:14:31",5500,"","","[""wop""]","private-release","",false,"","","","","","","",""
291805479,"Maxwell Mustardo - Blue & Orange Amphora 2",8364946784594,"/products/maxwell-mustardo-blue-orange-amphora-2","https://avantarte.com/products/maxwell-mustardo-blue-orange-amphora-2","2026-09-14T13:01:22.932000","2023-04-19T12:07:27.939000",3500,"","2023-06-01T14:00:00","[""original""]","public-release","",false,"","","","","","","",""
299828046,"Danielle Orchard - A Warm Garden",8430846411090,"/products/danielle-orchard-a-warm-garden","https://avantarte.com/products/danielle-orchard-a-warm-garden","2026-09-14T13:01:22.932000","2023-05-24T07:37:28.218000",850,50,"2023-06-14T13:00:00","[""print""]","public-release","",false,"","","","","","","",""
317843262,"Elizabeth Peyton  - Mai (Afterlife) after Sir Joshua Reynolds' Portrait of Mai (Omai), 1776 and Frederick Douglass, 1850",8466144362834,"/products/elizabeth-peyton-mai-afterlife-after-sir-joshua-reynoldss-portrait-of-mai-1776-and-frederick-douglass-1850","https://avantarte.com/products/elizabeth-peyton-mai-afterlife-after-sir-joshua-reynoldss-portrait-of-mai-1776-and-frederick-douglass-1850","2026-09-14T13:01:22.932000","2023-06-09T14:12:47",2000,"","2023-06-19T13:00:00","[""print""]","timed-release","2023-06-26T13:00:00",false,"","","","","","","",""
320446885,"LY - BLOOM (L)",8470051094866,"/products/ly-bloom-l","https://avantarte.com/products/ly-bloom-l","2026-09-14T13:01:22.932000","2023-06-07T16:09:07",160,"","2023-06-16T09:00:00","[""collectible""]","public-release","",false,"","","","","","","",""
301041242,"Aaron Johnson  - Suburban Dreams",8433458020690,"/products/aaron-johnson-suburban-dreams","https://avantarte.com/products/aaron-johnson-suburban-dreams","2026-09-14T13:01:22.932000","2023-05-04T10:52:58.186000",1000,30,"2023-05-31T13:00:00","[""print""]","public-release","",false,"","","","","","","",""
314016098,"Nicolas Holiber - Painted Mask 3",8456716943698,"/products/painted-mask-3","https://avantarte.com/products/painted-mask-3","2026-09-14T13:01:22.932000","2023-05-26T13:37:56.800000",3750,1,"2023-05-26T10:00:00","[""sculpture""]","public-release","",false,"","","","","","","",""
290718027,"Sarah Morris - Industry (Spiderweb)",6795203051619,"/products/sarah-morris-industry-spiderweb","https://avantarte.com/products/sarah-morris-industry-spiderweb","2026-09-14T13:01:22.932000","2023-04-20T06:46:20.044000",3500,50,"2023-05-05T13:00:00","[""print""]","public-release","",false,"","","","","","","",""
288813072,"Keita Morimoto - Cityscape",8360984281426,"/products/cityscape","https://avantarte.com/products/cityscape","2026-09-14T13:01:22.932000","2023-04-11T11:24:08.408000",800,35,"2023-05-04T13:00:00","[""print""]","draw-release","",true,"","","","","","","",""
291864207,"Maxwell Mustardo - Blue Amphora",8364953010514,"/products/maxwell-mustardo-blue-amphora","https://avantarte.com/products/maxwell-mustardo-blue-amphora","2026-09-14T13:01:22.932000","2023-04-19T12:07:24.576000",4500,"","2023-06-01T14:00:00","[""original""]","public-release","",false,"","","","","","","",""
276221381,"Jenna Gribbon - Glaring Shade",8341726822738,"/products/jenna-gribbon-glaring-shade-4","https://avantarte.com/products/jenna-gribbon-glaring-shade-4","2026-09-14T13:01:22.932000","2023-03-16T15:44:02.163000",10000,"","2023-05-18T13:00:00","[""print"", ""hand""]","private-release","",false,"","","","","","","",""
291754722,"Maxwell Mustardo - Blurple Amphora",8364945834322,"/products/maxwell-mustardo-blurple-amphora","https://avantarte.com/products/maxwell-mustardo-blurple-amphora","2026-09-14T13:01:22.932000","2023-04-19T12:07:28.256000",3500,"","2023-06-01T14:00:00","[""original""]","public-release","",false,"","","","","","","",""
296999095,"Deborah Segun - Sweet Bloom (Purple)",8425058238802,"/products/deborah-segun-sweet-bloom-purple","https://avantarte.com/products/deborah-segun-sweet-bloom-purple","2026-09-14T13:01:22.932000","2023-04-28T16:14:04",600,10,"2023-05-23T13:00:00","[""print""]","public-release","",false,"","","","","","","",""
320557680,"LY - I'M LUV (XL)",8470488383826,"/products/ly-im-luv-xl","https://avantarte.com/products/ly-im-luv-xl","2026-09-14T13:01:22.932000","2023-06-07T16:09:03",160,"","2023-06-16T09:00:00","[""collectible""]","public-release","",false,"","","","","","","",""
271074773,"Paul Insect - Eyes on Paper NL1, 2021",6661516230755,"/products/paul-insect-eyes-on-paper-nl1-2021","https://avantarte.com/products/paul-insect-eyes-on-paper-nl1-2021","2026-09-14T13:01:22.932000","2023-02-24T10:14:31",6000,"","","[""original""]","private-release","",false,"","","","","","","",""
275606950,"Takeru Amano - Venus",8340734509394,"/products/takeru-amano-venus","https://avantarte.com/products/takeru-amano-venus","2026-09-14T13:01:22.932000","2023-03-21T14:44:49.021000",500,100,"2023-04-11T10:00:00","[""print""]","public-release","",false,"","","","","","","",""
277961658,"- The Definition of Arrogance",4788046725219,"/products/the-definition-of-arrogance","https://avantarte.com/products/the-definition-of-arrogance","2026-09-14T13:01:22.932000","2023-03-21T10:28:21.759000",13200,"","","[""wop""]","private-release","",false,"","","","","","","",""
270573383,"Gabrielle Garland - Once in my Life (diptych)",6897712103523,"/products/test-gg","https://avantarte.com/products/test-gg","2026-09-14T13:01:22.932000","2023-02-23T12:56:43.575000",250,"","2023-03-09T14:00:00","[""print""]","timed-release","2023-03-10T14:00:00",false,"","","","","","","",""
317833610,"Elizabeth Peyton  - Frederick Douglass, 1850",8454797394258,"/products/elizabeth-peyton-frederick-douglass-1850","https://avantarte.com/products/elizabeth-peyton-frederick-douglass-1850","2026-09-14T13:01:22.932000","2023-06-09T14:12:59.549000",1000,"","2023-06-19T13:00:00","[""print""]","timed-release","2023-06-26T13:00:00",false,"","","","","","","",""
320446729,"LY - BLOOM (M)",8470050570578,"/products/ly-bloom-m","https://avantarte.com/products/ly-bloom-m","2026-09-14T13:01:22.932000","2023-06-07T16:09:07",160,"","2023-06-16T09:00:00","[""collectible""]","public-release","",false,"","","","","","","",""
280622516,"Ai Weiwei - Human Flow",8343423222098,"/products/ai-weiwei-human-flow","https://avantarte.com/products/ai-weiwei-human-flow","2026-09-14T13:01:22.932000","2023-03-14T15:08:15.291000",1250,100,"2023-05-11T13:00:00","[""print""]","public-release","",false,"","","","","","","",""
271067297,"Paul Insect - Mixed Media, 2021",6660737368163,"/products/paul-insect-mixed-media-2021","https://avantarte.com/products/paul-insect-mixed-media-2021","2026-09-14T13:01:22.932000","2023-02-24T10:14:31",12000,"","","[""original""]","private-release","",false,"","","","","","","",""
280808524,"Ai Weiwei - Glass Vase",8343472079186,"/products/ai-weiwei-glass-vase","https://avantarte.com/products/ai-weiwei-glass-vase","2026-09-14T13:01:22.932000","2023-03-14T15:08:15.291000",800,300,"2023-07-26T13:00:00","[""sculpture""]","public-release","",false,"","","","","","","",""
291818876,"Maxwell Mustardo - Blue & Pink Amphora",8364948816210,"/products/maxwell-mustardo-blue-pink-amphora","https://avantarte.com/products/maxwell-mustardo-blue-pink-amphora","2026-09-14T13:01:22.932000","2023-04-19T12:07:26.909000",4000,"","2023-06-01T14:00:00","[""original""]","public-release","",false,"","","","","","","",""
269819124,"Alice Brasser - Streetcorner",6897474076771,"/products/alice-brasser-streetcorner","https://avantarte.com/products/alice-brasser-streetcorner","2026-09-14T13:01:22.932000","2023-03-02T17:24:39.043000",435,1,"2023-03-06T17:00:00","[""original""]","public-release","",false,"","","","","","","",""
279153458,"Javier Calleja - Once",8342558343506,"/products/test-gg-2","https://avantarte.com/products/test-gg-2","2026-09-14T13:01:22.932000","2023-03-15T08:54:29.714000",600,"","2023-03-23T15:00:00","[""print""]","timed-release","2023-03-24T15:00:00",false,"","","","","","","",""
280618017,"Ai Weiwei - Middle Finger in Black",8343420338514,"/products/ai-weiwei-middle-finger-in-black","https://avantarte.com/products/ai-weiwei-middle-finger-in-black","2026-09-14T13:01:22.932000","2023-03-14T15:08:15.291000",900,100,"2023-05-11T13:00:00","[""print""]","public-release","",false,"","","","","","","",""
271952699,"Ai Weiwei - Middle Finger in Red",8336487842130,"/products/ai-weiwei-middle-finger-in-red","https://avantarte.com/products/ai-weiwei-middle-finger-in-red","2026-09-14T13:01:22.932000","2023-03-14T15:08:15.291000",410,1285,"2023-03-30T14:00:00","[""print""]","timed-release","2023-03-31T14:00:00",false,"","","","","","","",""
278474253,"- Untitled 3",4687372386403,"/products/qi-lei-untitled-3","https://avantarte.com/products/qi-lei-untitled-3","2026-09-14T13:01:22.932000","2023-03-21T10:35:24.925000",1250,"","","[""wop""]","private-release","",false,"","","","","","","",""
259464212,"Yu Nagaba - Fishbowl",6891673550947,"/products/yu-nagaba-fishbowl","https://avantarte.com/products/yu-nagaba-fishbowl","2026-09-14T13:01:22.932000","2023-02-22T08:00:23.394000",300,"","2023-03-02T09:00:00","[""print""]","timed-release","2023-03-03T09:00:00",false,"","","","","","","",""
310413857,"LY - LIVING WITH LUV",8449034027346,"/products/ly-living-with-luv","https://avantarte.com/products/ly-living-with-luv","2026-09-14T13:01:22.932000","2023-05-25T06:54:20.451000",4000,50,"2023-06-16T10:00:00","[""sculpture""]","public-release","",false,"","","","","","","",""
310413826,"LY - LUV'S BURGERS",8449034092882,"/products/ly-luvs-burgers","https://avantarte.com/products/ly-luvs-burgers","2026-09-14T13:01:22.932000","2023-05-25T06:54:22.416000",4000,50,"2023-06-16T10:00:00","[""sculpture""]","public-release","",false,"","","","","","","",""
368978401,"Gabrielle Garland - Test Ringers",8571117076818,"/products/test-ringers-962-the-lacma-iterations","https://avantarte.com/products/test-ringers-962-the-lacma-iterations","2026-09-14T13:01:22.932000","2023-02-23T12:56:43",1.32,500,"2023-03-01T00:00:00","[""print""]","timed-release","2024-04-30T00:54:00",false,"","","","","","","",""
260381467,"Joakim Ojanen - SPENDING THE DAY ON A STONE (Pink)",6887570309219,"/products/joakim-ojanen-spending-the-day-on-a-stone-pink","https://avantarte.com/products/joakim-ojanen-spending-the-day-on-a-stone-pink","2026-09-14T13:01:22.932000","2023-02-16T11:20:55.886000",10000,8,"2023-03-14T14:00:00","[""sculpture""]","public-release","",false,"","","","","","","",""
291859612,"Maxwell Mustardo - Blue & Green Amphora 3",8364952125778,"/products/maxwell-mustardo-blue-green-amphora-3","https://avantarte.com/products/maxwell-mustardo-blue-green-amphora-3","2026-09-14T13:01:22.932000","2023-04-19T12:07:25.234000",4500,"","2023-06-01T14:00:00","[""original""]","public-release","",false,"","","","","","","",""
281015394,"Katie Hector - Ecstacy",8343312990546,"/products/katie-hector-ecstacy","https://avantarte.com/products/katie-hector-ecstacy","2026-09-14T13:01:22.932000","2023-03-27T16:47:34.296000",1700,"","2023-04-19T13:00:00","[""studioworks""]","public-release","",false,"","","","","","","",""
308634297,"José Parlá - Seeing in Phosphene",8446785683794,"/products/seeing-in-test","https://avantarte.com/products/seeing-in-test","2026-09-14T13:01:22.932000","2023-05-04T09:02:28.911000",550,"","2023-05-17T09:55:00","[""print""]","timed-release","2024-10-31T19:00:00",false,"","","","","","","",""
269504032,"b.wing - Natalie",6781392486499,"/products/natalie","https://avantarte.com/products/natalie","2026-09-14T13:01:22.932000","2023-02-24T10:14:31.076000",3470,"","","[""original""]","private-release","",false,"","","","","","","",""
314017324,"Nicolas Holiber - Painted Mask 5",8456720220498,"/products/painted-mask-5","https://avantarte.com/products/painted-mask-5","2026-09-14T13:01:22.932000","2023-05-26T13:38:14.575000",3750,1,"2023-05-26T10:00:00","[""sculpture""]","public-release","",false,"","","","","","","",""
269776006,"- Untitled (Thoughts Safari), 2015",6593092124771,"/products/marius-bercea-untitled-3-thoughts-safari-2015","https://avantarte.com/products/marius-bercea-untitled-3-thoughts-safari-2015","2026-09-14T13:01:22.932000","2023-02-24T10:14:31",5500,"","","[""wop""]","private-release","",false,"","","","","","","",""
251116201,"Chris Huen Sin Kan - Joel, Tess and Haze",6885497438307,"/products/chris-huen-sin-kan-joel-tess-and-haze","https://avantarte.com/products/chris-huen-sin-kan-joel-tess-and-haze","2026-09-14T13:01:22.932000","2023-02-08T10:07:35.272000",4000,25,"2023-03-21T14:00:00","[""print""]","public-release","",false,"","","","","","","",""
291444969,"Maxwell Mustardo - Blue & Pink Mug",8364910248274,"/products/maxwell-mustardo-blue-pink-mug","https://avantarte.com/products/maxwell-mustardo-blue-pink-mug","2026-09-14T13:01:22.932000","2023-04-19T12:07:31.962000",1000,"","2023-06-01T14:00:00","[""original""]","public-release","",false,"","","","","","","",""
276255917,"Jenna Gribbon - Glaring Shade",8341734785362,"/products/jenna-gribbon-glaring-shade-11","https://avantarte.com/products/jenna-gribbon-glaring-shade-11","2026-09-14T13:01:22.932000","2023-03-16T15:56:43.535000",10000,"","2023-05-18T14:00:00","[""print"", ""hand""]","private-release","",false,"","","","","","","",""
291463042,"Maxwell Mustardo - Orange & Pink Amphora",8364915556690,"/products/maxwell-mustardo-orange-pink-amphora","https://avantarte.com/products/maxwell-mustardo-orange-pink-amphora","2026-09-14T13:01:22.932000","2023-04-19T12:07:31.621000",2500,"","2023-06-01T14:00:00","[""original""]","public-release","",false,"","","","","","","",""
312962222,"Elizabeth Peyton  - Mai (Afterlife) after Sir Joshua Reynolds' Portrait of Mai (Omai), 1776",8454784581970,"/products/elizabeth-peyton-mai-afterlife-after-sir-joshua-reynoldss-portrait-of-mai-1776","https://avantarte.com/products/elizabeth-peyton-mai-afterlife-after-sir-joshua-reynoldss-portrait-of-mai-1776","2026-09-14T13:01:22.932000","2023-06-05T16:09:00",1000,"","2023-06-19T13:00:00","[""print""]","timed-release","2023-06-26T13:00:00",false,"","","","","","","",""
295041473,"José Parlá - Seeing in Phosphene",8371364331858,"/products/jose-parla-seeing-in-phosphene","https://avantarte.com/products/jose-parla-seeing-in-phosphene","2026-09-14T13:01:22.932000","2023-05-04T09:02:28.911000",550,380,"2023-05-17T13:00:00","[""print""]","timed-release","2023-05-18T13:00:00",false,"","","","","","","",""
280340318,"Minhee Kim - LANGLEY",8343315775826,"/products/minhee-kim-langley","https://avantarte.com/products/minhee-kim-langley","2026-09-14T13:01:22.932000","2023-03-27T16:53:04.860000",1300,"","2023-04-19T13:00:00","[""studioworks""]","public-release","",false,"","","","","","","",""
291863361,"Maxwell Mustardo - Blue & Pink Amphora 3",8364952584530,"/products/maxwell-mustardo-blue-pink-amphora-3","https://avantarte.com/products/maxwell-mustardo-blue-pink-amphora-3","2026-09-14T13:01:22.932000","2023-04-19T12:07:24.905000",4500,"","2023-06-01T14:00:00","[""original""]","public-release","",false,"","","","","","","",""
320557122,"LY - I'M LUV (L)",8470486450514,"/products/ly-im-luv-l","https://avantarte.com/products/ly-im-luv-l","2026-09-14T13:01:22.932000","2023-06-07T16:09:03",160,"","2023-06-16T09:00:00","[""collectible""]","public-release","",false,"","","","","","","",""
257205123,"Hikari Shimoda - Children of this Planet #38",6889750659171,"/products/hikari-shimoda-children-of-this-planet-38","https://avantarte.com/products/hikari-shimoda-children-of-this-planet-38","2026-09-14T13:01:22.932000","2023-03-20T08:54:00.199000",3000,50,"2023-04-20T13:00:00","[""sculpture""]","public-release","",false,"","","","","","","",""
262186243,"Javier Calleja - Once",6893710934115,"/products/javier-calleja-once","https://avantarte.com/products/javier-calleja-once","2026-09-14T13:01:22.932000","2023-03-15T08:54:29.714000",600,980,"2023-03-23T15:00:00","[""print""]","timed-release","2023-03-24T15:00:00",false,"","","","","","","",""
276241126,"Jenna Gribbon - Glaring Shade",8341729837394,"/products/jenna-gribbon-glaring-shade-8","https://avantarte.com/products/jenna-gribbon-glaring-shade-8","2026-09-14T13:01:22.932000","2023-03-16T15:53:54.101000",10000,"","2023-05-18T14:00:00","[""print"", ""hand""]","private-release","",false,"","","","","","","",""
303068550,"Marina Perez Simão - Untitled",8438148694354,"/products/marina-perez-simao-untitled","https://avantarte.com/products/marina-perez-simao-untitled","2026-09-14T13:01:22.932000","2023-05-16T09:51:12.651000",2500,50,"2023-06-16T13:00:00","[""print""]","public-release","",false,"","","","","","","",""
276260583,"Jenna Gribbon - Glaring Shade",8341735965010,"/products/jenna-gribbon-glaring-shade-13","https://avantarte.com/products/jenna-gribbon-glaring-shade-13","2026-09-14T13:01:22.932000","2023-03-16T16:01:49.476000",10000,"","2023-05-18T14:00:00","[""print"", ""hand""]","private-release","",false,"","","","","","","",""
269081070,"Javier Calleja - in my Life",6893711655011,"/products/javier-calleja-in-my-life","https://avantarte.com/products/javier-calleja-in-my-life","2026-09-14T13:01:22.932000","2023-03-15T08:54:35.166000",600,970,"2023-03-23T15:00:00","[""print""]","timed-release","2023-03-24T15:00:00",false,"","","","","","","",""
281015447,"Kpe Innocent - Big Steps",8343314399570,"/products/kpe-innocent-big-steps","https://avantarte.com/products/kpe-innocent-big-steps","2026-09-14T13:01:22.932000","2023-03-27T16:45:39.368000",1080,"","2023-04-19T13:00:00","[""studioworks""]","public-release","",false,"","","","","","","",""
280620684,"Ai Weiwei - Free Speech",8343424336210,"/products/ai-weiwei-free-speech","https://avantarte.com/products/ai-weiwei-free-speech","2026-09-14T13:01:22.932000","2023-03-14T15:08:15.291000",1200,100,"2023-05-11T13:00:00","[""print""]","public-release","",false,"","","","","","","",""
264543824,"Paul Insect - 52. Paul Insect Studio, 2021",6671373238371,"/products/52-paul-insect-studio-2021","https://avantarte.com/products/52-paul-insect-studio-2021","2026-09-14T13:01:22.932000","2023-02-24T10:13:15.106000",350,"","","[""original""]","private-release","",false,"","","","","","","",""
271914099,"Rooo Lou - Earnest",6895375810659,"/products/rooo-lou-earnest","https://avantarte.com/products/rooo-lou-earnest","2026-09-14T13:01:22.932000","2023-03-07T17:43:45.597000",500,30,"2023-04-05T13:00:00","[""print""]","public-release","",false,"","","","","","","",""
290957819,"Maxwell Mustardo - Pink & Orange Mug",8364892946770,"/products/maxwell-mustardo-pink-orange-mug","https://avantarte.com/products/maxwell-mustardo-pink-orange-mug","2026-09-14T13:01:22.932000","2023-04-19T12:07:32.298000",1000,"","2023-06-01T13:00:00","[""sculpture"", ""original""]","public-release","",false,"","","","","","","",""
319156258,"LY - I'M LUV (XS)",8468690698578,"/products/ly-im-luv-xs","https://avantarte.com/products/ly-im-luv-xs","2026-09-14T13:01:22.932000","2023-06-07T16:09:03.994000",160,"","2023-06-16T09:00:00","[""collectible""]","public-release","",false,"","","","","","","",""
291710131,"Maxwell Mustardo - Blue & Pink Teapot",8364932104530,"/products/maxwell-mustardo-blue-pink-teapot","https://avantarte.com/products/maxwell-mustardo-blue-pink-teapot","2026-09-14T13:01:22.932000","2023-04-19T12:07:29.260000",3000,"","2023-06-01T14:00:00","[""original""]","public-release","",false,"","","","","","","",""
298321694,"Aaron Johnson  - Test NFT print",8428288049490,"/products/test-nft-print","https://avantarte.com/products/test-nft-print","2026-09-14T13:01:22.932000","2023-04-07T11:14:58.220000",750,"","2023-04-28T15:00:00","[""print""]","timed-release","2023-04-30T15:00:00",false,"","","","","","","",""
315564111,"Grant Riven Yun - Park",8462440464722,"/products/grant-riven-yun-park","https://avantarte.com/products/grant-riven-yun-park","2026-09-14T13:01:22.932000","2023-06-09T09:46:35.958000","",1,"2023-06-27T14:00:00","[""print""]","private-release","",false,"","","","","","","",""
269081074,"Javier Calleja - Once in my Life (diptych)",6893711687779,"/products/javier-calleja-once-in-my-life","https://avantarte.com/products/javier-calleja-once-in-my-life","2026-09-14T13:01:22.932000","2023-03-15T08:54:24.412000",600,"","2023-03-23T15:00:00","[""print""]","timed-release","2023-03-24T15:00:00",false,"","","","","","","",""
280343077,"Minhee Kim - TERESA",8343316169042,"/products/minhee-kim-teresa","https://avantarte.com/products/minhee-kim-teresa","2026-09-14T13:01:22.932000","2023-03-27T16:53:01.517000",1300,"","2023-04-19T13:00:00","[""studioworks""]","public-release","",false,"","","","","","","",""
291810311,"Maxwell Mustardo - Orange & Pink Amphora 2",8364947472722,"/products/maxwell-mustardo-orange-pink-amphora-2","https://avantarte.com/products/maxwell-mustardo-orange-pink-amphora-2","2026-09-14T13:01:22.932000","2023-04-19T12:07:27.598000",3500,"","2023-06-01T14:00:00","[""original""]","public-release","",false,"","","","","","","",""
281015445,"Kpe Innocent - Daily Provision",8343313744210,"/products/kpe-innocent-daily-provision","https://avantarte.com/products/kpe-innocent-daily-provision","2026-09-14T13:01:22.932000","2023-03-24T13:28:58.972000",1080,"","2023-04-19T13:00:00","[""studioworks""]","public-release","",false,"","","","","","","",""
276241270,"Jenna Gribbon - Glaring Shade",8341730132306,"/products/jenna-gribbon-glaring-shade-9","https://avantarte.com/products/jenna-gribbon-glaring-shade-9","2026-09-14T13:01:22.932000","2023-03-16T15:54:58.533000",10000,"","2023-05-18T14:00:00","[""print"", ""hand""]","private-release","",false,"","","","","","","",""
296998364,"Deborah Segun - Sweet Bloom (Blue)",8425058402642,"/products/deborah-segun-sweet-bloom-blue","https://avantarte.com/products/deborah-segun-sweet-bloom-blue","2026-09-14T13:01:22.932000","2023-04-28T16:14:08.702000",600,10,"2023-05-23T13:00:00","[""print""]","public-release","",false,"","","","","","","",""
310414780,"LY - LUV'S DOG ""PARK""",8449033929042,"/products/ly-luvs-dog-park","https://avantarte.com/products/ly-luvs-dog-park","2026-09-14T13:01:22.932000","2023-05-25T06:54:18.865000",500,250,"2023-06-16T10:00:00","[""collectible""]","public-release","",false,"","","","","","","",""
324513564,"Paul Insect - Automaton - Kid 4 (Age 12), Halloween Dreamer, 2021",6661230723171,"/products/paul-insect-automaton-kid-2-aged-11-pi-the-dreamer-2021","https://avantarte.com/products/paul-insect-automaton-kid-2-aged-11-pi-the-dreamer-2021","2026-09-14T13:01:22.932000","2023-02-24T10:13:26.671000",10000,"","","[""original""]","private-release","",false,"","","","","","","",""
281164559,"Pablo Tomek - Shotgun 2",8343315513682,"/products/pablo-tomek-shotgun-2","https://avantarte.com/products/pablo-tomek-shotgun-2","2026-09-14T13:01:22.932000","2023-03-24T14:26:58.727000",6000,"","2023-04-19T14:00:00","[""studioworks""]","public-release","",false,"","","","","","","",""
269803880,"Alice Brasser - Nightview - Crossroads",6897474273379,"/products/alice-brasser-nightview-crossroads","https://avantarte.com/products/alice-brasser-nightview-crossroads","2026-09-14T13:01:22.932000","2023-03-02T17:25:12.208000",435,1,"2023-03-06T17:00:00","[""original""]","public-release","",false,"","","","","","","",""
259463643,"Gabrielle Garland - Anything worth having hurts a little",6891673354339,"/products/gabrielle-garland-anything-worth-having-hurts-a-little","https://avantarte.com/products/gabrielle-garland-anything-worth-having-hurts-a-little","2026-09-14T13:01:22.932000","2023-02-23T12:56:43.575000",250,170,"2023-03-09T14:00:00","[""print""]","timed-release","2023-03-10T14:00:00",false,"","","","","","","",""
320446727,"LY - BLOOM (S)",8470050111826,"/products/ly-bloom-s","https://avantarte.com/products/ly-bloom-s","2026-09-14T13:01:22.932000","2023-06-07T16:09:07.235000",160,"","2023-06-16T09:00:00","[""collectible""]","public-release","",false,"","","","","","","",""
255151696,"Michael Kagan - Moonwalker",6855605190755,"/products/michael-kagan-moonwalker","https://avantarte.com/products/michael-kagan-moonwalker","2026-09-14T13:01:22.932000","2023-03-13T17:13:46.602000",7000,25,"2023-03-15T14:00:00","[""print""]","private-release","",false,"","","","","","","",""
271100120,"Dmitri Cherniak - Ringers",8262791430482,"/products/test-stripe-1","https://avantarte.com/products/test-stripe-1","2026-09-14T13:01:22.932000","2023-02-23T12:56:43",250,"","2023-03-09T14:00:00","[""print""]","timed-release","2023-03-10T14:00:00",false,"","","","","","","",""
291702503,"Maxwell Mustardo - Blue & Orange Amphora",8364929122642,"/products/maxwell-mustardo-blue-orange-amphora","https://avantarte.com/products/maxwell-mustardo-blue-orange-amphora","2026-09-14T13:01:22.932000","2023-04-19T12:07:29.596000",3000,"","2023-06-01T14:00:00","[""original""]","public-release","",false,"","","","","","","",""
296998870,"Deborah Segun - Sweet Bloom (Yellow)",8425060925778,"/products/deborah-segun-sweet-bloom-yellow","https://avantarte.com/products/deborah-segun-sweet-bloom-yellow","2026-09-14T13:01:22.932000","2023-04-28T16:14:00.317000",600,10,"2023-05-23T13:00:00","[""print""]","public-release","",false,"","","","","","","",""
314016092,"Nicolas Holiber - Painted Mask 2",8456716091730,"/products/painted-mask-2","https://avantarte.com/products/painted-mask-2","2026-09-14T13:01:22.932000","2023-05-26T13:37:48.157000",3750,1,"2023-05-26T10:00:00","[""sculpture""]","public-release","",false,"","","","","","","",""
265536638,"Paul Insect - 35. Paul Insect Studio, 2021",6671366848611,"/products/35-paul-insect-studio-2021","https://avantarte.com/products/35-paul-insect-studio-2021","2026-09-14T13:01:22.932000","2023-02-24T10:13:58.842000",350,"","","[""original""]","private-release","",false,"","","","","","","",""
276224102,"Jenna Gribbon - Glaring Shade",8341727248722,"/products/jenna-gribbon-glaring-shade-5","https://avantarte.com/products/jenna-gribbon-glaring-shade-5","2026-09-14T13:01:22.932000","2023-03-16T15:49:34.512000",10000,"","2023-05-18T14:00:00","[""print"", ""hand""]","private-release","",false,"","","","","","","",""
310437053,"Ryan Travis Christian - CHATTE PARFAITE",8449070596434,"/products/ryan-travis-christian-chatte-parfaite","https://avantarte.com/products/ryan-travis-christian-chatte-parfaite","2026-09-14T13:01:22.932000","2023-05-25T18:00:25.317000",5000,30,"2023-06-20T14:00:00","[""sculpture""]","public-release","",false,"","","","","","","",""
269505376,"Shannon Bono - Inside the erotic I, 2021",6597387944035,"/products/shannon-bono-inside-the-erotic-i-2021","https://avantarte.com/products/shannon-bono-inside-the-erotic-i-2021","2026-09-14T13:01:22.932000","2023-02-24T10:14:31",550,"","","[""wop""]","private-release","",false,"","","","","","","",""
309181865,"Christian Rex van Minnen - Strawberry Tears",8447769346386,"/products/christian-rex-van-minnen-strawberry-tears","https://avantarte.com/products/christian-rex-van-minnen-strawberry-tears","2026-09-14T13:01:22.932000","2023-05-19T15:23:35.679000",2500,25,"2023-06-06T13:00:00","[""print""]","public-release","",false,"","","","","","","",""
278622696,"- Untitled 6",4687376351331,"/products/qi-lei-untitled-6","https://avantarte.com/products/qi-lei-untitled-6","2026-09-14T13:01:22.932000","2023-03-21T10:35:36.105000",1250,"","","[""wop""]","private-release","",false,"","","","","","","",""
253695376,"Nina Chanel Abney  - Super Cool World print",6886872612963,"/products/nina-chanel-abney-super-cool-world-print","https://avantarte.com/products/nina-chanel-abney-super-cool-world-print","2026-09-14T13:01:22.932000","2023-04-07T11:14:58.220000",750,"","2023-04-28T14:00:00","[""print""]","timed-release","2023-04-30T14:00:00",false,"","","","","","","",""
292037488,"Shigeki Matsuyama - Portrait of dazzle #150-P",8366850572626,"/products/shigeki-matsuyama-portrait-of-dazzle-150-p","https://avantarte.com/products/shigeki-matsuyama-portrait-of-dazzle-150-p","2026-09-14T13:01:22.932000","2023-04-20T07:35:23.278000",800,50,"2023-05-09T10:00:00","[""print""]","public-release","",false,"","","","","","","",""
291678397,"Maxwell Mustardo - Blue & Green Amphora",8364926992722,"/products/maxwell-mustardo-blue-green-amphora","https://avantarte.com/products/maxwell-mustardo-blue-green-amphora","2026-09-14T13:01:22.932000","2023-04-19T12:07:29.943000",3000,"","2023-06-01T14:00:00","[""original""]","public-release","",false,"","","","","","","",""
320446930,"LY - BLOOM (XL)",8470051389778,"/products/ly-bloom-xl","https://avantarte.com/products/ly-bloom-xl","2026-09-14T13:01:22.932000","2023-06-07T16:09:07",160,"","2023-06-16T09:00:00","[""collectible""]","public-release","",false,"","","","","","","",""
269752151,"- Untitled (Thoughts Safari), 2015",6593095630947,"/products/marius-bercea-untitled-1-thoughts-safari-2015","https://avantarte.com/products/marius-bercea-untitled-1-thoughts-safari-2015","2026-09-14T13:01:22.932000","2023-02-24T10:14:31",5500,"","","[""wop""]","private-release","",false,"","","","","","","",""
324505554,"Paul Insect - Sweetie Drawing 1, 2021",6661510103139,"/products/paul-insect-sweetie-drawing-1-2021","https://avantarte.com/products/paul-insect-sweetie-drawing-1-2021","2026-09-14T13:01:22.932000","2023-02-24T10:14:31",4000,"","","[""studioworks""]","private-release","",false,"","","","","","","",""
276214882,"Jenna Gribbon - Glaring Shade",8341725151570,"/products/jenna-gribbon-glaring-shade-3","https://avantarte.com/products/jenna-gribbon-glaring-shade-3","2026-09-14T13:01:22.932000","2023-03-16T15:41:33.580000",10000,"","","[""print"", ""hand""]","private-release","",false,"","","","","","","",""
265530501,"Paul Insect - 52. Paul Insect Studio, 2021",6671366258787,"/products/34-paul-insect-studio-2021","https://avantarte.com/products/34-paul-insect-studio-2021","2026-09-14T13:01:22.932000","2023-02-24T10:13:40.234000",350,"","","[""original""]","private-release","",false,"","","","","","","",""
320556668,"LY - I'M LUV (S)",8470484123986,"/products/ly-im-luv-s","https://avantarte.com/products/ly-im-luv-s","2026-09-14T13:01:22.932000","2023-06-07T16:09:03",160,"","2023-06-16T09:00:00","[""collectible""]","public-release","",false,"","","","","","","",""
269505355,"b.wing - Miss Yvonne, My Next Door Neighbour",6781395173475,"/products/miss-yvonne-my-next-door-neighbour","https://avantarte.com/products/miss-yvonne-my-next-door-neighbour","2026-09-14T13:01:22.932000","2023-02-24T10:14:31.076000",1080,"","","[""original""]","private-release","",false,"","","","","","","",""
276233341,"Jenna Gribbon - Glaring Shade",8341729214802,"/products/jenna-gribbon-glaring-shade-7","https://avantarte.com/products/jenna-gribbon-glaring-shade-7","2026-09-14T13:01:22.932000","2023-03-16T15:52:49.505000",10000,"","","[""print"", ""hand""]","private-release","",false,"","","","","","","",""
291825537,"Maxwell Mustardo - Blue & Green Pitcher 2",8364950323538,"/products/maxwell-mustardo-blue-green-pitcher-2","https://avantarte.com/products/maxwell-mustardo-blue-green-pitcher-2","2026-09-14T13:01:22.932000","2023-04-19T12:07:26.588000",4000,"","2023-06-01T14:00:00","[""original""]","public-release","",false,"","","","","","","",""
299510396,"Johnson Tsang - Blockade Line",8430718517586,"/products/blockade-line","https://avantarte.com/products/blockade-line","2026-09-14T13:01:22.932000","2023-05-02T12:09:11.730000",600,100,"2023-05-25T13:00:00","[""sculpture""]","public-release","",false,"","","","","","","",""
269808581,"Alice Brasser - View - Sunburst",6897474011235,"/products/alice-brasser-view-sunburst","https://avantarte.com/products/alice-brasser-view-sunburst","2026-09-14T13:01:22.932000","2023-03-02T17:24:58.799000",435,1,"2023-03-06T17:00:00","[""original""]","public-release","",false,"","","","","","","",""
298082983,"Nina Chanel Abney  - Super Cool World print",8428084494674,"/products/duper-planet-print","https://avantarte.com/products/duper-planet-print","2026-09-14T13:01:22.932000","2023-04-07T11:14:58.220000",750,"","2023-04-28T15:00:00","[""print""]","timed-release","2023-04-30T15:00:00",false,"","","","","","","",""
265537124,"Paul Insect - 6. Paul Insect Studio, 2021",6671351021667,"/products/6-paul-insect-studio-2021","https://avantarte.com/products/6-paul-insect-studio-2021","2026-09-14T13:01:22.932000","2023-02-24T10:14:14.509000",350,"","","[""original""]","private-release","",false,"","","","","","","",""
251120998,"Hyangmok Baik - I Know What You Did Last Summer",6885494882403,"/products/hyangmok-baik-i-know-what-you-did-last-summer","https://avantarte.com/products/hyangmok-baik-i-know-what-you-did-last-summer","2026-09-14T13:01:22.932000","2023-02-10T11:00:26.909000",1000,50,"2023-03-16T14:00:00","[""print""]","public-release","",false,"","","","","","","",""
276093910,"Jenna Gribbon - Glaring Shade",8341714436434,"/products/jenna-gribbon-glaring-shade-1","https://avantarte.com/products/jenna-gribbon-glaring-shade-1","2026-09-14T13:01:22.932000","2023-03-16T15:33:50.417000",10000,"","2023-04-18T14:00:00","[""print"", ""hand""]","private-release","",false,"","","","","","","",""
276260519,"Jenna Gribbon - Glaring Shade",8341735178578,"/products/jenna-gribbon-glaring-shade-12","https://avantarte.com/products/jenna-gribbon-glaring-shade-12","2026-09-14T13:01:22.932000","2023-03-16T15:57:50.548000",10000,"","2023-05-18T13:00:00","[""print"", ""hand""]","private-release","",false,"","","","","","","",""
291833956,"Maxwell Mustardo - Blue & Green Amphora 2",8364950978898,"/products/maxwell-mustardo-blue-green-amphora-2","https://avantarte.com/products/maxwell-mustardo-blue-green-amphora-2","2026-09-14T13:01:22.932000","2023-04-19T12:07:26.251000",4000,"","2023-06-01T14:00:00","[""original""]","public-release","",false,"","","","","","","",""
315561717,"Grant Riven Yun - Fall",8462426603858,"/products/grant-riven-yun-fall","https://avantarte.com/products/grant-riven-yun-fall","2026-09-14T13:01:22.932000","2023-06-05T13:19:46",5000,35,"2023-06-27T13:00:00","[""print""]","draw-release","",false,"","","","","","","",""
271914180,"Grant Levy-Lucero - de la Rosa, Dulcería La Moderna",6895374729315,"/products/grant-levy-lucero-de-la-rosa-dulceria-la-moderna","https://avantarte.com/products/grant-levy-lucero-de-la-rosa-dulceria-la-moderna","2026-09-14T13:01:22.932000","2023-03-13T16:32:18.640000",2000,25,"2023-04-04T13:00:00","[""sculpture""]","public-release","",false,"","","","","","","",""
276255183,"Jenna Gribbon - Glaring Shade",8341733900626,"/products/jenna-gribbon-glaring-shade-10","https://avantarte.com/products/jenna-gribbon-glaring-shade-10","2026-09-14T13:01:22.932000","2023-03-16T15:55:51.861000",10000,"","2023-05-18T13:00:00","[""print"", ""hand""]","private-release","",false,"","","","","","","",""
291470848,"Maxwell Mustardo - Green & Blue Pitcher",8364918833490,"/products/maxwell-mustardo-green-blue-pitcher","https://avantarte.com/products/maxwell-mustardo-green-blue-pitcher","2026-09-14T13:01:22.932000","2023-04-19T12:07:31.291000",2500,"","2023-06-01T14:00:00","[""original""]","public-release","",false,"","","","","","","",""
291712240,"Maxwell Mustardo - Pink & Yellow Amphora",8364944884050,"/products/maxwell-mustardo-pink-yellow-amphora","https://avantarte.com/products/maxwell-mustardo-pink-yellow-amphora","2026-09-14T13:01:22.932000","2023-04-19T12:07:28.927000",3500,"","2023-06-01T14:00:00","[""original""]","public-release","",false,"","","","","","","",""
314010305,"Nicolas Holiber - Painted Mask 1",8456714649938,"/products/painted-mask-1","https://avantarte.com/products/painted-mask-1","2026-09-14T13:01:22.932000","2023-05-26T13:37:20.549000",3750,1,"2023-05-26T10:00:00","[""sculpture""]","public-release","",false,"","","","","","","",""
269509136,"Shannon Bono - Inside the erotic I, 2021",6597386764387,"/products/shannon-bono-inside-the-erotic-iv-2021","https://avantarte.com/products/shannon-bono-inside-the-erotic-iv-2021","2026-09-14T13:01:22.932000","2023-02-24T10:14:31",550,"","","[""wop""]","private-release","",false,"","","","","","","",""
271069607,"Paul Insect - Sweetie Drawing 2, 2021",6661510824035,"/products/sweetie-drawing-2-2021","https://avantarte.com/products/sweetie-drawing-2-2021","2026-09-14T13:01:22.932000","2023-02-24T10:14:31",4000,"","","[""original""]","private-release","",false,"","","","","","","",""
264527404,"Paul Insect - 63. Paul Insect Studio, 2021",6671377465443,"/products/63-paul-insect-studio-2021","https://avantarte.com/products/63-paul-insect-studio-2021","2026-09-14T13:01:22.932000","2023-02-24T10:09:36.997000",350,"","","[""original""]","private-release","",false,"","","","","","","",""
283578716,"mpkoz - Metropolis - prints",8356385653074,"/products/mpkoz-metropolis-print","https://avantarte.com/products/mpkoz-metropolis-print","2026-09-14T13:01:22.932000","2023-03-30T20:28:46",500,"","2023-03-30T19:00:00","[""print""]","public-release","",false,"","","","","","","",""
210906409,"Paul Insect - Christmas Tree Baubles",6858284171363,"/products/christmas-tree-baubles","https://avantarte.com/products/christmas-tree-baubles","2026-09-14T13:01:22.933000","2022-11-07T17:08:46.418000",500,500,"2022-11-17T14:00:00","[""collectible""]","public-release","",false,"","","","","","","",""
195114682,"Jonny Niesche - moon moth lust in warm copper",6841195298915,"/products/moon-moth-lust-in-warm-copper","https://avantarte.com/products/moon-moth-lust-in-warm-copper","2026-09-14T13:01:22.933000","2022-11-03T10:59:16.765000",1700,50,"2022-11-24T14:00:00","[""print""]","public-release","",false,"","","","","","","",""
213606178,"Jang Koal - Umma",6861436878947,"/products/umma","https://avantarte.com/products/umma","2026-09-14T13:01:22.933000","2022-11-08T08:59:07.789000",1500,30,"2022-11-29T14:00:00","[""sculpture""]","public-release","",false,"","","","","","","",""
141467967,"Julian Schnabel - The Swedish House 09",6747443069027,"/products/the-swedish-house-09","https://avantarte.com/products/the-swedish-house-09","2026-09-14T13:01:22.933000","2022-05-26T08:44:44.413000",44000,"","2022-06-13T13:00:00","[""print"", ""hand""]","private-release","",false,"","","","","","","",""
233099988,"Roby Dwi Antono - HAYU",6875631550563,"/products/hayu","https://avantarte.com/products/hayu","2026-09-14T13:01:22.933000","2022-12-16T11:22:50.083000",3250,50,"2023-01-11T14:00:00","[""print""]","draw-release","",true,"","","","","","","",""
173239146,"Face Oka - Water makes up most of the human body (blue)",6795215470691,"/products/water-makes-up-most-of-the-human-body-blue","https://avantarte.com/products/water-makes-up-most-of-the-human-body-blue","2026-09-14T13:01:22.933000","2022-08-17T08:19:16.502000",800,40,"2022-09-21T13:00:00","[""print""]","public-release","",false,"","","","","","","",""
211817450,"Friedrich Kunath - This Is The Worst Time Of My Life",6859357421667,"/products/this-is-the-worst-time-of-my-life","https://avantarte.com/products/this-is-the-worst-time-of-my-life","2026-09-14T13:01:22.933000","2022-11-04T16:19:42.562000",5000,60,"2022-11-28T14:00:00","[""print"", ""hand""]","public-release","",false,"","","","","","","",""
244666783,"Daniel Crews-Chubb - Immortal II (turquoise)",6881543684195,"/products/immortal-ii-turquoise","https://avantarte.com/products/immortal-ii-turquoise","2026-09-14T13:01:22.933000","2023-01-12T15:43:13.974000",1500,35,"2023-02-16T14:00:00","[""print""]","public-release","",false,"","","","","","","",""
209439458,"Molly Greene - Bur",6856917614691,"/products/bur","https://avantarte.com/products/bur","2026-09-14T13:01:22.933000","2022-11-02T09:06:02.077000",1250,25,"2022-11-21T14:00:00","[""print""]","public-release","",false,"","","","","","","",""
177482678,"LY - Standing with LUV (Medium)",6794209001571,"/products/standing-with-luv-medium","https://avantarte.com/products/standing-with-luv-medium","2026-09-14T13:01:22.933000","2022-09-08T09:55:55.793000",15000,10,"2022-11-15T12:00:00","[""sculpture""]","draw-release","",true,"","","","","","","",""
141467961,"Julian Schnabel - The Swedish House 05",6747441332323,"/products/the-swedish-house-05","https://avantarte.com/products/the-swedish-house-05","2026-09-14T13:01:22.933000","2022-05-26T08:44:26",44000,"","2022-06-13T13:00:00","[""print"", ""hand""]","private-release","",false,"","","","","","","",""
203241962,"Grant Riven Yun - En Route",6851572105315,"/products/en-route","https://avantarte.com/products/en-route","2026-09-14T13:01:22.933000","2022-11-07T17:25:59.133000",5500,20,"2022-11-16T14:00:00","[""print""]","draw-release","",true,"","","","","","","",""
194437125,"Yoon Hyup - Night in Paris - Golden Light",6840696111203,"/products/night-in-paris-golden-light","https://avantarte.com/products/night-in-paris-golden-light","2026-09-14T13:01:22.933000","2022-10-13T17:30:12.494000",750,200,"2022-10-26T13:00:00","[""print""]","public-release","",false,"","","","","","","",""
161064416,"Michael Kagan - Saturn V",6778861813859,"/products/saturn-v","https://avantarte.com/products/saturn-v","2026-09-14T13:01:22.933000","2022-07-25T09:01:36.568000",5000,25,"2022-08-24T13:00:00","[""print""]","public-release","",false,"","","","","","","",""
142002720,"Paul Insect - Sweetie Jar",6757313871971,"/products/sweetie-jar","https://avantarte.com/products/sweetie-jar","2026-09-14T13:01:22.933000","2022-05-31T13:03:00",4500,25,"2022-06-30T13:00:00","[""sculpture""]","public-release","",false,"","","","","","","",""
232967566,"Caleb Hahne Quintana - Ourselves Scattered Parts Of Earth",6875625619555,"/products/ourselves-scattered-parts-of-earth","https://avantarte.com/products/ourselves-scattered-parts-of-earth","2026-09-14T13:01:22.933000","2022-12-19T10:41:55.889000",800,30,"2023-01-31T14:00:00","[""print"", ""hand""]","public-release","",false,"","","","","","","",""
158563699,"Jen Stark - Shape Shift",6774311682147,"/products/shape-shift","https://avantarte.com/products/shape-shift","2026-09-14T13:01:22.933000","2022-07-07T14:21:54.143000",1600,50,"2022-07-22T20:00:00","[""print""]","public-release","",false,"","","","","","","",""
181975776,"Kudzanai-Violet Hwami - Kudzi (Hand-finished)",6818476064867,"/products/kudzi-hand-finished","https://avantarte.com/products/kudzi-hand-finished","2026-09-14T13:01:22.933000","2022-08-31T16:08:29.061000",8000,15,"2022-09-23T13:00:00","[""print"", ""hand""]","public-release","",false,"","","","","","","",""
185646107,"Prune Nourry - Mater Earth",6828138889315,"/products/prune-nourry-mater-earth","https://avantarte.com/products/prune-nourry-mater-earth","2026-09-14T13:01:22.933000","2023-02-24T10:20:44.893000",850,30,"2023-03-28T13:00:00","[""print""]","public-release","",false,"","","","","","","",""
221719046,"NessGraphics -  G4M30V3R.4.R34L",6865042112611,"/products/g4m30v3r-4-r34l","https://avantarte.com/products/g4m30v3r-4-r34l","2026-09-14T13:01:22.933000","2022-11-21T10:53:50.482000",6000,20,"2022-12-15T14:00:00","[""sculpture""]","public-release","",false,"","","","","","","",""
189693358,"En Iwamura - Neo Jomon: Geometric fantôme (pink)",6829443809379,"/products/neo-jomon-geometric-fantome-pink","https://avantarte.com/products/neo-jomon-geometric-fantome-pink","2026-09-14T13:01:22.933000","2022-10-10T10:21:54",8000,25,"2022-10-28T13:00:00","[""sculpture""]","public-release","",false,"","","","","","","",""
136868703,"Kwesi Botchway - African Style",6752818331747,"/products/african-style","https://avantarte.com/products/african-style","2026-09-14T13:01:22.933000","2023-01-09T11:45:25.514000",3500,30,"2023-02-02T14:00:00","[""print""]","public-release","",false,"","","","","","","",""
141467966,"Julian Schnabel - The Swedish House 08",6747442905187,"/products/the-swedish-house-08","https://avantarte.com/products/the-swedish-house-08","2026-09-14T13:01:22.933000","2022-05-26T08:44:40.253000",44000,"","2022-06-13T13:00:00","[""print"", ""hand""]","private-release","",false,"","","","","","","",""
203790197,"Tom Sachs - Too Darn Hot",6852079550563,"/products/too-darn-hot","https://avantarte.com/products/too-darn-hot","2026-09-14T13:01:22.933000","2022-10-26T07:26:20.893000",750,1337,"2022-11-02T17:00:00","[""print""]","timed-release","2022-11-03T17:00:00",false,"","","","","","","",""
199734535,"Aya Takano - Anthem (Detail)",6848092274787,"/products/aya-takano-anthem-detail","https://avantarte.com/products/aya-takano-anthem-detail","2026-09-14T13:01:22.933000","2023-01-30T10:40:20.296000",800,70,"2023-02-28T14:00:00","[""print""]","draw-release","",true,"","","","","","","",""
212247328,"Satoru Koizumi - White rhino",6860661293155,"/products/white-rhino","https://avantarte.com/products/white-rhino","2026-09-14T13:01:22.933000","2022-11-07T11:42:31",8000,25,"2022-11-30T14:00:00","[""sculpture""]","private-release","",false,"","","","","","","",""
141168834,"Erik Parker - New Soul",6756759404643,"/products/new-soul","https://avantarte.com/products/new-soul","2026-09-14T13:01:22.933000","2022-06-14T14:58:43.182000",10000,15,"2022-08-12T13:00:00","[""print""]","public-release","",false,"","","","","","","",""
183518993,"Jen Stark - Dichroic Mandala",6822141755491,"/products/dichroic-mandala","https://avantarte.com/products/dichroic-mandala","2026-09-14T13:01:22.933000","2022-09-28T10:04:16.009000",2700,50,"2022-10-26T16:00:00","[""sculpture""]","public-release","",false,"","","","","","","",""
217512132,"James Jean - Bath Saxum",6863430058083,"/products/bath-saxum","https://avantarte.com/products/bath-saxum","2026-09-14T13:01:22.933000","2022-11-11T14:21:50.522000",7500,35,"2022-12-14T14:00:00","[""sculpture""]","public-release","",false,"","","","","","","",""
141467969,"Julian Schnabel - The Swedish House 10",6747443134563,"/products/the-swedish-house-10","https://avantarte.com/products/the-swedish-house-10","2026-09-14T13:01:22.933000","2022-05-26T08:44:48.543000",44000,"","2022-06-13T13:00:00","[""print"", ""hand""]","private-release","",false,"","","","","","","",""
220180840,"Maiko Kobayashi - Moving Colours",6865355505763,"/products/moving-colours","https://avantarte.com/products/moving-colours","2026-09-14T13:01:22.933000","2023-02-09T11:02:06.040000",1500,50,"2023-03-07T14:00:00","[""print"", ""hand""]","public-release","",false,"","","","","","","",""
183237819,"Scott Kahn - INGERSOLL'S BRANCH",6814863196259,"/products/ingersolls-branch","https://avantarte.com/products/ingersolls-branch","2026-09-14T13:01:22.933000","2022-09-16T10:46:29.879000",12000,50,"2022-10-25T13:00:00","[""print""]","private-release","",false,"","","","","","","",""
189681869,"En Iwamura - Neo Jomon: Geometric fantôme (grey)",6829447708771,"/products/neo-jomon-geometric-fantome-grey","https://avantarte.com/products/neo-jomon-geometric-fantome-grey","2026-09-14T13:01:22.933000","2022-10-10T10:21:56",8000,25,"2022-10-28T13:00:00","[""sculpture""]","public-release","",false,"","","","","","","",""
241571433,"Danielle Mckinney - Dream Catcher",6877657038947,"/products/dream-catcher","https://avantarte.com/products/dream-catcher","2026-09-14T13:01:22.933000","2023-01-11T09:01:09.473000",2250,30,"2023-01-30T14:00:00","[""print""]","public-release","",false,"","","","","","","",""
176732402,"Parra - when the smoke clears",6814015291491,"/products/when-the-smoke-clears","https://avantarte.com/products/when-the-smoke-clears","2026-09-14T13:01:22.933000","2022-09-13T06:57:36.766000",250,1231,"2022-09-22T16:00:00","[""print""]","timed-release","2022-09-24T16:00:00",false,"","","","","","","",""
191719493,"Antony Micallef - The Union of Animals",6829885161571,"/products/the-union-of-animals","https://avantarte.com/products/the-union-of-animals","2026-09-14T13:01:22.933000","2022-09-27T10:56:53.403000",1500,30,"2022-10-11T13:00:00","[""print"", ""hand""]","public-release","",false,"","","","","","","",""
218521824,"Lawrence Weiner - HERE & NOW",6864328949859,"/products/here-and-now","https://avantarte.com/products/here-and-now","2026-09-14T13:01:22.933000","2022-11-25T08:39:18.615000",500,"","2022-12-02T14:00:00","[]","public-release","",false,"","","","","","","",""
135676032,"Shaina McCoy - Hoops",6752759611491,"/products/hoops","https://avantarte.com/products/hoops","2026-09-14T13:01:22.933000","2022-05-18T09:02:27.508000",2200,25,"2022-06-09T13:00:00","[""print""]","public-release","",false,"","","","","","","",""
200032971,"Bäst - Sunday Afternoon",6848025854051,"/products/sunday-afternoon","https://avantarte.com/products/sunday-afternoon","2026-09-14T13:01:22.933000","2022-10-11T06:46:01.717000",1500,80,"2022-11-04T14:00:00","[""print""]","draw-release","",true,"","","","","","","",""
136868888,"Kwesi Botchway - Lady with a Tampi",6704381165667,"/products/lady-with-a-tampi","https://avantarte.com/products/lady-with-a-tampi","2026-09-14T13:01:22.933000","2022-06-01T16:48:06.766000",3500,40,"2022-06-15T13:00:00","[""print""]","public-release","",false,"","","","","","","",""
139759497,"Julian Schnabel - The Swedish House 01",6747439431779,"/products/the-swedish-house-01","https://avantarte.com/products/the-swedish-house-01","2026-09-14T13:01:22.933000","2022-05-26T08:44:02.061000",44000,"","2022-06-13T13:00:00","[""print"", ""hand""]","private-release","",false,"","","","","","","",""
222785031,"Yue Minjun - Stay Away (Special Edition)",6867423625315,"/products/stay-away-special-edition","https://avantarte.com/products/stay-away-special-edition","2026-09-14T13:01:22.933000","2023-03-23T10:18:13.433000",7500,10,"2023-01-18T14:00:00","[""print""]","public-release","",false,"","","","","","","",""
243000365,"Dada Khanyisa - I can't change, even if I tried",6881372766307,"/products/i-can-t-change-even-if-i-tried","https://avantarte.com/products/i-can-t-change-even-if-i-tried","2026-09-14T13:01:22.933000","2023-01-13T15:54:12.343000",600,30,"2023-02-08T14:00:00","[""print"", ""hand""]","public-release","",false,"","","","","","","",""
133613993,"Joakim Ojanen - Heartbreaker (Blue)",6750110548067,"/products/heartbreaker-blue","https://avantarte.com/products/heartbreaker-blue","2026-09-14T13:01:22.933000","2022-06-29T08:19:03.501000",3500,30,"2022-07-26T13:00:00","[""sculpture""]","public-release","",false,"","","","","","","",""
221682374,"Futura - MARBLEANGELO I - bianco",6866169987171,"/products/marbleangelo-i-bianco-private","https://avantarte.com/products/marbleangelo-i-bianco-private","2026-09-14T13:01:22.933000","2022-11-17T18:00:17.313000",8000,30,"2022-12-09T14:00:00","[""sculpture""]","private-release","",false,"","","","","","","",""
168356564,"Jordi Ribes - Hot green bath",6794853187683,"/products/hot-green-bath","https://avantarte.com/products/hot-green-bath","2026-09-14T13:01:22.933000","2022-08-02T10:05:15",2000,25,"2022-08-30T13:00:00","[""print""]","public-release","",false,"","","","","","","",""
205048528,"Kara Joslyn - GOOD THING YOU ARE NOT ALONE",6853766774883,"/products/good-thing-you-are-not-alone","https://avantarte.com/products/good-thing-you-are-not-alone","2026-09-14T13:01:22.933000","2022-10-19T08:17:13.183000",2250,20,"2022-11-09T14:00:00","[""sculpture""]","public-release","",false,"","","","","","","",""
141467959,"Julian Schnabel - The Swedish House 03",6747440349283,"/products/the-swedish-house-03","https://avantarte.com/products/the-swedish-house-03","2026-09-14T13:01:22.933000","2022-05-26T08:44:16.699000",44000,"","2022-06-13T13:00:00","[""print"", ""hand""]","private-release","",false,"","","","","","","",""
184390929,"Larry Bell - Colour Tool (Red)",6826732585059,"/products/colour-tool-red","https://avantarte.com/products/colour-tool-red","2026-09-14T13:01:22.933000","2023-03-03T12:51:36.280000",10000,20,"2022-11-01T13:00:00","[""sculpture""]","private-release","",false,"","","","","","","",""
220840995,"Futura - MARBLEANGELO II - nero",6865622597731,"/products/marbleangelo-ii-nero","https://avantarte.com/products/marbleangelo-ii-nero","2026-09-14T13:01:22.933000","2022-11-28T09:44:31.763000",8000,30,"2022-12-19T14:00:00","[""sculpture""]","public-release","",false,"","","","","","","",""
182102027,"Tschabalala Self - Seated Bronze",6799720284259,"/products/seated-bronze","https://avantarte.com/products/seated-bronze","2026-09-14T13:01:22.933000","2022-09-06T12:18:16.298000",28000,25,"2022-10-13T13:00:00","[""sculpture""]","private-release","",false,"","","","","","","",""
146004994,"Roby Dwi Antono - BULAN",6762887446627,"/products/bulan","https://avantarte.com/products/bulan","2026-09-14T13:01:22.933000","2022-06-07T10:52:28.890000","",200,"2022-06-27T13:00:00","[""print""]","draw-release","",false,"","","","","","","",""
217979751,"George Rouy - Tearing of the Savage Breast",6863857418339,"/products/tearing-of-the-savage-breast","https://avantarte.com/products/tearing-of-the-savage-breast","2026-09-14T13:01:22.933000","2022-11-16T15:23:15.437000",850,50,"2022-12-07T14:00:00","[""print""]","public-release","",false,"","","","","","","",""
154928239,"Bell Nakai  - Crypto Princess",6773207138403,"/products/crypto-princess","https://avantarte.com/products/crypto-princess","2026-09-14T13:01:22.933000","2022-07-12T08:40:10.132000",1400,1,"2022-07-20T13:00:00","[""studioworks""]","draw-release","",false,"","","","","","","",""
212627728,"Dennis Osadebe - The People's Promise",6861041631331,"/products/the-peoples-promise","https://avantarte.com/products/the-peoples-promise","2026-09-14T13:01:22.933000","2022-11-04T08:45:05.669000",750,50,"2022-12-05T14:00:00","[""print""]","public-release","",false,"","","","","","","",""
212070661,"Fvckrender - FEEL//",6860383912035,"/products/feel","https://avantarte.com/products/feel","2026-09-14T13:01:22.933000","2022-11-04T09:33:16",4250,12,"2022-11-10T14:00:00","[""sculpture""]","public-release","",false,"","","","","","","",""
219353075,"Tom Sachs - Too Darn Hot",6864900620387,"/products/too-darn-test","https://avantarte.com/products/too-darn-test","2026-09-14T13:01:22.933000","2022-10-26T07:26:20",1,"","2022-11-22T12:00:00","[""print""]","timed-release","2022-11-22T17:00:00",false,"","","","","","","",""
153610559,"DRIFT - Sine",6770635276387,"/products/sine","https://avantarte.com/products/sine","2026-09-14T13:01:22.933000","2022-06-30T10:45:03",7500,50,"2022-08-01T13:00:00","[""sculpture""]","public-release","",false,"","","","","","","",""
139392966,"Cleon Peterson - The Return",6753719124067,"/products/the-return","https://avantarte.com/products/the-return","2026-09-14T13:01:22.933000","2022-05-24T09:47:28.290000",15000,25,"2022-06-20T13:00:00","[""sculpture""]","public-release","",false,"","","","","","","",""
184365437,"Larry Bell - Colour Tool (Blue)",6826731864163,"/products/colour-tool-blue","https://avantarte.com/products/colour-tool-blue","2026-09-14T13:01:22.933000","2023-03-03T12:48:33.649000",10000,20,"2022-11-01T12:00:00","[""sculpture""]","private-release","",false,"","","","","","","",""
212275843,"Haroshi - GUZO - FOREST",6856416460899,"/products/guzo-forest","https://avantarte.com/products/guzo-forest","2026-09-14T13:01:22.933000","2022-11-11T14:23:18.632000",10000,50,"2022-11-25T14:00:00","[""sculpture""]","public-release","",false,"","","","","","","",""
152343442,"Jia Aili - The Action of Three Primary Colours (Hand-finished)",6747920138339,"/products/the-action-of-three-primary-colours-hand-finished","https://avantarte.com/products/the-action-of-three-primary-colours-hand-finished","2026-09-14T13:01:22.933000","2022-06-20T16:18:25",18000,15,"2022-06-28T13:00:00","[""print"", ""hand""]","public-release","",false,"","","","","","","",""
234090312,"Roby Dwi Antono - Draw Test with frame",8474774405458,"/products/test-draw-pre-auth-2","https://avantarte.com/products/test-draw-pre-auth-2","2026-09-14T13:01:22.933000","2023-06-05T09:55:50.650000",1,100,"2024-02-01T00:00:00","[""print""]","draw-release","2024-06-26T00:00:00",true,"","","","","","","",""
227459080,"Chen Wei Ting - Poetic Fragments",6870543859811,"/products/chen-wei-ting-poetic-fragments","https://avantarte.com/products/chen-wei-ting-poetic-fragments","2026-09-14T13:01:22.933000","2023-03-31T13:08:08.941000",1200,25,"2023-04-27T13:00:00","[""print""]","public-release","",false,"","","","","","","",""
221003179,"Futura - MARBLEANGELO I - blanco",6865622728803,"/products/marbleangelo-i-blanco","https://avantarte.com/products/marbleangelo-i-blanco","2026-09-14T13:01:22.933000","2022-11-17T18:00:17.313000",8000,30,"2022-12-19T14:00:00","[""sculpture""]","public-release","",false,"","","","","","","",""
154928235,"Alfie Caine - Hilltop Porch",6773205008483,"/products/hilltop-porch","https://avantarte.com/products/hilltop-porch","2026-09-14T13:01:22.933000","2022-07-12T08:41:19.445000",4500,"","2022-07-20T13:00:00","[""studioworks""]","draw-release","",false,"","","","","","","",""
141467957,"Julian Schnabel - The Swedish House 02",6747439824995,"/products/the-swedish-house-02","https://avantarte.com/products/the-swedish-house-02","2026-09-14T13:01:22.933000","2022-05-26T08:44:11.881000",44000,"","2022-06-13T13:00:00","[""print"", ""hand""]","private-release","",false,"","","","","","","",""
187788892,"Nicasio Fernandez - D.I.Y (Hand-finished)",6822174261347,"/products/d-i-y-hand-finished","https://avantarte.com/products/d-i-y-hand-finished","2026-09-14T13:01:22.933000","2022-09-16T08:01:51.793000",4000,20,"2022-10-04T13:00:00","[""print"", ""hand""]","private-release","",false,"","","","","","","",""
187760718,"Nicasio Fernandez - D.I.Y",6822142509155,"/products/d-i-y","https://avantarte.com/products/d-i-y","2026-09-14T13:01:22.933000","2022-09-16T07:59:56.382000",1500,35,"2022-10-04T13:00:00","[""print""]","draw-release","",false,"","","","","","","",""
188660706,"Parra - when the smoke clears (early access)",6833002512483,"/products/when-the-smoke-clears-early-access-ii","https://avantarte.com/products/when-the-smoke-clears-early-access-ii","2026-09-14T13:01:22.933000","2022-09-13T13:04:45.220000",250,"","2022-09-22T17:00:00","[""print""]","public-release","",false,"","","","","","","",""
141467962,"Julian Schnabel - The Swedish House 06",6747442479203,"/products/the-swedish-house-06","https://avantarte.com/products/the-swedish-house-06","2026-09-14T13:01:22.933000","2022-05-26T08:44:32.014000",44000,"","2022-06-13T13:00:00","[""print"", ""hand""]","private-release","",false,"","","","","","","",""
145869756,"Roby Dwi Antono - CLARA",6762887282787,"/products/clara","https://avantarte.com/products/clara","2026-09-14T13:01:22.933000","2022-06-07T10:52:30.825000",750,200,"2022-06-27T13:00:00","[""print""]","draw-release","",false,"","","","","","","",""
167522287,"Jordi Ribes - Hot orange bath",6794180362339,"/products/hot-orange-bath","https://avantarte.com/products/hot-orange-bath","2026-09-14T13:01:22.933000","2022-08-02T10:05:20.577000",2000,25,"2022-08-30T13:00:00","[""print""]","public-release","",false,"","","","","","","",""
202635167,"Baldur Helgason - Picaresque",6851039199331,"/products/picaresque","https://avantarte.com/products/picaresque","2026-09-14T13:01:22.933000","2022-10-20T12:00:49",1500,50,"2022-11-14T14:00:00","[""print""]","public-release","",false,"","","","","","","",""
176297553,"Face Oka - Water makes up most of the human body (yellow)",6795225497699,"/products/water-makes-up-most-of-the-human-body-yellow","https://avantarte.com/products/water-makes-up-most-of-the-human-body-yellow","2026-09-14T13:01:22.933000","2022-08-17T08:19:28.202000",800,40,"2022-09-21T13:00:00","[""print""]","public-release","",false,"","","","","","","",""
160838865,"b.wing - Boys Don't Cry",6779031453795,"/products/boys-dont-cry","https://avantarte.com/products/boys-dont-cry","2026-09-14T13:01:22.933000","2022-07-12T08:41:45.977000",4130,"","2022-07-20T13:00:00","[""studioworks""]","draw-release","",false,"","","","","","","",""
176297413,"Face Oka - Water makes up most of the human body (green)",6795227234403,"/products/water-makes-up-most-of-the-human-body-green","https://avantarte.com/products/water-makes-up-most-of-the-human-body-green","2026-09-14T13:01:22.933000","2022-08-17T08:19:21.287000",800,40,"2022-09-21T13:00:00","[""print""]","public-release","",false,"","","","","","","",""
222777884,"Yue Minjun - Stay Away",6867423297635,"/products/stay-away","https://avantarte.com/products/stay-away","2026-09-14T13:01:22.933000","2022-12-22T11:41:52.481000",3500,40,"2023-01-18T14:00:00","[""print""]","public-release","",false,"","","","","","","",""
176297396,"Face Oka - Water makes up most of the human body (pink)",6795221500003,"/products/water-makes-up-most-of-the-human-body-pink","https://avantarte.com/products/water-makes-up-most-of-the-human-body-pink","2026-09-14T13:01:22.933000","2022-08-17T08:19:11.818000",800,40,"2022-09-21T13:00:00","[""print""]","public-release","",false,"","","","","","","",""
137608599,"Cleon Peterson - The Return, in Aeternum",6753717977187,"/products/the-return-in-aeternum","https://avantarte.com/products/the-return-in-aeternum","2026-09-14T13:01:22.933000","2022-05-24T09:47:35.244000",15000,10,"2022-06-20T13:00:00","[""sculpture""]","private-release","",false,"","","","","","","",""
142896735,"Tomokazu Matsuyama - Perfect All Alone Ironic (Orange)",6758914064483,"/products/perfect-all-alone-ironic-orange","https://avantarte.com/products/perfect-all-alone-ironic-orange","2026-09-14T13:01:22.933000","2022-06-01T13:44:00",950,75,"2022-06-22T13:00:00","[""print""]","draw-release","2022-06-22T13:00:00",true,"","","","","","","",""
153077574,"James Jean - Bath (Marble)",6769829937251,"/products/bath-marble","https://avantarte.com/products/bath-marble","2026-09-14T13:01:22.933000","2023-08-15T13:57:18.334000",40000,8,"2022-07-22T13:00:00","[""sculpture""]","public-release","",false,"","","","","","","",""
142882685,"Tomokazu Matsuyama - Perfect All Alone Ironic (Blue)",6758915113059,"/products/perfect-all-alone-ironic-blue","https://avantarte.com/products/perfect-all-alone-ironic-blue","2026-09-14T13:01:22.933000","2022-06-01T13:44:02",950,75,"2022-06-22T13:00:00","[""print""]","draw-release","2022-06-22T13:00:00",true,"","","","","","","",""
198255021,"Guimi You - Point Reyes",6841254412387,"/products/point-reyes","https://avantarte.com/products/point-reyes","2026-09-14T13:01:22.933000","2022-10-07T09:07:27.559000",3000,25,"2022-11-08T14:00:00","[""print"", ""hand""]","public-release","",false,"","","","","","","",""
201624034,"James Jean - Maze (Print)",6842237419619,"/products/maze-print","https://avantarte.com/products/maze-print","2026-09-14T13:01:22.933000","2022-10-24T15:53:34.868000",975,100,"2022-11-07T14:00:00","[""print""]","draw-release","",true,"","","","","","","",""
160840242,"Lin Yen-Liang - You are my sweetheart candy",6779035189347,"/products/you-are-my-sweetheart-candy","https://avantarte.com/products/you-are-my-sweetheart-candy","2026-09-14T13:01:22.933000","2022-07-12T08:41:49.348000",2050,"","2022-07-20T13:00:00","[""studioworks""]","draw-release","",false,"","","","","","","",""
155553769,"Stickymonger - Thank You, Plastic (Candy)",6773490778211,"/products/thank-you-plastic-candy","https://avantarte.com/products/thank-you-plastic-candy","2026-09-14T13:01:22.933000","2022-07-11T10:20:39.554000",2000,25,"2022-08-02T13:00:00","[""print""]","draw-release","",false,"","","","","","","",""
206903207,"Adriana Oliver - My way back to you",6854993838179,"/products/my-way-back-to-you","https://avantarte.com/products/my-way-back-to-you","2026-09-14T13:01:22.933000","2022-11-04T11:05:07.099000",2500,50,"2022-11-22T14:00:00","[""sculpture""]","public-release","",false,"","","","","","","",""
147871359,"Hein Koh - Reclining Carrot",6764891734115,"/products/reclining-carrot","https://avantarte.com/products/reclining-carrot","2026-09-14T13:01:22.933000","2022-06-21T13:13:14.627000",6200,20,"2022-07-06T13:00:00","[""sculpture""]","public-release","",false,"","","","","","","",""
177481151,"LY - Confused LUV (Medium)",6794209296483,"/products/confused-luv-medium","https://avantarte.com/products/confused-luv-medium","2026-09-14T13:01:22.933000","2022-09-08T09:56:00.960000",15000,10,"2022-11-15T12:00:00","[""sculpture""]","draw-release","",true,"","","","","","","",""
133631194,"Jia Aili - The Action of Three Primary Colours",6747919941731,"/products/the-action-of-three-primary-colours","https://avantarte.com/products/the-action-of-three-primary-colours","2026-09-14T13:01:22.933000","2022-06-20T16:13:00",6500,35,"2022-06-28T13:00:00","[""print""]","public-release","",false,"","","","","","","",""
183792338,"Parra - when the smoke clears (early access)",6824064614499,"/products/when-the-smoke-clears-early-access","https://avantarte.com/products/when-the-smoke-clears-early-access","2026-09-14T13:01:22.933000","2022-09-13T13:06:00",250,"","2022-09-22T17:00:00","[""print""]","public-release","",false,"","","","","","","",""
168356560,"Jordi Ribes - Hot blue bath",6794890149987,"/products/hot-blue-bath","https://avantarte.com/products/hot-blue-bath","2026-09-14T13:01:22.933000","2022-08-02T10:05:18.167000",2000,25,"2022-08-30T13:00:00","[""print""]","public-release","",false,"","","","","","","",""
221682375,"Futura - MARBLEANGELO II - nero",6866170576995,"/products/marbleangelo-ii-nero-private","https://avantarte.com/products/marbleangelo-ii-nero-private","2026-09-14T13:01:22.933000","2022-11-18T13:22:36.358000",8000,30,"2022-12-09T14:00:00","[""sculpture""]","private-release","",false,"","","","","","","",""
182092461,"Tschabalala Self - Lady in Yellow on Spiral Seat #2 Teal Background",6799722512483,"/products/lady-in-yellow-on-spiral-seat-2-teal-background","https://avantarte.com/products/lady-in-yellow-on-spiral-seat-2-teal-background","2026-09-14T13:01:22.933000","2022-09-06T12:18:13.155000",30000,12,"2022-10-13T13:00:00","[""print"", ""hand""]","private-release","",false,"","","","","","","",""
172054236,"Che Lovelace - Emerald and Sun Dancers",6757738709091,"/products/emerald-and-sun-dancers","https://avantarte.com/products/emerald-and-sun-dancers","2026-09-14T13:01:22.933000","2022-08-16T11:41:32.650000",3250,20,"2022-09-13T13:00:00","[""print"", ""hand""]","public-release","",false,"","","","","","","",""
160840244,"Lin Yen-Liang - Yummy!",6779035025507,"/products/yummy","https://avantarte.com/products/yummy","2026-09-14T13:01:22.933000","2022-07-12T08:41:54.749000",2050,"","2022-07-20T13:00:00","[""studioworks""]","draw-release","",false,"","","","","","","",""
212278040,"Haroshi - GUZO - OCEAN",6856416526435,"/products/guzo-ocean","https://avantarte.com/products/guzo-ocean","2026-09-14T13:01:22.933000","2022-11-11T14:23:16.470000",10000,50,"2022-11-25T14:00:00","[""sculpture""]","public-release","",false,"","","","","","","",""
154928233,"Alfie Caine - Desk with Shells",6773205532771,"/products/desk-with-shells","https://avantarte.com/products/desk-with-shells","2026-09-14T13:01:22.933000","2022-07-12T08:41:11.336000",4500,"","2022-07-20T13:00:00","[""studioworks""]","draw-release","",false,"","","","","","","",""
154928276,"Sun-Kyo Park - Measure the distance (Left)",6773214773347,"/products/copy-of-measure-the-distance-left","https://avantarte.com/products/copy-of-measure-the-distance-left","2026-09-14T13:01:22.933000","2022-07-12T08:41:38.537000",2900,"","2022-07-20T13:00:00","[""studioworks""]","draw-release","",false,"","","","","","","",""
141467960,"Julian Schnabel - The Swedish House 04",6747440644195,"/products/the-swedish-house-04","https://avantarte.com/products/the-swedish-house-04","2026-09-14T13:01:22.933000","2022-05-26T08:44:21.348000",44000,"","2022-06-13T13:00:00","[""print"", ""hand""]","private-release","",false,"","","","","","","",""
142370285,"Amir H. Fallah - Eternal Reflection (Pink)",6753325744227,"/products/eternal-reflection-pink","https://avantarte.com/products/eternal-reflection-pink","2026-09-14T13:01:22.933000","2022-06-01T14:53:00.852000",3000,20,"2022-06-13T13:00:00","[""print""]","public-release","",false,"","","","","","","",""
146018924,"Roby Dwi Antono - KINASIH",6762888200291,"/products/kinasih","https://avantarte.com/products/kinasih","2026-09-14T13:01:22.933000","2022-06-07T10:52:26.735000",750,200,"2022-06-27T13:00:00","[""print""]","draw-release","",false,"","","","","","","",""
167383708,"Roby Dwi Antono - BIAS II",6794888970339,"/products/bias-ii","https://avantarte.com/products/bias-ii","2026-09-14T13:01:22.933000","2022-09-05T12:12:03.072000",4500,75,"2022-10-24T13:00:00","[""sculpture""]","draw-release","",false,"","","","","","","",""
146025500,"Roby Dwi Antono - OKTA",6762888396899,"/products/okta","https://avantarte.com/products/okta","2026-09-14T13:01:22.933000","2022-06-07T10:52:24.950000",750,200,"2022-06-27T13:00:00","[""print""]","draw-release","",false,"","","","","","","",""
212072271,"Fvckrender - TOUCHED//",6860381257827,"/products/touched","https://avantarte.com/products/touched","2026-09-14T13:01:22.933000","2022-11-04T09:33:15",2750,20,"2022-11-10T14:00:00","[""sculpture""]","public-release","",false,"","","","","","","",""
135137958,"Angel Otero - Broken Record",6751889916003,"/products/broken-record","https://avantarte.com/products/broken-record","2026-09-14T13:01:22.933000","2022-05-16T16:05:28",4000,25,"2022-06-07T13:00:00","[""print"", ""hand""]","public-release","",false,"","","","","","","",""
146446642,"Nicolas Holiber - Mask of a Woman (Green Patina)",6757757681763,"/products/mask-of-a-woman-green-patina","https://avantarte.com/products/mask-of-a-woman-green-patina","2026-09-14T13:01:22.933000","2022-06-09T08:26:30.525000",3750,5,"2022-06-23T13:00:00","[""sculpture""]","public-release","",false,"","","","","","","",""
142366965,"Amir H. Fallah - Eternal Reflection (Yellow)",6753347764323,"/products/eternal-reflection-yellow","https://avantarte.com/products/eternal-reflection-yellow","2026-09-14T13:01:22.933000","2022-06-01T14:53:03.830000",3000,20,"2022-06-13T13:00:00","[""print""]","public-release","",false,"","","","","","","",""
160840181,"b.wing - We Are the World",6779031191651,"/products/we-are-the-world","https://avantarte.com/products/we-are-the-world","2026-09-14T13:01:22.933000","2022-07-12T09:18:32.005000",1080,"","2022-07-20T13:00:00","[""studioworks""]","draw-release","",false,"","","","","","","",""
142399567,"James Jean - Woodcutter (Bronze)",6757775573091,"/products/woodcutter-bronze","https://avantarte.com/products/woodcutter-bronze","2026-09-14T13:01:22.933000","2022-05-31T12:10:25.775000",7500,50,"2022-06-30T13:00:00","[""sculpture""]","public-release","",false,"","","","","","","",""
146483362,"A-Lei - Magesian",6757769674851,"/products/magesian","https://avantarte.com/products/magesian","2026-09-14T13:01:22.933000","2022-06-30T08:21:32.897000",7800,100,"2022-07-15T13:00:00","[""sculpture""]","private-release","",false,"","","","","","","",""
208013593,"Felix Treadwell - Kindred Spirit",6856415084643,"/products/kindred-spirit","https://avantarte.com/products/kindred-spirit","2026-09-14T13:01:22.933000","2022-11-03T09:17:07.609000",1600,40,"2022-11-18T14:00:00","[""print"", ""hand""]","public-release","",false,"","","","","","","",""
219028881,"Tomokazu Matsuyama - The Seed Shiver Shine & Bright",6764089114723,"/products/the-seed-shiver-shine-bright","https://avantarte.com/products/the-seed-shiver-shine-bright","2026-09-14T13:01:22.933000","2022-11-28T15:30:59.491000",5000,75,"2022-12-12T14:00:00","[""print""]","draw-release","",true,"","","","","","","",""
154928279,"Sun-Kyo Park - Measure the distance (Right)",6773214511203,"/products/measure-the-distance-right","https://avantarte.com/products/measure-the-distance-right","2026-09-14T13:01:22.933000","2022-07-12T08:41:42.187000",2900,"","2022-07-20T13:00:00","[""studioworks""]","draw-release","",false,"","","","","","","",""
218506793,"Ayako Rokkaku - Untitled",6864327573603,"/products/ayako-rokkaku-untitled-1","https://avantarte.com/products/ayako-rokkaku-untitled-1","2026-09-14T13:01:22.933000","2022-11-15T07:18:01.179000",500,3591,"2022-11-23T10:00:00","[""print""]","timed-release","2022-11-24T10:00:00",false,"","","","","","","",""
141467964,"Julian Schnabel - The Swedish House 07",6747442774115,"/products/the-swedish-house-07","https://avantarte.com/products/the-swedish-house-07","2026-09-14T13:01:22.933000","2022-05-26T08:44:36.504000",44000,"","2022-06-13T13:00:00","[""print"", ""hand""]","private-release","",false,"","","","","","","",""
142371587,"Amir H. Fallah - Eternal Reflection (Teal)",6753355464803,"/products/eternal-reflection-teal","https://avantarte.com/products/eternal-reflection-teal","2026-09-14T13:01:22.933000","2022-06-01T14:52:54.489000",3000,20,"2022-06-13T13:00:00","[""print""]","public-release","",false,"","","","","","","",""
156031996,"Clayton Schiff - Visitor",6770557583459,"/products/visitor","https://avantarte.com/products/visitor","2026-09-14T13:01:22.933000","2022-07-12T11:01:18.879000",750,30,"2022-07-29T13:00:00","[""print""]","public-release","",false,"","","","","","","",""
155562041,"Stickymonger - Thank You, Plastic (Cup Noodle)",6773490974819,"/products/thank-you-plastic-cup-noodle","https://avantarte.com/products/thank-you-plastic-cup-noodle","2026-09-14T13:01:22.933000","2022-07-11T10:20:32.020000",2000,25,"2022-08-02T13:00:00","[""print""]","draw-release","",false,"","","","","","","",""
141168525,"Erik Parker - Free Ride",6756759502947,"/products/free-ride","https://avantarte.com/products/free-ride","2026-09-14T13:01:22.933000","2022-06-14T14:58:49.902000",10000,15,"2022-08-12T13:00:00","[""print""]","public-release","",false,"","","","","","","",""
218598258,"Paul McCarthy - Santa with Butt Plug Bronze 11.4 inches",6864355590243,"/products/santa-with-butt-plug-bronze-11-4-inches","https://avantarte.com/products/santa-with-butt-plug-bronze-11-4-inches","2026-09-14T13:01:22.933000","2022-12-01T06:31:25.534000",25000,25,"2022-12-06T14:00:00","[""sculpture""]","private-release","",false,"","","","","","","",""
142371555,"Amir H. Fallah - Eternal Reflection (Purple)",6753354547299,"/products/eternal-reflection-purple","https://avantarte.com/products/eternal-reflection-purple","2026-09-14T13:01:22.933000","2022-06-01T14:52:57.708000",3000,20,"2022-06-13T13:00:00","[""print""]","public-release","",false,"","","","","","","",""
161165529,"Makiko Kudo - Nanohana Ramen",6773708783715,"/products/nanohana-ramen","https://avantarte.com/products/nanohana-ramen","2026-09-14T13:01:22.933000","2022-07-19T13:52:28.060000",700,80,"2022-08-17T13:00:00","[""print""]","public-release","",false,"","","","","","","",""
181872314,"Kudzanai-Violet Hwami - Kudzi",6818475278435,"/products/kudzi","https://avantarte.com/products/kudzi","2026-09-14T13:01:22.933000","2022-08-31T16:08:31.537000",4000,35,"2022-09-23T13:00:00","[""print""]","public-release","",false,"","","","","","","",""
184390957,"Larry Bell - Little 3DVD",6826760634467,"/products/little-3dvd","https://avantarte.com/products/little-3dvd","2026-09-14T13:01:22.933000","2022-10-11T12:47:23.500000",7500,35,"2022-12-01T13:00:00","[""sculpture""]","public-release","",false,"","","","","","","",""
213277030,"Okokume - Sumergidos",6861330382947,"/products/sumergidos","https://avantarte.com/products/sumergidos","2026-09-14T13:01:22.933000","2023-01-06T12:22:20.931000",850,50,"2023-01-24T14:00:00","[]","public-release","",false,"","","","","","","",""
236254808,"Liang Fu - Anonyme",6876624453731,"/products/anonyme","https://avantarte.com/products/anonyme","2026-09-14T13:01:22.933000","2022-12-19T17:12:30.295000",700,25,"2023-01-19T14:00:00","[""print""]","public-release","",false,"","","","","","","",""
124735461,"Mr. StarCity - Holding onto Faith",6738304663651,"/products/holding-onto-faith","https://avantarte.com/products/holding-onto-faith","2026-09-14T13:01:22.934000","2022-04-25T12:44:37.299000",3500,40,"2022-05-12T13:00:00","[""print""]","public-release","",false,"","","","","","","",""
107174152,"Jaime Muñoz - Self Portrait",6701967179875,"/products/self-portrait","https://avantarte.com/products/self-portrait","2026-09-14T13:01:22.934000","2022-08-01T16:10:02.293000",1200,35,"2022-09-07T13:00:00","[""print"", ""hand""]","public-release","",false,"","","","","","","",""
110307326,"Patrick Quarm - Twilight (Yellow)",6704389521507,"/products/twilight-yellow","https://avantarte.com/products/twilight-yellow","2026-09-14T13:01:22.934000","2022-02-25T10:48:43.496000",3500,15,"2022-03-24T14:00:00","[""print""]","public-release","",false,"","","","","","","",""
110300547,"Patrick Quarm - Twilight (Blue)",6708451967075,"/products/twilight-blue","https://avantarte.com/products/twilight-blue","2026-09-14T13:01:22.934000","2022-03-15T16:36:26.745000",3500,15,"2022-03-24T14:00:00","[""print""]","","",false,"","","","","","","",""
101705077,"Christian Rex van Minnen - Parallax",6695826292835,"/products/parallax","https://avantarte.com/products/parallax","2026-09-14T13:01:22.934000","2022-01-31T08:52:24.458000",500,606,"2022-02-22T16:00:00","[""print""]","timed-release","2022-02-23T16:00:00",false,"","","","","","","",""
121622128,"Stickymonger - Midnight Ride",6734813102179,"/products/midnight-ride","https://avantarte.com/products/midnight-ride","2026-09-14T13:01:22.934000","2022-04-21T09:32:12.061000",1500,50,"2022-05-04T13:00:00","[""print""]","draw-release","2022-05-04T13:00:00",true,"","","","","","","",""
133613757,"Joakim Ojanen - Heartbreaker (Violet)",6750109597795,"/products/heartbreaker-violet","https://avantarte.com/products/heartbreaker-violet","2026-09-14T13:01:22.934000","2022-06-29T08:19:06.179000",3500,30,"2022-07-26T13:00:00","[""sculpture""]","public-release","",false,"","","","","","","",""
106649501,"TIDE - NITE NITE (White)",6697694527587,"/products/nite-nite-white","https://avantarte.com/products/nite-nite-white","2026-09-14T13:01:22.934000","2022-02-28T08:59:46.683000",4000,50,"2022-03-03T14:00:00","[""sculpture""]","public-release","",false,"","","","","","","",""
113661659,"Mark Whalen - Lucky Charm",6720466747491,"/products/lucky-charm","https://avantarte.com/products/lucky-charm","2026-09-14T13:01:22.934000","2022-03-14T09:08:36.464000",5500,25,"2022-03-30T13:00:00","[""sculpture""]","public-release","",false,"","","","","","","",""
148149538,"Koichi Sato - Brush Sense of Values",6764997181539,"/products/brush-sense-of-values","https://avantarte.com/products/brush-sense-of-values","2026-09-14T13:01:22.934000","2022-07-04T08:02:23.202000",4000,35,"2022-07-13T13:00:00","[""print""]","public-release","",false,"","","","","","","",""
107244741,"Esiri Erheriene-Essi - And All of My Friends Were There",6702016364643,"/products/and-all-of-my-friends-were-there","https://avantarte.com/products/and-all-of-my-friends-were-there","2026-09-14T13:01:22.934000","2022-02-15T15:59:14",1000,35,"2022-03-10T14:00:00","[""print""]","public-release","",false,"","","","","","","",""
130945539,"Rafa Macarrón - Fabula",6746831880291,"/products/fabula","https://avantarte.com/products/fabula","2026-09-14T13:01:22.934000","2022-05-11T09:33:43.988000",12000,30,"2022-05-30T13:00:00","[""sculpture""]","private-release","",false,"","","","","","","",""
131970433,"Anna Weyant - Loose Screw",6747859386467,"/products/loose-screw","https://avantarte.com/products/loose-screw","2026-09-14T13:01:22.934000","2022-05-24T07:59:26.604000",6000,15,"2022-05-26T13:00:00","[""print""]","public-release","",false,"","","","","","","",""
121622519,"Stickymonger - Waiting - West 4th",6734813757539,"/products/waiting-west-4th","https://avantarte.com/products/waiting-west-4th","2026-09-14T13:01:22.934000","2022-04-21T09:32:01.279000",1500,50,"2022-05-04T13:00:00","[""print""]","draw-release","2022-05-04T13:00:00",true,"","","","","","","",""
169476016,"Camilla Engström - Yellow Moon",6795731599459,"/products/yellow-moon","https://avantarte.com/products/yellow-moon","2026-09-14T13:01:22.934000","2022-08-12T15:44:52.111000",900,50,"2022-09-01T13:00:00","[""print""]","public-release","",false,"","","","","","","",""
131999241,"Johnson Tsang - Searching for Spring",6747883634787,"/products/searching-for-spring","https://avantarte.com/products/searching-for-spring","2026-09-14T13:01:22.934000","2022-05-10T16:36:35.128000",500,250,"2022-05-30T13:00:00","[""sculpture""]","public-release","",false,"","","","","","","",""
115676506,"Nigel Howlett - Submission",6724407361635,"/products/submission","https://avantarte.com/products/submission","2026-09-14T13:01:22.934000","2022-03-24T09:42:14.217000",3500,50,"2022-03-31T13:00:00","[""print""]","public-release","",false,"","","","","","","",""
101106071,"Super Future Kid - I beg your Garden",6695166050403,"/products/i-beg-your-garden","https://avantarte.com/products/i-beg-your-garden","2026-09-14T13:01:22.934000","2022-03-04T10:04:43.706000",1500,100,"2022-03-11T14:00:00","[""print"", ""hand""]","public-release","",false,"","","","","","","",""
126017043,"Paul Insect - Peace",6738009030755,"/products/peace","https://avantarte.com/products/peace","2026-09-14T13:01:22.934000","2022-04-21T10:59:15.784000",250,269,"2022-04-28T11:00:00","[""print""]","timed-release","2022-04-30T11:00:00",false,"","","","","","","",""
107210908,"Stickymonger - Sweet Junkfood",6701997195363,"/products/sweet-junkfood","https://avantarte.com/products/sweet-junkfood","2026-09-14T13:01:22.934000","2022-03-03T13:11:09.811000",1500,75,"2022-03-08T14:00:00","[""print""]","public-release","",false,"","","","","","","",""
115678321,"Nigel Howlett - The Face Before You Were Born",6724405657699,"/products/the-face-before-you-were-born","https://avantarte.com/products/the-face-before-you-were-born","2026-09-14T13:01:22.934000","2022-03-24T09:43:21.665000",85,300,"2022-03-31T13:00:00","[""collectible""]","public-release","",false,"","","","","","","",""
124291579,"Nikki Maloof - Oranges",6737792467043,"/products/oranges","https://avantarte.com/products/oranges","2026-09-14T13:01:22.934000","2022-04-19T20:56:14.800000",1650,20,"2022-05-09T13:00:00","[""print""]","public-release","",false,"","","","","","","",""
132992344,"Takahiro Komuro - Ground Dragon",6749517578339,"/products/ground-dragon","https://avantarte.com/products/ground-dragon","2026-09-14T13:01:22.934000","2022-05-12T17:17:32.891000",6000,30,"2022-05-31T13:00:00","[""sculpture""]","public-release","",false,"","","","","","","",""
107180620,"Jessie Makinson - Stay here while I get a curse",6701971505251,"/products/stay-here-while-i-get-a-curse","https://avantarte.com/products/stay-here-while-i-get-a-curse","2026-09-14T13:01:22.934000","2022-02-18T15:08:30.572000",850,50,"2022-03-07T14:00:00","[""print""]","public-release","",false,"","","","","","","",""
105452314,"George Rouy - Keeping it for Myself",6697692594275,"/products/keeping-it-for-myself","https://avantarte.com/products/keeping-it-for-myself","2026-09-14T13:01:22.934000","2022-02-10T15:15:04",750,50,"2022-02-24T14:00:00","[""print""]","public-release","",false,"","","","","","","",""
128230301,"Ryol - RABBIT CAR ON THE HEAD",6742492479587,"/products/rabbit-car-on-the-head","https://avantarte.com/products/rabbit-car-on-the-head","2026-09-14T13:01:22.934000","2022-04-28T15:07:36.146000",850,25,"2022-05-16T13:00:00","[""print""]","draw-release","",false,"","","","","","","",""
129041862,"Imon Boy - Besito",6743414472803,"/products/besito","https://avantarte.com/products/besito","2026-09-14T13:01:22.934000","2022-04-29T13:07:11.867000",650,20,"2022-05-06T13:00:00","[""print""]","public-release","",false,"","","","","","","",""
128223973,"Ryol - FELAX",6742491365475,"/products/felax","https://avantarte.com/products/felax","2026-09-14T13:01:22.934000","2022-04-28T15:07:57",850,25,"2022-05-16T13:00:00","[]","draw-release","",false,"","","","","","","",""
101475207,"Aubrey Levinthal - Bed/Beach",6695164084323,"/products/bed-beach","https://avantarte.com/products/bed-beach","2026-09-14T13:01:22.934000","2022-02-07T13:43:47.971000",575,20,"2022-02-24T14:00:00","[""print""]","public-release","",false,"","","","","","","",""
107240619,"Arghavan Khosravi - The Morning Light",6702012170339,"/products/the-morning-light","https://avantarte.com/products/the-morning-light","2026-09-14T13:01:22.934000","2022-02-23T13:55:31.094000",3000,20,"2022-03-09T14:00:00","[""print""]","public-release","",false,"","","","","","","",""
115682098,"Nigel Howlett - The Face Before You Were Born (Signed Collector's Edition)",6724405198947,"/products/the-face-before-you-were-born-signed-collectors-edition","https://avantarte.com/products/the-face-before-you-were-born-signed-collectors-edition","2026-09-14T13:01:22.934000","2022-03-24T09:43:26.356000",250,125,"2022-03-31T13:00:00","[""collectible""]","public-release","",false,"","","","","","","",""
131786922,"Peter Halley - Galaxia II",6743939711075,"/products/galaxia-ii","https://avantarte.com/products/galaxia-ii","2026-09-14T13:01:22.934000","2022-05-16T07:25:16",4000,40,"2022-05-23T13:00:00","[""print""]","public-release","",false,"","","","","","","",""
133608353,"Joakim Ojanen - Heartbreaker (Red)",6750108221539,"/products/heartbreaker-red","https://avantarte.com/products/heartbreaker-red","2026-09-14T13:01:22.934000","2022-06-29T08:19:09.002000",3500,30,"2022-07-26T13:00:00","[""sculpture""]","public-release","",false,"","","","","","","",""
106505144,"TIDE - NITE NITE (Black)",6697695117411,"/products/nite-nite-black","https://avantarte.com/products/nite-nite-black","2026-09-14T13:01:22.934000","2022-02-28T09:00:24.229000",4000,50,"2022-03-03T14:00:00","[""sculpture""]","public-release","",false,"","","","","","","",""
121622047,"Cristina de Miguel - Two figures in the wind",6734814019683,"/products/two-figures-in-the-wind","https://avantarte.com/products/two-figures-in-the-wind","2026-09-14T13:01:22.934000","2022-04-13T09:10:39.801000",2750,25,"2022-05-09T13:00:00","[""print""]","public-release","",false,"","","","","","","",""
112399744,"Hebru Brantley - Free Advice",6713400590435,"/products/free-advice","https://avantarte.com/products/free-advice","2026-09-14T13:01:22.934000","2022-03-25T17:55:50.612000",7500,60,"2022-04-01T13:00:00","[""sculpture""]","public-release","",false,"","","","","","","",""
119403960,"Adriana Oliver - Our Day",6731420368995,"/products/our-day","https://avantarte.com/products/our-day","2026-09-14T13:01:22.934000","2022-04-07T08:32:05.188000",1600,100,"2022-04-25T13:00:00","[""print""]","draw-release","2022-04-25T13:00:00",true,"","","","","","","",""
108997907,"Tomokazu Matsuyama - Clocks Daylight Jump",6704381591651,"/products/clocks-daylight-jump","https://avantarte.com/products/clocks-daylight-jump","2026-09-14T13:01:22.934000","2022-03-07T11:07:58.689000",3800,100,"2022-03-16T14:00:00","[""print""]","draw-release","",true,"","","","","","","",""
133213126,"Rafa Macarrón - Indi",6747364589667,"/products/indi","https://avantarte.com/products/indi","2026-09-14T13:01:22.934000","2022-05-11T09:33:36.116000",12000,30,"2022-05-30T13:00:00","[""sculpture""]","private-release","",false,"","","","","","","",""
132401629,"Gina Beavers - Painting hearts and Ab-Exers on my lips",6748373254243,"/products/painting-hearts-and-ab-exers-on-my-lips","https://avantarte.com/products/painting-hearts-and-ab-exers-on-my-lips","2026-09-14T13:01:22.934000","2022-05-20T09:36:37.827000",2000,30,"2022-06-06T13:00:00","[""print""]","public-release","",false,"","","","","","","",""
111684288,"Khari Turner - Rest and Wellness",6708449804387,"/products/rest-and-wellness","https://avantarte.com/products/rest-and-wellness","2026-09-14T13:01:22.934000","2022-03-15T16:36:40.121000",4500,30,"2022-03-24T14:00:00","[""print"", ""hand""]","public-release","",false,"","","","","","","",""
112476672,"Gisela McDaniel - Are you watching?",6704389226595,"/products/are-you-watching","https://avantarte.com/products/are-you-watching","2026-09-14T13:01:22.934000","2022-03-21T15:57:15.632000",4000,30,"2022-03-24T14:00:00","[""print""]","public-release","",false,"","","","","","","",""
125412868,"Mr. StarCity - The People I've Never Met",6738286411875,"/products/the-people-i-ve-never-met","https://avantarte.com/products/the-people-i-ve-never-met","2026-09-14T13:01:22.934000","2022-04-25T12:44:41.780000",4500,20,"2022-05-12T13:00:00","[""sculpture""]","public-release","",false,"","","","","","","",""
103283871,"Tomás Sánchez - Sonido de aguas en la noche",6696632615011,"/products/sonido-de-aguas-en-la-noche","https://avantarte.com/products/sonido-de-aguas-en-la-noche","2026-09-14T13:01:22.934000","2022-02-10T11:22:48.440000",5600,50,"2022-02-21T14:00:00","[""print""]","public-release","",false,"","","","","","","",""
115684155,"Felix Treadwell - Silent Commuter",6704453746787,"/products/silent-commuter","https://avantarte.com/products/silent-commuter","2026-09-14T13:01:22.934000","2022-03-21T11:26:57.695000",900,80,"2022-03-30T13:00:00","[""print""]","public-release","",false,"","","","","","","",""
77063524,"Katrin Fridriks - Waving Miracle - Magic Mind",3923498303587,"/products/waving-miracle-magic-mind","https://avantarte.com/products/waving-miracle-magic-mind","2026-09-14T13:01:22.935000","2021-10-11T14:26:42.920000",733,77,"2017-06-07T00:00:00","[""print""]","","",false,"","","","","","","",""
77170439,"Robert Nava - Untitled 4",3928621318243,"/products/untitled-4","https://avantarte.com/products/untitled-4","2026-09-14T13:01:22.935000","2021-10-11T17:20:40",917,0,"2018-05-02T00:00:00","[""studioworks""]","","",false,"","","","","","","Unique work",""
77287732,"Tunji Adeniyi-Jones - Violet Dance",6642323226723,"/products/violet-dance","https://avantarte.com/products/violet-dance","2026-09-14T13:01:22.935000","2021-10-12T11:12:51",1500,40,"2021-10-14T14:00:00","[""print""]","","",false,"","","","","","","",""
86233856,"Elmgreen & Dragset - The Observer",6668757827683,"/products/the-observer","https://avantarte.com/products/the-observer","2026-09-14T13:01:22.935000","2021-11-26T14:49:11",5500,50,"2021-12-08T14:00:00","[""sculpture""]","private-release","",false,"","","","","","","",""
77219450,"Nathalie Djurberg & Hans Berg - The Advantage 03",6630671646819,"/products/the-advantage-03","https://avantarte.com/products/the-advantage-03","2026-09-14T13:01:22.935000","2021-10-12T10:52:46.893000",7500,1,"2021-09-21T14:00:00","[""sculpture""]","","",false,"","","","","","","",""
177482709,"LY - This is LUV (Small)",6814899142755,"/products/this-is-luv-small","https://avantarte.com/products/this-is-luv-small","2026-09-14T13:01:22.935000","2021-12-10T14:56:56.355000",4000,50,"2022-09-26T13:00:00","[""sculpture""]","draw-release","",true,"","","","","","","",""
177482782,"LY - With his Sidekick (Small)",6814902419555,"/products/with-his-sidekick-small","https://avantarte.com/products/with-his-sidekick-small","2026-09-14T13:01:22.935000","2022-09-08T09:56:05.470000",4000,50,"2022-09-26T13:00:00","[""sculpture""]","draw-release","",true,"","","","","","","",""
76998879,"Chris Succo - Paul's Backyard",3923454263395,"/products/pauls-backyard","https://avantarte.com/products/pauls-backyard","2026-09-14T13:01:22.935000","2021-10-11T12:41:49.373000",790,25,"2019-02-06T23:00:00","[""print""]","","",false,"","","","","","","Limited edition",""
77289226,"Nathalie Djurberg & Hans Berg - The Advantage 25",6630586515555,"/products/the-advantage-25","https://avantarte.com/products/the-advantage-25","2026-09-14T13:01:22.935000","2021-10-12T10:52:46.893000",7500,1,"2021-09-21T14:00:00","[""sculpture""]","","","","","","","","","","",""
77118873,"Kevin Francis Gray - Breakdown Work Study #3 (Marquina)",4742263144547,"/products/breakdown-work-study-3-carrara","https://avantarte.com/products/breakdown-work-study-3-carrara","2026-09-14T13:01:22.935000","2021-10-11T18:35:48.634000",10000,1,"2020-11-30T13:00:00","[""sculpture""]","","","","","","","","","","",""
77168841,"Robert Nava - Untitled",3928625184867,"/products/robert-nava-untitled","https://avantarte.com/products/robert-nava-untitled","2026-09-14T13:01:22.935000","2021-10-11T17:20:40",917,0,"2018-05-02T00:00:00","[""studioworks""]","","",false,"","","","","","","Unique work",""
77118845,"Kevin Francis Gray - Breakdown Work Study #3 (Carrara)",4742263210083,"/products/breakdown-work-study-3-carrara-1","https://avantarte.com/products/breakdown-work-study-3-carrara-1","2026-09-14T13:01:22.935000","2021-10-11T18:35:48.634000",10000,1,"2020-11-30T13:00:00","[""sculpture""]","","","","","","","","","","",""
77189180,"Kevin Francis Gray - Breakdown Work Study #4 (Marquina)",4742261145699,"/products/breakdown-work-study-4-marquina","https://avantarte.com/products/breakdown-work-study-4-marquina","2026-09-14T13:01:22.935000","2021-10-11T18:35:48.634000",10000,1,"2020-11-30T13:00:00","[""sculpture""]","","","","","","","","","","",""
94182615,"Roby Dwi Antono - BIAS",6682110460003,"/products/bias","https://avantarte.com/products/bias","2026-09-14T13:01:22.935000","2022-01-11T14:51:00",2750,30,"2022-02-09T14:00:00","[""print""]","draw-release","",true,"","","","","","","",""
77217919,"Nathalie Djurberg & Hans Berg - The Advantage 02",6630578356323,"/products/the-advantage-02","https://avantarte.com/products/the-advantage-02","2026-09-14T13:01:22.935000","2021-10-12T10:52:46.893000",7500,1,"2021-09-21T14:00:00","[""sculpture""]","","","","","","","","","","",""
86743257,"Mark Whalen - OK OKAY",3923077660771,"/products/ok-okay","https://avantarte.com/products/ok-okay","2026-09-14T13:01:22.935000","2021-11-19T17:03:51.856000",300,75,"2019-08-07T10:30:00","[""sculpture""]","public-release","",false,"","","","","","","Limited edition",""
77287923,"Nathalie Djurberg & Hans Berg - The Advantage 21",6630576816227,"/products/the-advantage-21","https://avantarte.com/products/the-advantage-21","2026-09-14T13:01:22.935000","2021-10-12T10:52:46.893000",7500,1,"2021-09-21T14:00:00","[""sculpture""]","","","","","","","","","","",""
77288469,"Nathalie Djurberg & Hans Berg - The Advantage 22",6630578651235,"/products/the-advantage-22","https://avantarte.com/products/the-advantage-22","2026-09-14T13:01:22.935000","2021-10-12T10:52:46.893000",7500,1,"2021-09-21T14:00:00","[""sculpture""]","","","","","","","","","","",""
79919677,"Isshaq Ismail - Talking Faces 5",6651318698083,"/products/isshaq-ismail-talking-faces-5","https://avantarte.com/products/isshaq-ismail-talking-faces-5","2026-09-14T13:01:22.935000","2021-10-25T13:08:33",7600,1,"2021-10-06T00:00:00","[]","","",false,"","","","","","","",""
78361460,"Frédéric Platéus - Polaris",3923109937251,"/products/polaris","https://avantarte.com/products/polaris","2026-09-14T13:01:22.935000","2021-10-18T10:44:11.215000",1468,50,"2019-06-14T12:00:00","[""sculpture""]","","",false,"","","","","","","Limited edition",""
76997207,"Chris Succo - Daytona",3923450036323,"/products/daytona","https://avantarte.com/products/daytona","2026-09-14T13:01:22.935000","2021-10-11T12:41:49.373000",850,25,"2019-02-06T23:00:00","[""print""]","","",false,"","","","","","","Limited edition",""
77223331,"Nathalie Djurberg & Hans Berg - The Advantage 16",6625231306851,"/products/the-advantage","https://avantarte.com/products/the-advantage","2026-09-14T13:01:22.935000","2021-10-12T10:52:46.893000",7500,1,"2021-09-21T14:00:00","[""sculpture""]","","","","","","","","","","",""
80261304,"Hebru Brantley - Gaia (Black Marble)",6626392178787,"/products/gaia-black-marble","https://avantarte.com/products/gaia-black-marble","2026-09-14T13:01:22.935000","2021-10-27T09:27:18.850000",35000,8,"2021-11-29T14:00:00","[""sculpture""]","private-release","",false,"","","","","","","",""
77538492,"James Jean - Slingshot Requiem (Print)",6647219552355,"/products/slingshot-requiem-print","https://avantarte.com/products/slingshot-requiem-print","2026-09-14T13:01:22.935000","2021-10-17T20:20:30",975,100,"2021-10-27T14:00:00","[""print""]","","",false,"","","","","","","",""
79900856,"Isshaq Ismail - Talking Faces 4",6651317682275,"/products/isshaq-ismail-talking-faces-4","https://avantarte.com/products/isshaq-ismail-talking-faces-4","2026-09-14T13:01:22.935000","2021-10-25T13:08:33",7600,1,"2021-10-06T00:00:00","[]","","",false,"","","","","","","",""
99164824,"Hideaki Kawashima - Drawing",6691765256291,"/products/drawing","https://avantarte.com/products/drawing","2026-09-14T13:01:22.935000","2022-01-24T11:57:07.272000",750,40,"2022-02-11T14:00:00","[""print""]","public-release","",false,"","","","","","","",""
76956649,"Joakim Ojanen - Lill-Lörda (Yellow)",6550116237411,"/products/lill-lorda-yellow-1","https://avantarte.com/products/lill-lorda-yellow-1","2026-09-14T13:01:22.935000","2021-10-11T10:58:52.247000",2000,25,"2021-03-31T00:00:00","[""sculpture""]","","",false,"","","","","","","",""
77223290,"Nathalie Djurberg & Hans Berg - The Advantage 15",6630591365219,"/products/the-advantage-15","https://avantarte.com/products/the-advantage-15","2026-09-14T13:01:22.935000","2021-10-12T10:52:46.893000",7500,1,"2021-09-21T14:00:00","[""sculpture""]","","","","","","","","","","",""
77223271,"Nathalie Djurberg & Hans Berg - The Advantage 12",6630669451363,"/products/the-advantage-12","https://avantarte.com/products/the-advantage-12","2026-09-14T13:01:22.935000","2021-10-12T10:52:46.893000",7500,1,"2021-09-21T14:00:00","[""sculpture""]","","","","","","","","","","",""
77679996,"Jake & Dinos Chapman - Limited Edition Etchings - 6B",3924746141795,"/products/limited-edition-etchings-6b","https://avantarte.com/products/limited-edition-etchings-6b","2026-09-14T13:01:22.935000","2021-10-13T15:21:58.098000",400,100,"2017-10-06T00:00:00","[""print""]","","",false,"","","","","","","Limited edition",""
77307381,"Jonny Niesche - Cosmic Calculator",3928465244259,"/products/cosmic-calculator","https://avantarte.com/products/cosmic-calculator","2026-09-14T13:01:22.935000","2021-10-12T15:19:46.343000",450,50,"2017-07-12T00:00:00","[""print""]","","",false,"","","","","","","Limited edition",""
92576884,"Tomoo Gokita - Oscalypso",6679482400867,"/products/oscalypso","https://avantarte.com/products/oscalypso","2026-09-14T13:01:22.935000","2021-12-15T17:54:47",4000,40,"2022-02-15T14:00:00","[""print""]","private-release","",false,"","","","","","","",""
89640679,"Christian Rex van Minnen - Very Thick Avatar",6674288541795,"/products/very-thick-avatar","https://avantarte.com/products/very-thick-avatar","2026-09-14T13:01:22.935000","2021-12-06T10:26:50.140000",8500,1,"2021-12-14T14:00:00","[""print""]","private-release","",false,"","","","","","","",""
89635273,"Christian Rex van Minnen - Angry Feels",6674280874083,"/products/angry-feels","https://avantarte.com/products/angry-feels","2026-09-14T13:01:22.935000","2021-12-06T10:26:49.472000",8500,1,"2021-12-14T14:00:00","[""print""]","private-release","",false,"","","","","","","",""
77088029,"Michael Kagan - We Leave As We Came",3928682168419,"/products/we-leave-as-we-came","https://avantarte.com/products/we-leave-as-we-came","2026-09-14T13:01:22.935000","2021-10-11T15:44:07.959000",600,100,"2018-12-10T23:00:00","[""print""]","","",false,"","","","","","","Limited edition",""
77112385,"Kevin Francis Gray - Breakdown Work Study #2 (Carrara)",4742257999971,"/products/breakdown-work-study-2-carrara","https://avantarte.com/products/breakdown-work-study-2-carrara","2026-09-14T13:01:22.935000","2021-10-11T18:35:48.634000",10000,1,"2020-11-30T13:00:00","[""sculpture""]","","","","","","","","","","",""
79919679,"Isshaq Ismail - Talking Faces 6",6651319189603,"/products/isshaq-ismail-talking-faces-6","https://avantarte.com/products/isshaq-ismail-talking-faces-6","2026-09-14T13:01:22.935000","2021-10-25T13:08:33",7600,1,"2021-10-06T00:00:00","[]","","",false,"","","","","","","",""
82323222,"Paul Insect - Cosmodela (Duponti)",6669180567651,"/products/cosmodela-duponti","https://avantarte.com/products/cosmodela-duponti","2026-09-14T13:01:22.935000","2021-11-03T11:49:18",4000,30,"2021-11-18T14:00:00","[""print""]","","",false,"","","","","","","",""
77172703,"Robert Nava - Untitled 9",3928612962403,"/products/untitled-9","https://avantarte.com/products/untitled-9","2026-09-14T13:01:22.935000","2021-10-11T17:20:40",917,0,"2018-05-02T00:00:00","[""studioworks""]","","",false,"","","","","","","Unique work",""
99993997,"Hideaki Kawashima - Drawing (Hand-finished)",6691767943267,"/products/drawing-hand-finished","https://avantarte.com/products/drawing-hand-finished","2026-09-14T13:01:22.935000","2022-01-31T11:56:40.671000",1500,10,"2022-02-11T14:00:00","[""print"", ""hand""]","private-release","",false,"","","","","","","",""
81556907,"Susumu Kamijo - Dance For Me In The Dusk",6659955589219,"/products/dance-for-me-in-the-dusk","https://avantarte.com/products/dance-for-me-in-the-dusk","2026-09-14T13:01:22.935000","2021-11-11T08:47:16.860000",10000,75,"2021-11-25T14:00:00","[""sculpture""]","private-release","",false,"","","","","","","",""
77287886,"Nathalie Djurberg & Hans Berg - The Advantage 18",6630594117731,"/products/the-advantage-18","https://avantarte.com/products/the-advantage-18","2026-09-14T13:01:22.935000","2021-10-12T10:52:46.893000",7500,1,"2021-09-21T14:00:00","[""sculpture""]","","","","","","","","","","",""
77095943,"Michael Kagan - Higher Places",3928456036451,"/products/higher-places","https://avantarte.com/products/higher-places","2026-09-14T13:01:22.935000","2021-10-11T15:51:26.906000",450,70,"2017-08-16T00:00:00","[""print""]","","",false,"","","","","","","Limited edition",""
77680292,"Jake & Dinos Chapman - Limited Edition Etchings - H",3928571379811,"/products/limited-edition-etchings-h","https://avantarte.com/products/limited-edition-etchings-h","2026-09-14T13:01:22.935000","2021-10-13T15:21:58.098000",400,100,"2017-10-06T00:00:00","[""print""]","","",false,"","","","","","","Limited edition",""
89006529,"LY - Still Confused",6673814323299,"/products/still-confused","https://avantarte.com/products/still-confused","2026-09-14T13:01:22.935000","2021-12-10T14:56:54",2000,50,"2022-01-20T14:00:00","[""print""]","draw-release","",true,"","","","","","","",""
76977451,"Alexis Ralaivao - Caroline",6612755480675,"/products/caroline","https://avantarte.com/products/caroline","2026-09-14T13:01:22.935000","2021-10-11T11:55:21.137000",1900,1,"2021-08-02T00:00:00","[""original"", ""studioworks""]","","",false,"","","","","","","",""
77219870,"Nathalie Djurberg & Hans Berg - The Advantage 05",6630579699811,"/products/the-advantage-05","https://avantarte.com/products/the-advantage-05","2026-09-14T13:01:22.935000","2021-10-12T10:52:46.893000",7500,1,"2021-09-21T14:00:00","[""sculpture""]","","","","","","","","","","",""
77289225,"Nathalie Djurberg & Hans Berg - The Advantage 24",6630579961955,"/products/the-advantage-24","https://avantarte.com/products/the-advantage-24","2026-09-14T13:01:22.935000","2021-10-12T10:52:46.893000",7500,1,"2021-09-21T14:00:00","[""sculpture""]","","","","","","","","","","",""
77071839,"Katrin Fridriks - Awakening Ride",3928416485475,"/products/awakening-ride","https://avantarte.com/products/awakening-ride","2026-09-14T13:01:22.935000","2021-10-11T14:26:42.920000",733,77,"2018-04-06T00:00:00","[""print"", ""hand""]","","",false,"","","","","","","",""
79919683,"Isshaq Ismail - Talking Faces 8",6651345633379,"/products/isshaq-ismail-talking-faces-8","https://avantarte.com/products/isshaq-ismail-talking-faces-8","2026-09-14T13:01:22.935000","2021-10-25T13:08:33",7600,1,"2021-10-06T00:00:00","[]","","",false,"","","","","","","",""
77219880,"Nathalie Djurberg & Hans Berg - The Advantage 06",6630580224099,"/products/the-advantage-06","https://avantarte.com/products/the-advantage-06","2026-09-14T13:01:22.935000","2021-10-12T10:52:46.893000",7500,1,"2021-09-21T14:00:00","[""sculpture""]","","","","","","","","","","",""
77223281,"Nathalie Djurberg & Hans Berg - The Advantage 14",6630590480483,"/products/the-advantage-14","https://avantarte.com/products/the-advantage-14","2026-09-14T13:01:22.935000","2021-10-12T10:52:46.893000",7500,1,"2021-09-21T14:00:00","[""sculpture""]","","","","","","","","","","",""
77336067,"James Jean - Slingshot",3928626659427,"/products/slingshot","https://avantarte.com/products/slingshot","2026-09-14T13:01:22.935000","2021-10-12T15:53:45.616000",4000,25,"2019-05-21T00:00:00","[""sculpture""]","","",false,"","","","","","","Limited edition",""
89640567,"Christian Rex van Minnen - Hello Fren",6674282020963,"/products/hello-fren","https://avantarte.com/products/hello-fren","2026-09-14T13:01:22.935000","2021-12-06T10:26:51.466000",8500,1,"2021-12-14T14:00:00","[""print""]","private-release","",false,"","","","","","","",""
77300075,"Jules De Balincourt - Island People",3928587436131,"/products/island-people","https://avantarte.com/products/island-people","2026-09-14T13:01:22.935000","2021-10-12T15:00:54.474000",472,70,"2018-02-17T23:00:00","[""print""]","","",false,"","","","","","","Limited edition",""
77118880,"Kevin Francis Gray - Breakdown Work Study #4 (Carrara)",4742268125283,"/products/breakdown-work-study-4-carrara","https://avantarte.com/products/breakdown-work-study-4-carrara","2026-09-14T13:01:22.935000","2021-10-11T18:35:48.634000",10000,1,"2020-11-30T13:00:00","[""sculpture""]","","","","","","","","","","",""
77012867,"Katrin Fridriks - Personal Speed of Light",3923498303587,"/products/personal-speed-of-light","https://avantarte.com/products/personal-speed-of-light","2026-09-14T13:01:22.935000","2021-10-11T13:55:35.326000",733,77,"2018-04-06T00:00:00","[""print""]","","",false,"","","","","","","",""
77114242,"Kevin Francis Gray - Breakdown Work Study #2 (Marquina)",4742253641827,"/products/breakdown-work-study-2-marquina","https://avantarte.com/products/breakdown-work-study-2-marquina","2026-09-14T13:01:22.935000","2021-10-11T18:35:48",10000,1,"2020-11-30T13:00:00","[""sculpture""]","","","","","","","","","","",""
79919686,"Isshaq Ismail - Talking Faces 10",6651347664995,"/products/isshaq-ismail-talking-faces-10","https://avantarte.com/products/isshaq-ismail-talking-faces-10","2026-09-14T13:01:22.935000","2021-10-25T13:08:33",7600,1,"2021-10-06T00:00:00","[]","","",false,"","","","","","","",""
89002797,"LY - Confused LUV (Small)",6673813700707,"/products/confused-luv-small","https://avantarte.com/products/confused-luv-small","2026-09-14T13:01:22.935000","2021-12-10T14:56:56.355000",3900,50,"2022-01-20T14:00:00","[""sculpture""]","draw-release","",true,"","","","","","","",""
77223275,"Nathalie Djurberg & Hans Berg - The Advantage 13",6630589431907,"/products/the-advantage-13","https://avantarte.com/products/the-advantage-13","2026-09-14T13:01:22.935000","2021-10-12T10:52:46.893000",7500,1,"2021-09-21T14:00:00","[""sculpture""]","","","","","","","","","","",""
77111744,"Marcus Brutus - Untitled 5",4658973704291,"/products/marcus-brutus-untitled-5","https://avantarte.com/products/marcus-brutus-untitled-5","2026-09-14T13:01:22.935000","2021-10-11T17:20:40",800,1,"2020-09-09T14:00:00","[""studioworks""]","","",false,"","","","","","","",""
76903980,"Antonia Showering - A Promise",6612739260515,"/products/a-promise-2021","https://avantarte.com/products/a-promise-2021","2026-09-14T13:01:22.935000","2021-10-11T08:30:19.989000",2500,1,"2021-06-15T13:00:00","[""original"", ""studioworks""]","","",false,"","","","","","","",""
77158089,"Mehdi Ghadyanloo - Untitled 4",4687365013603,"/products/mehdi-ghadyanloo-untitled-4","https://avantarte.com/products/mehdi-ghadyanloo-untitled-4","2026-09-14T13:01:22.935000","2021-10-11T17:20:40",3600,1,"2020-09-09T14:00:00","[""studioworks""]","","",false,"","","","","","","",""
77190221,"Kevin Francis Gray - Breakdown Work Study #5 (Marquina)",4742269763683,"/products/breakdown-work-study-5-marquina","https://avantarte.com/products/breakdown-work-study-5-marquina","2026-09-14T13:01:22.935000","2021-10-11T18:35:48.634000",10000,1,"2020-11-30T13:00:00","[""sculpture""]","","","","","","","","","","",""
97465068,"Tomás Sánchez - En el paisaje interior",6689244545123,"/products/en-el-paisaje-interior","https://avantarte.com/products/en-el-paisaje-interior","2026-09-14T13:01:22.935000","2022-01-13T16:27:01",350,625,"2022-01-27T17:00:00","[""print""]","timed-release","2022-01-28T17:00:00",false,"","","","","","","",""
76913607,"Claire Tabouret - The Swimmer",3923108102243,"/products/the-swimmer","https://avantarte.com/products/the-swimmer","2026-09-14T13:01:22.935000","2021-10-11T09:27:26.968000",1.376,75,"2019-06-26T00:00:00","[""print""]","","",false,"","","","","","","Limited edition",""
77111720,"Marcus Brutus - Untitled 3",4658973245539,"/products/marcus-brutus-untitled-3","https://avantarte.com/products/marcus-brutus-untitled-3","2026-09-14T13:01:22.935000","2021-10-11T17:20:40",800,1,"2020-09-09T14:00:00","[""studioworks""]","","",false,"","","","","","","",""
81619742,"Tomokazu Matsuyama - Daylight Away",6626290532451,"/products/daylight-away","https://avantarte.com/products/daylight-away","2026-09-14T13:01:22.935000","2021-11-01T15:01:23",4500,100,"2021-12-03T14:00:00","[""print""]","draw-release","",true,"","","","","","","",""
77222792,"Nathalie Djurberg & Hans Berg - The Advantage 11",6630668828771,"/products/the-advantage-11","https://avantarte.com/products/the-advantage-11","2026-09-14T13:01:22.935000","2021-10-12T10:52:46.893000",7500,1,"2021-09-21T14:00:00","[""sculpture""]","","","","","","","","","","",""
82304682,"Paul Insect - Cosmodela",6669180141667,"/products/cosmodela","https://avantarte.com/products/cosmodela","2026-09-14T13:01:22.935000","2021-11-03T11:05:02",2000,175,"2021-11-18T14:00:00","[""print""]","","",false,"","","","","","","",""
89641687,"Christian Rex van Minnen - GN Bearish",6674292801635,"/products/gn-bearish","https://avantarte.com/products/gn-bearish","2026-09-14T13:01:22.935000","2021-12-06T10:26:50.478000",8500,1,"2021-12-14T14:00:00","[""print""]","private-release","",false,"","","","","","","",""
76924216,"Joakim Ojanen - Lill-Lörda (Green/Blue)",6550116040803,"/products/lill-lorda-green-blue","https://avantarte.com/products/lill-lorda-green-blue","2026-09-14T13:01:22.935000","2021-10-11T10:58:52.247000",2000,25,"2021-03-31T00:00:00","[""sculpture""]","","",false,"","","","","","","",""
77205786,"Nathalie Djurberg & Hans Berg - The Advantage 01",6630577700963,"/products/the-advantage-01","https://avantarte.com/products/the-advantage-01","2026-09-14T13:01:22.935000","2021-10-12T10:52:46",7500,1,"2021-09-21T14:00:00","[""sculpture""]","","","","","","","","","","",""
89640542,"Christian Rex van Minnen - GM Bullish",6674280972387,"/products/gm-bullish","https://avantarte.com/products/gm-bullish","2026-09-14T13:01:22.935000","2021-12-06T10:26:38.525000",8500,1,"2021-12-14T14:00:00","[""print""]","private-release","",false,"","","","","","","",""
77680284,"Jake & Dinos Chapman - Limited Edition Etchings - 7H",3924750631011,"/products/limited-edition-etchings-7h","https://avantarte.com/products/limited-edition-etchings-7h","2026-09-14T13:01:22.935000","2021-10-13T15:21:58.098000",400,100,"2017-10-06T00:00:00","[""print""]","","",false,"","","","","","","Limited edition",""
77156316,"Mehdi Ghadyanloo - Untitled 2",4687363997795,"/products/mehdi-ghadyanloo-untitled-2","https://avantarte.com/products/mehdi-ghadyanloo-untitled-2","2026-09-14T13:01:22.935000","2021-10-11T17:20:40",3600,1,"2020-09-09T14:00:00","[""studioworks""]","","",false,"","","","","","","",""
77158092,"Mehdi Ghadyanloo - Untitled 5",4687366193251,"/products/mehdi-ghadyanloo-untitled-5","https://avantarte.com/products/mehdi-ghadyanloo-untitled-5","2026-09-14T13:01:22.935000","2021-10-11T17:20:40",3600,1,"2020-09-09T14:00:00","[""studioworks""]","","",false,"","","","","","","",""
77219851,"Nathalie Djurberg & Hans Berg - The Advantage 04",6630579535971,"/products/the-advantage-04","https://avantarte.com/products/the-advantage-04","2026-09-14T13:01:22.935000","2021-10-12T10:52:46.893000",7500,1,"2021-09-21T14:00:00","[""sculpture""]","","","","","","","","","","",""
79894448,"Isshaq Ismail - Talking Faces 1",6651223703651,"/products/isshaq-ismail-talking-faces-1","https://avantarte.com/products/isshaq-ismail-talking-faces-1","2026-09-14T13:01:22.935000","2021-10-25T13:08:33",7600,1,"2021-10-06T00:00:00","[]","","",false,"","","","","","","",""
77678085,"Jake & Dinos Chapman - Limited Edition Etchings - 2B",3924740472931,"/products/limited-edition-etchings-2b","https://avantarte.com/products/limited-edition-etchings-2b","2026-09-14T13:01:22.935000","2021-10-13T15:21:58.098000",400,100,"2017-10-06T00:00:00","[""print""]","","",false,"","","","","","","Limited edition",""
77079057,"Katrin Fridriks - Noble and Awakening Force",4399418114147,"/products/noble-and-awakening-force","https://avantarte.com/products/noble-and-awakening-force","2026-09-14T13:01:22.935000","2021-10-11T14:26:42.920000",733,33,"2019-10-20T00:00:00","[""print"", ""hand""]","","",false,"","","","","","","Limited edition",""
89641640,"Christian Rex van Minnen - A Sweet Tiger Man",6674289918051,"/products/a-sweet-tiger-man","https://avantarte.com/products/a-sweet-tiger-man","2026-09-14T13:01:22.935000","2021-12-06T10:26:52.139000",8500,1,"2021-12-14T14:00:00","[""print""]","private-release","",false,"","","","","","","",""
77684167,"Jake & Dinos Chapman - Limited Edition Etchings - 6H",3924767637603,"/products/limited-edition-etchings-6h","https://avantarte.com/products/limited-edition-etchings-6h","2026-09-14T13:01:22.935000","2021-10-13T15:21:58.098000",400,100,"2017-10-06T00:00:00","[""print""]","","",false,"","","","","","","Limited edition",""
82136385,"Jean-Michel Othoniel - Lotus of Hope",6661255561315,"/products/lotus-of-hope","https://avantarte.com/products/lotus-of-hope","2026-09-14T13:01:22.935000","2021-11-19T08:15:15",5000,25,"2021-12-01T14:00:00","[""sculpture""]","","",false,"","","","","","","",""
76998836,"Chris Succo - Untitled [1185813]",3923116556387,"/products/untitled-1185813","https://avantarte.com/products/untitled-1185813","2026-09-14T13:01:22.935000","2021-10-11T12:41:49.373000",850,25,"2019-02-06T23:00:00","[""print""]","","",false,"","","","","","","Limited edition",""
77032770,"Katrin Fridriks - King of Awareness & Awakening",3923498303587,"/products/king-of-awareness-and-awakening","https://avantarte.com/products/king-of-awareness-and-awakening","2026-09-14T13:01:22.935000","2021-10-11T14:13:07.627000",733,113,"2017-11-15T23:00:00","[""print""]","","",false,"","","","","","","",""
76946974,"Conrad Jon Godly - SOL 23",3923561087075,"/products/sol-23","https://avantarte.com/products/sol-23","2026-09-14T13:01:22.935000","2021-10-11T10:26:56.923000",910,72,"2019-05-17T00:00:00","[""print""]","","",false,"","","","","","","Limited edition",""
77221481,"Nathalie Djurberg & Hans Berg - The Advantage 09",6630581600355,"/products/the-advantage-09","https://avantarte.com/products/the-advantage-09","2026-09-14T13:01:22.935000","2021-10-12T10:52:46.893000",7500,1,"2021-09-21T14:00:00","[""sculpture""]","","","","","","","","","","",""
77223334,"Nathalie Djurberg & Hans Berg - The Advantage 17",6630592610403,"/products/the-advantage-17","https://avantarte.com/products/the-advantage-17","2026-09-14T13:01:22.935000","2021-10-12T10:52:46.893000",7500,1,"2021-09-21T14:00:00","[""sculpture""]","","","","","","","","","","",""
77287919,"Nathalie Djurberg & Hans Berg - The Advantage 20",6630576652387,"/products/the-advantage-20","https://avantarte.com/products/the-advantage-20","2026-09-14T13:01:22.935000","2021-10-12T10:52:46.893000",7500,1,"2021-09-21T14:00:00","[""sculpture""]","","","","","","","","","","",""
89641659,"Christian Rex van Minnen - Deep Web Golden Bunny",6674291982435,"/products/deep-web-golden-bunny","https://avantarte.com/products/deep-web-golden-bunny","2026-09-14T13:01:22.935000","2021-12-06T10:26:51",8500,1,"2021-12-14T14:00:00","[""print""]","private-release","",false,"","","","","","","",""
77219877,"Shannon Bono - A Reflection of You (Hand-finished)",6642318409827,"/products/a-reflection-of-you-hand-finished","https://avantarte.com/products/a-reflection-of-you-hand-finished","2026-09-14T13:01:22.935000","2021-10-12T11:12:51",300,20,"2021-10-14T14:00:00","[""hand""]","","",false,"","","","","","","",""
89678959,"Christian Rex van Minnen - Rare Hero",6674294046819,"/products/rare-hero","https://avantarte.com/products/rare-hero","2026-09-14T13:01:22.935000","2021-12-06T10:26:50.810000",8500,1,"2021-12-14T14:00:00","[""print""]","private-release","",false,"","","","","","","",""
77221453,"Nathalie Djurberg & Hans Berg - The Advantage 07",6630580453475,"/products/the-advantage-07","https://avantarte.com/products/the-advantage-07","2026-09-14T13:01:22.935000","2021-10-12T10:52:46.893000",7500,1,"2021-09-21T14:00:00","[""sculpture""]","","","","","","","","","","",""
99134958,"Johnson Tsang - Open Mind (Large)",6691771711587,"/products/open-mind-large","https://avantarte.com/products/open-mind-large","2026-09-14T13:01:22.935000","2022-01-21T14:59:44.290000",650,100,"2022-02-17T14:00:00","[""sculpture""]","public-release","",false,"","","","","","","",""
77112364,"Kevin Francis Gray - Breakdown Work Study #1 (Marquina)",4742241419363,"/products/breakdown-work-study-1","https://avantarte.com/products/breakdown-work-study-1","2026-09-14T13:01:22.935000","2021-10-11T18:35:48",10000,1,"2020-11-30T13:00:00","[""sculpture""]","","","","","","","","","","",""
98473312,"Darren Romanelli - Cactus Man Vessel",6690074296419,"/products/cactus-man-vessel","https://avantarte.com/products/cactus-man-vessel","2026-09-14T13:01:22.935000","2022-01-18T16:29:49",900,50,"2022-02-07T14:00:00","[""collectible""]","public-release","",false,"","","","","","","",""
76751673,"Paco Pomet - The Last Evening",3923112067171,"/products/the-last-evening","https://avantarte.com/products/the-last-evening","2026-09-14T13:01:22.935000","2021-10-08T15:31:08.557000",900,125,"2019-04-26T00:00:00","[""print""]","","",false,"","","","","","","Limited edition",""
77357060,"Jake & Dinos Chapman - Limited Edition Etchings - B",3928469504099,"/products/limited-edition-etchings-b","https://avantarte.com/products/limited-edition-etchings-b","2026-09-14T13:01:22.935000","2021-10-13T15:21:58.098000",400,100,"2017-10-06T00:00:00","[""print""]","","",false,"","","","","","","Limited edition",""
77444465,"Hebru Brantley - 3 THE HARD WAY (SE)",4737161035875,"/products/3-the-hard-way-sculpture","https://avantarte.com/products/3-the-hard-way-sculpture","2026-09-14T13:01:22.935000","2021-10-12T20:29:38",12000,50,"2020-11-25T18:00:00","[""sculpture""]","","","","","","","","","","",""
76952151,"Joakim Ojanen - Lill-Lörda (Pink)",6550116139107,"/products/lill-lorda-pink-1","https://avantarte.com/products/lill-lorda-pink-1","2026-09-14T13:01:22.935000","2021-10-11T10:58:52.247000",2000,25,"2021-03-31T00:00:00","[""sculpture""]","","",false,"","","","","","","",""
82196741,"Tomokazu Matsuyama - If I Fell From Me To You",6661293506659,"/products/if-i-fell-from-me-to-you","https://avantarte.com/products/if-i-fell-from-me-to-you","2026-09-14T13:01:22.935000","2021-11-04T12:14:34",4500,100,"2021-12-03T14:00:00","[""print""]","draw-release","",true,"","","","","","","",""
76991293,"Alexis Ralaivao - Catherine",6612753842275,"/products/catherine","https://avantarte.com/products/catherine","2026-09-14T13:01:22.935000","2021-10-11T12:12:52.026000",1900,1,"2021-08-02T00:00:00","[""original"", ""studioworks""]","","",false,"","","","","","","",""
76984893,"Alexis Ralaivao - Karine",6612755873891,"/products/karine","https://avantarte.com/products/karine","2026-09-14T13:01:22.935000","2021-10-11T12:07:48.163000",1900,1,"2021-08-02T00:00:00","[""original"", ""studioworks""]","","",false,"","","","","","","",""
80235754,"Hebru Brantley - Gaia (White Marble)",6626402304099,"/products/gaia-white-marble","https://avantarte.com/products/gaia-white-marble","2026-09-14T13:01:22.935000","2021-10-27T13:31:55.888000",35000,8,"2021-11-29T14:00:00","[""sculpture""]","private-release","",false,"","","","","","","",""
89640615,"Christian Rex van Minnen - The Expert",6674287820899,"/products/the-expert","https://avantarte.com/products/the-expert","2026-09-14T13:01:22.935000","2021-12-06T10:26:51.145000",8500,1,"2021-12-14T14:00:00","[""print""]","private-release","",false,"","","","","","","",""
169442086,"Yuichi Hirako - Green Master / Bloom",6777240813667,"/products/green-master-bloom","https://avantarte.com/products/green-master-bloom","2026-09-14T13:01:22.935000","2022-08-24T08:34:00.897000",2500,50,"2022-09-19T13:00:00","[""print""]","public-release","",false,"","","","","","","",""
76924208,"Cai Guo-Qiang - Yin-Yang Peonies",3929649152099,"/products/yin-yang-peonies","https://avantarte.com/products/yin-yang-peonies","2026-09-14T13:01:22.935000","2021-10-11T10:06:20",4400,50,"2019-05-01T00:00:00","[""print""]","","",false,"","","","","","","Limited edition",""
77111742,"Marcus Brutus - Untitled 4",4658973507683,"/products/marcus-brutus-untitled-4","https://avantarte.com/products/marcus-brutus-untitled-4","2026-09-14T13:01:22.935000","2021-10-11T17:20:40",800,1,"2020-09-09T14:00:00","[""studioworks""]","","",false,"","","","","","","",""
76725491,"Sarah Lee - Windy Night",6613406220387,"/products/windy-night","https://avantarte.com/products/windy-night","2026-09-14T13:01:22.935000","2021-10-08T14:58:46",1800,1,"2021-08-02T00:00:00","[""original"", ""studioworks""]","","",false,"","","","","","","",""
79894446,"Isshaq Ismail - Talking Faces 2",6651316764771,"/products/isshaq-ismail-talking-faces-2","https://avantarte.com/products/isshaq-ismail-talking-faces-2","2026-09-14T13:01:22.935000","2021-10-25T13:08:33.745000",7600,1,"2021-10-06T00:00:00","[]","","",false,"","","","","","","",""
77111827,"Kevin Francis Gray - Breakdown Work Study #1 (Carrara)",4742248104035,"/products/breakdown-work-study-1-carrara","https://avantarte.com/products/breakdown-work-study-1-carrara","2026-09-14T13:01:22.935000","2021-10-11T18:35:48.634000",10000,1,"2020-11-30T13:00:00","[""sculpture""]","","","","","","","","","","",""
89640620,"Christian Rex van Minnen - Very Thin Avatar",6674288246883,"/products/very-thin-avatar","https://avantarte.com/products/very-thin-avatar","2026-09-14T13:01:22.935000","2021-12-06T10:26:49.805000",8500,1,"2021-12-14T14:00:00","[""print""]","private-release","",false,"","","","","","","",""
79895366,"Isshaq Ismail - Talking Faces 3",6651317354595,"/products/isshaq-ismail-talking-faces-3","https://avantarte.com/products/isshaq-ismail-talking-faces-3","2026-09-14T13:01:22.935000","2021-10-25T13:08:33.745000",7600,1,"2021-10-06T00:00:00","[]","","",false,"","","","","","","",""
77153908,"Mehdi Ghadyanloo - Untitled 1",4687361802339,"/products/mehdi-ghadyanloo-untitled-1","https://avantarte.com/products/mehdi-ghadyanloo-untitled-1","2026-09-14T13:01:22.935000","2021-10-11T17:20:40",3600,1,"2020-09-09T14:00:00","[""studioworks""]","","",false,"","","","","","","",""
77221460,"Nathalie Djurberg & Hans Berg - The Advantage 08",6630581076067,"/products/the-advantage-08","https://avantarte.com/products/the-advantage-08","2026-09-14T13:01:22.935000","2021-10-12T10:52:46.893000",7500,1,"2021-09-21T14:00:00","[""sculpture""]","","","","","","","","","","",""
77223329,"Tunji Adeniyi-Jones - Violet Dance (Hand-finished)",6642320900195,"/products/violet-dance-hand-finished","https://avantarte.com/products/violet-dance-hand-finished","2026-09-14T13:01:22.935000","2021-10-12T11:12:51.297000",4500,10,"2021-10-14T14:00:00","[""hand"", ""print""]","","",false,"","","","","","","",""
79919682,"Isshaq Ismail - Talking Faces 7",6651345240163,"/products/isshaq-ismail-talking-faces-7","https://avantarte.com/products/isshaq-ismail-talking-faces-7","2026-09-14T13:01:22.935000","2021-10-25T13:08:33",7600,1,"2021-10-06T00:00:00","[]","","",false,"","","","","","","",""
77189272,"Kevin Francis Gray - Breakdown Work Study #5 (Carrara)",4742270025827,"/products/breakdown-work-study-5-carrara","https://avantarte.com/products/breakdown-work-study-5-carrara","2026-09-14T13:01:22.935000","2021-10-11T18:35:48.634000",10000,1,"2020-11-30T13:00:00","[""sculpture""]","","","","","","","","","","",""
100006076,"Antonia Showering - Siblings",6693512216675,"/products/siblings","https://avantarte.com/products/siblings","2026-09-14T13:01:22.935000","2022-02-07T13:48:07.535000",1600,35,"2022-03-12T14:00:00","[""print""]","public-release","",false,"","","","","","","",""
77172702,"Robert Nava - Untitled 8",3928617320547,"/products/untitled-8","https://avantarte.com/products/untitled-8","2026-09-14T13:01:22.935000","2021-10-11T17:20:40",917,0,"2018-05-02T00:00:00","[""studioworks""]","","",false,"","","","","","","Unique work",""
77111767,"Marcus Brutus - Untitled 7",4658973966435,"/products/marcus-brutus-untitled-7","https://avantarte.com/products/marcus-brutus-untitled-7","2026-09-14T13:01:22.935000","2021-10-11T17:20:40",800,1,"2020-09-09T14:00:00","[""studioworks""]","","",false,"","","","","","","",""
76952032,"Alexis Ralaivao - Corinne",6612750762083,"/products/corinne","https://avantarte.com/products/corinne","2026-09-14T13:01:22.935000","2021-10-11T11:49:16",1900,1,"2021-08-02T00:00:00","[""original"", ""studioworks""]","","",false,"","","","","","","",""
77287916,"Nathalie Djurberg & Hans Berg - The Advantage 19",6630572916835,"/products/nathalie-djurberg-hans-berg-the-advantage-19","https://avantarte.com/products/nathalie-djurberg-hans-berg-the-advantage-19","2026-09-14T13:01:22.935000","2021-10-12T10:52:46.893000",7500,1,"2021-09-21T14:00:00","[""sculpture""]","","",false,"","","","","","","",""
77219694,"Sola Olulode - Laying in the Grass (Hand-finished)",6642314903651,"/products/laying-in-the-grass","https://avantarte.com/products/laying-in-the-grass","2026-09-14T13:01:22.935000","2021-10-12T11:12:51",800,25,"2021-10-14T14:00:00","[""hand""]","","",false,"","","","","","","",""
77053428,"Katrin Fridriks - Waving Force of Nature - Awakening",3923498303587,"/products/waving-force-of-nature-awakening","https://avantarte.com/products/waving-force-of-nature-awakening","2026-09-14T13:01:22.935000","2021-10-11T14:26:42.920000",777,77,"2017-06-07T00:00:00","[""print""]","","",false,"","","","","","","Limited edition",""
78332542,"Michael Kagan - Concorde",6651280785507,"/products/concorde","https://avantarte.com/products/concorde","2026-09-14T13:01:22.935000","2021-10-11T15:44:07.959000",3500,100,"2021-11-05T14:00:00","[""print""]","","",false,"","","","","","","",""
76741424,"Sarah Lee - Hidden Moon",6613407858787,"/products/hidden-moon","https://avantarte.com/products/hidden-moon","2026-09-14T13:01:22.935000","2021-10-08T15:06:08",1800,1,"2021-08-02T00:00:00","[""original"", ""studioworks""]","","",false,"","","","","","","",""
77289220,"Nathalie Djurberg & Hans Berg - The Advantage 23",6630579077219,"/products/the-advantage-23","https://avantarte.com/products/the-advantage-23","2026-09-14T13:01:22.935000","2021-10-12T10:52:46.893000",7500,1,"2021-09-21T14:00:00","[""sculpture""]","","","","","","","","","","",""
77565584,"James Jean - Slingshot Requiem (Relief)",6647216701539,"/products/slingshot-requiem-relief","https://avantarte.com/products/slingshot-requiem-relief","2026-09-14T13:01:22.935000","2021-10-17T20:21:33",4000,54,"2021-10-27T14:00:00","[""sculpture""]","","",false,"","","","","","","",""
79919684,"Isshaq Ismail - Talking Faces 9",6651345895523,"/products/isshaq-ismail-talking-faces-9","https://avantarte.com/products/isshaq-ismail-talking-faces-9","2026-09-14T13:01:22.935000","2021-10-25T13:08:33",7600,1,"2021-10-06T00:00:00","[]","","",false,"","","","","","","",""
99152350,"Johnson Tsang - Open Mind (Small)",6691769712739,"/products/open-mind-small","https://avantarte.com/products/open-mind-small","2026-09-14T13:01:22.935000","2022-01-21T14:59:49.534000",450,"","2022-02-17T14:00:00","[""sculpture""]","public-release","",false,"","","","","","","",""
76719743,"Tomokazu Matsuyama - Jaded Sunshine",3925424963683,"/products/jaded-sunshine","https://avantarte.com/products/jaded-sunshine","2026-09-14T13:01:22.935000","2021-10-08T14:08:54",800,75,"2019-04-17T00:00:00","[""print""]","","",false,"","","","","","","Limited edition",""
75204225,"Conrad Jon Godly - Nevertheless #9",4737213169763,"/products/nevertheless-9","https://avantarte.com/products/nevertheless-9","2026-09-14T13:01:22.936000","2021-09-24T10:38:59",1000,50,"2021-01-21T14:00:00","[""print""]","","","","","","","","","","",""
77111701,"Jenny Brosinski - Untitled 11",4607603441763,"/products/jenny-brosinski-untitled-11","https://avantarte.com/products/jenny-brosinski-untitled-11","2026-09-14T13:01:22.936000","2021-10-11T17:20:40",1150,0,"2020-09-09T14:00:00","[""studioworks""]","","",false,"","","","","","","Unique work",""
73547786,"Amani Lewis - TWO QUEENS: Ode to Romare Bearden",6576118104163,"/products/two-queens-ode-to-romare-bearden","https://avantarte.com/products/two-queens-ode-to-romare-bearden","2026-09-14T13:01:22.936000","2021-09-24T10:38:59.838000",1200,70,"2021-07-07T13:00:00","[""print"", ""hand""]","","",false,"","","","","","","",""
77166630,"Robert Nava - Untitled 3S (2020)",4423617183843,"/products/untitled-3s-2020","https://avantarte.com/products/untitled-3s-2020","2026-09-14T13:01:22.936000","2021-10-11T17:20:40",2000,0,"2020-02-05T14:00:00","[""studioworks""]","","",false,"","","","","","","Unique work",""
73792420,"DRIFT - Another Future",4675369664611,"/products/another-future-drift","https://avantarte.com/products/another-future-drift","2026-09-14T13:01:22.936000","2021-09-24T10:38:59",4600,50,"2020-09-02T11:00:00","[""sculpture""]","","",false,"","","","","","","Limited edition",""
76512029,"Paul Insect - The Observer 2",4775301349475,"/products/the-observer-2","https://avantarte.com/products/the-observer-2","2026-09-14T13:01:22.936000","2021-10-08T08:53:57.317000",650,48,"2021-01-15T23:00:00","[""print""]","","",false,"","","","","","","",""
77111718,"Marcus Brutus - Untitled 2",4658973147235,"/products/marcus-brutus-untitled-2","https://avantarte.com/products/marcus-brutus-untitled-2","2026-09-14T13:01:22.936000","2021-10-11T17:20:40",800,1,"2020-09-09T14:00:00","[""studioworks""]","","",false,"","","","","","","",""
77111698,"Jenny Brosinski - Untitled 9",4607602524259,"/products/jenny-brosinski-untitled-9","https://avantarte.com/products/jenny-brosinski-untitled-9","2026-09-14T13:01:22.936000","2021-10-11T17:20:40",1150,0,"2020-09-09T14:00:00","[""studioworks""]","","",false,"","","","","","","Unique work",""
77167576,"Robert Nava - Untitled 8B (2020)",4485133533283,"/products/untitled-8b-2020","https://avantarte.com/products/untitled-8b-2020","2026-09-14T13:01:22.936000","2021-10-11T17:20:40",2000,0,"2020-02-05T14:00:00","[""studioworks""]","","",false,"","","","","","","Unique work",""
76627813,"Jenny Brosinski - Untitled 2",4607598395491,"/products/jenny-brosinski-untitled-2","https://avantarte.com/products/jenny-brosinski-untitled-2","2026-09-14T13:01:22.936000","2021-10-08T11:14:38.281000",2.25,0,"2020-09-09T14:00:00","[""studioworks""]","","",false,"","","","","","","Unique work",""
77172084,"Robert Nava - Untitled 7",3928618303587,"/products/untitled-7","https://avantarte.com/products/untitled-7","2026-09-14T13:01:22.936000","2021-10-11T17:20:40",917,0,"2018-05-02T00:00:00","[""studioworks""]","","",false,"","","","","","","Unique work",""
77170438,"Robert Nava - Untitled 3",3928621875299,"/products/untitled-3","https://avantarte.com/products/untitled-3","2026-09-14T13:01:22.936000","2021-10-11T17:20:40",917,0,"2018-05-02T00:00:00","[""studioworks""]","","",false,"","","","","","","Unique work",""
77166613,"Robert Nava - Untitled 2S (2020)",4423617314915,"/products/untitled-2s-2020","https://avantarte.com/products/untitled-2s-2020","2026-09-14T13:01:22.936000","2021-10-11T17:20:40",2000,0,"2020-02-05T14:00:00","[""studioworks""]","","",false,"","","","","","","Unique work",""
77170437,"Robert Nava - Untitled 2",4423621247075,"/products/untitled-2","https://avantarte.com/products/untitled-2","2026-09-14T13:01:22.936000","2021-10-11T17:20:40",917,0,"2018-05-02T00:00:00","[""studioworks""]","","",false,"","","","","","","Unique work",""
75204867,"Tomás Sánchez - Meditador en la Orilla (Hand-finished)",4733856841827,"/products/meditador-en-la-orilla-handfinished-1","https://avantarte.com/products/meditador-en-la-orilla-handfinished-1","2026-09-14T13:01:22.936000","2021-09-24T10:38:59",5500,25,"2020-11-25T14:00:00","[""print"", ""hand""]","","",false,"","","","","","","",""
77167554,"Robert Nava - Untitled 6S (2020)",4423616725091,"/products/untitled-6s-2020","https://avantarte.com/products/untitled-6s-2020","2026-09-14T13:01:22.936000","2021-10-11T17:20:40",2000,0,"2020-02-05T14:00:00","[""studioworks""]","","",false,"","","","","","","Unique work",""
77170620,"Robert Nava - Untitled 5",3928620335203,"/products/untitled-5","https://avantarte.com/products/untitled-5","2026-09-14T13:01:22.936000","2021-10-11T17:20:40",917,"","2018-05-02T00:00:00","[""studioworks""]","","",false,"","","","","","","Unique work",""
77111691,"Jenny Brosinski - Untitled 5",4607601148003,"/products/jenny-brosinski-untitled-5","https://avantarte.com/products/jenny-brosinski-untitled-5","2026-09-14T13:01:22.936000","2021-10-11T17:20:40",1150,0,"2020-09-09T14:00:00","[""studioworks""]","","",false,"","","","","","","Unique work",""
77111765,"Marcus Brutus - Untitled 6",4658973835363,"/products/marcus-brutus-untitled-6","https://avantarte.com/products/marcus-brutus-untitled-6","2026-09-14T13:01:22.936000","2021-10-11T17:20:40",800,1,"2020-09-09T14:00:00","[""studioworks""]","","",false,"","","","","","","",""
73791514,"Alake Shilling - Jolly Bear",6541466533987,"/products/jolly-bear","https://avantarte.com/products/jolly-bear","2026-09-14T13:01:22.936000","2021-09-24T10:38:59.838000",1750,75,"2021-04-23T13:00:00","[""sculpture""]","","",false,"","","","","","","",""
76104755,"Kour Pour - Sacred Flames (Yoshitoshi)",4479044059235,"/products/sacred-flames-yoshitoshi","https://avantarte.com/products/sacred-flames-yoshitoshi","2026-09-14T13:01:22.936000","2021-09-24T10:38:59",906.98,22,"2021-06-04T13:00:00","[""print""]","","",false,"","","","","","","",""
77172082,"Robert Nava - Untitled 6",3928618926179,"/products/untitled-6","https://avantarte.com/products/untitled-6","2026-09-14T13:01:22.936000","2021-10-11T17:20:40",917,0,"2018-05-02T00:00:00","[""studioworks""]","","",false,"","","","","","","Unique work",""
77111694,"Jenny Brosinski - Untitled 7",4607601868899,"/products/jenny-brosinski-untitled-7","https://avantarte.com/products/jenny-brosinski-untitled-7","2026-09-14T13:01:22.936000","2021-10-11T17:20:40",1150,0,"2020-09-09T14:00:00","[""studioworks""]","","",false,"","","","","","","Unique work",""
76031047,"Haroshi - GUZO (White)",6548044677219,"/products/guzo-white-marble","https://avantarte.com/products/guzo-white-marble","2026-09-14T13:01:22.936000","2021-09-24T10:38:59",10000,50,"2021-06-04T13:00:00","[""sculpture""]","","",false,"","","","","","","",""
77111699,"Jenny Brosinski - Untitled 10",4607602884707,"/products/jenny-brosinski-untitled-10","https://avantarte.com/products/jenny-brosinski-untitled-10","2026-09-14T13:01:22.936000","2021-10-11T17:20:40",1150,0,"2020-09-09T14:00:00","[""studioworks""]","","",false,"","","","","","","Unique work",""
77156318,"Mehdi Ghadyanloo - Untitled 3",4687364685923,"/products/mehdi-ghadyanloo-untitled-3","https://avantarte.com/products/mehdi-ghadyanloo-untitled-3","2026-09-14T13:01:22.936000","2021-10-11T17:20:40",3600,1,"2020-09-09T14:00:00","[""studioworks""]","","",false,"","","","","","","",""
77166653,"Robert Nava - Untitled 3B (2020)",4423616266339,"/products/untitled-3b-2020","https://avantarte.com/products/untitled-3b-2020","2026-09-14T13:01:22.936000","2021-10-11T17:20:40",4000,0,"2020-02-05T14:00:00","[""studioworks""]","","",false,"","","","","","","Unique work",""
73447482,"James Jean - Descendent Verdigris",6635659886691,"/products/descendent-verdigris","https://avantarte.com/products/descendent-verdigris","2026-09-14T13:01:22.936000","2021-09-24T10:38:59",7500,50,"2021-09-23T13:00:00","[""sculpture""]","","",false,"","","","","","","",""
77166623,"Robert Nava - Untitled 2B (2020)",4423616430179,"/products/untitled-2b-2019","https://avantarte.com/products/untitled-2b-2019","2026-09-14T13:01:22.936000","2021-10-11T17:20:40",4000,0,"2020-02-05T14:00:00","[""studioworks""]","","",false,"","","","","","","Unique work",""
73792626,"Stickymonger - Obsession, No Joke",4780315443299,"/products/obsession-no-joke-1","https://avantarte.com/products/obsession-no-joke-1","2026-09-14T13:01:22.936000","2021-09-24T10:38:59",700,75,"2021-01-27T14:00:00","[""print""]","","",false,"","","","","","","",""
73393428,"Thenjiwe Niki Nkosi - Landing Triptych",6633687810147,"/products/landing-triptych","https://avantarte.com/products/landing-triptych","2026-09-14T13:01:22.936000","2021-09-24T10:38:59",1500,30,"2021-12-10T14:00:00","[""print""]","","",false,"","","","","","","",""
75204219,"Tomás Sánchez - Encontrar al Meditador",4761407946851,"/products/encontrar-al-meditador","https://avantarte.com/products/encontrar-al-meditador","2026-09-14T13:01:22.936000","2021-09-24T10:38:59",1600,75,"2021-03-03T14:00:00","[""print""]","","",false,"","","","","","","",""
391388590,"Margo Wolowiec - -57°",4489444884579,"/products/margo-wolowiec-minus-57-degrees","https://avantarte.com/products/margo-wolowiec-minus-57-degrees","2026-09-14T13:01:22.936000","2021-09-24T10:38:59",1750,25,"2021-06-04T13:00:00","[""print""]","","",false,"","","","","","","Limited edition",""
77158095,"Mehdi Ghadyanloo - Untitled 6",4687367045219,"/products/mehdi-ghadyanloo-untitled-6","https://avantarte.com/products/mehdi-ghadyanloo-untitled-6","2026-09-14T13:01:22.936000","2021-10-11T17:20:40",3600,1,"2020-09-09T14:00:00","[""studioworks""]","","",false,"","","","","","","",""
77167018,"Robert Nava - Untitled 5S (2020)",4423616888931,"/products/untitled-5s-2020","https://avantarte.com/products/untitled-5s-2020","2026-09-14T13:01:22.936000","2021-10-11T17:20:40",2000,0,"2020-02-05T14:00:00","[""studioworks""]","","",false,"","","","","","","Unique work",""
76509005,"Paul Insect - The Observer 1",4775299940451,"/products/the-observer-1","https://avantarte.com/products/the-observer-1","2026-09-14T13:01:22.936000","2021-10-07T17:39:52.702000",650,50,"2021-01-15T23:00:00","[""print""]","","",false,"","","","","","","",""
76631157,"Jenny Brosinski - Untitled 3",4607599280227,"/products/jenny-brosinski-untitled-3","https://avantarte.com/products/jenny-brosinski-untitled-3","2026-09-14T13:01:22.936000","2021-10-15T12:13:02.743000",2.25,0,"2020-09-09T14:00:00","[""studioworks""]","","",false,"","","","","","","Unique work",""
73791034,"Ferrari Sheppard - Kalima",6545440735331,"/products/kalima-2","https://avantarte.com/products/kalima-2","2026-09-14T13:01:22.936000","2021-09-24T10:38:59",3500,50,"2021-03-17T14:00:00","[""print"", ""hand""]","","",false,"","","","","","","",""
76609355,"Jenny Brosinski - Untitled 1",4607584927843,"/products/jenny-brosinski-untitled-1","https://avantarte.com/products/jenny-brosinski-untitled-1","2026-09-14T13:01:22.936000","2021-10-08T11:11:17.790000",2.25,0,"2020-09-09T14:00:00","[""studioworks""]","","",false,"","","","","","","Unique work",""
75204212,"Tomokazu Matsuyama - The Couch Unsent Piano",4770488123491,"/products/the-couch-unsent-piano-1","https://avantarte.com/products/the-couch-unsent-piano-1","2026-09-14T13:01:22.936000","2021-09-24T10:38:59.838000",1600,100,"2021-01-06T14:00:00","[""print""]","","","","","","","","","","",""
76450398,"Paul Insect - Crystal Habits Blue",3928653398115,"/products/crystal-habits-blue","https://avantarte.com/products/crystal-habits-blue","2026-09-14T13:01:22.936000","2021-10-07T14:44:48.283000",1100,100,"2019-01-24T11:00:00","[""print""]","","",false,"","","","","","","Limited edition",""
76499433,"Paul Insect - The Reflection (Red)",4775298531427,"/products/the-reflection-red","https://avantarte.com/products/the-reflection-red","2026-09-14T13:01:22.936000","2021-10-07T17:10:57",3700,30,"2020-01-15T12:00:00","[""print""]","","",false,"","","","","","","",""
77165502,"Robert Nava - Untitled 1S (2020)",4423617445987,"/products/untitled-1s-2020","https://avantarte.com/products/untitled-1s-2020","2026-09-14T13:01:22.936000","2021-10-11T17:20:40",2000,0,"2020-02-05T14:00:00","[""studioworks""]","","",false,"","","","","","","Unique work",""
75731495,"Jenny Holzer - URGE AND URGE AND URGE",4664274944099,"/products/urge-and-urge-and-urge","https://avantarte.com/products/urge-and-urge-and-urge","2026-09-14T13:01:22.936000","2021-09-24T10:38:59",4400,25,"2020-07-29T13:00:00","[""sculpture""]","","",false,"","","","","","","Limited edition",""
77166655,"Robert Nava - Untitled 4S (2020)",4423617052771,"/products/untitled-4s-2020","https://avantarte.com/products/untitled-4s-2020","2026-09-14T13:01:22.936000","2021-10-11T17:20:40",2000,0,"2020-02-05T14:00:00","[""studioworks""]","","",false,"","","","","","","Unique work",""
73790727,"Otis Kwame Kye Quaicoe - View of Yoei William",6545442111587,"/products/view-of-yoei-william-1","https://avantarte.com/products/view-of-yoei-william-1","2026-09-14T13:01:22.936000","2021-09-24T10:38:59.838000",6000,35,"2021-03-17T14:00:00","[""print"", ""hand""]","","",false,"","","","","","","",""
75732127,"Claudia Comte - Morphing Waves with Fire Corals",4586013687907,"/products/morphing-waves-with-fire-corals","https://avantarte.com/products/morphing-waves-with-fire-corals","2026-09-14T13:01:22.936000","2021-09-24T10:38:59.838000",1350,14,"2021-05-26T13:00:00","[""print""]","","",false,"","","","","","","",""
76578531,"Paul Insect - The Observer 3",4775303774307,"/products/the-observer-3","https://avantarte.com/products/the-observer-3","2026-09-14T13:01:22.936000","2021-10-08T09:10:19.377000",650,50,"2021-01-15T23:00:00","[""print""]","","",false,"","","","","","","",""
76588436,"Paul Insect - The Observer 4",4775304855651,"/products/the-observer-4","https://avantarte.com/products/the-observer-4","2026-09-14T13:01:22.936000","2021-10-08T09:48:11.314000",650,50,"2021-01-15T23:00:00","[""print""]","","",false,"","","","","","","",""
76427557,"Paul Insect - Crystal Habits Gold",3928640847971,"/products/crystal-habits-gold","https://avantarte.com/products/crystal-habits-gold","2026-09-14T13:01:22.936000","2021-10-07T14:02:33.689000",2000,20,"2019-01-24T11:00:00","[""print""]","","",false,"","","","","","","",""
77167592,"Robert Nava - Untitled 7S (2020)",4485131173987,"/products/untitled-7s-2020","https://avantarte.com/products/untitled-7s-2020","2026-09-14T13:01:22.936000","2021-10-11T17:20:40",2000,0,"2020-02-05T14:00:00","[""studioworks""]","","",false,"","","","","","","Unique work",""
73431827,"Lina Iris Viktor - Ekstasis",6626140618851,"/products/ekstasis","https://avantarte.com/products/ekstasis","2026-09-14T13:01:22.936000","2021-09-24T10:38:59",15000,11,"2021-10-29T14:00:00","[""sculpture""]","","",false,"","","","","","","",""
77111686,"Jenny Brosinski - Untitled 4",4607600590947,"/products/jenny-brosinski-untitled-4","https://avantarte.com/products/jenny-brosinski-untitled-4","2026-09-14T13:01:22.936000","2021-10-11T17:20:40.268000",1150,0,"2020-09-09T14:00:00","[""studioworks""]","","",false,"","","","","","","Unique work",""
77111692,"Jenny Brosinski - Untitled 6",4607601573987,"/products/jenny-brosinski-untitled-6","https://avantarte.com/products/jenny-brosinski-untitled-6","2026-09-14T13:01:22.936000","2021-10-11T17:20:40",1150,0,"2020-09-09T14:00:00","[""studioworks""]","","",false,"","","","","","","Unique work",""
75204222,"Hebru Brantley - 3 THE HARD WAY",4747884167267,"/products/3-the-hard-way-hebru","https://avantarte.com/products/3-the-hard-way-hebru","2026-09-14T13:01:22.936000","2021-09-24T10:38:59",2500,125,"2020-11-27T14:00:00","[""print""]","","","","","","","","","","",""
77111703,"Marcus Brutus - Untitled 1",4658971050083,"/products/marcus-brutus-untitled-1","https://avantarte.com/products/marcus-brutus-untitled-1","2026-09-14T13:01:22.936000","2021-10-11T17:20:40",800,1,"2020-09-09T14:00:00","[""studioworks""]","","",false,"","","","","","","",""
73789677,"Grace Lynne Haynes - Sunday Mourning",6545445617763,"/products/sunday-mourning-1","https://avantarte.com/products/sunday-mourning-1","2026-09-14T13:01:22.936000","2021-09-24T10:38:59",10000,50,"2021-06-04T13:00:00","[""print""]","","",false,"","","","","","","",""
77166433,"Robert Nava - Untitled 1B (2020)",4423616594019,"/products/untitled-1b-2020","https://avantarte.com/products/untitled-1b-2020","2026-09-14T13:01:22.936000","2021-10-11T17:20:40",4000,0,"2020-02-05T14:00:00","[""studioworks""]","","",false,"","","","","","","Unique work",""
77111696,"Jenny Brosinski - Untitled 8",4607602262115,"/products/jenny-brosinski-untitled-8","https://avantarte.com/products/jenny-brosinski-untitled-8","2026-09-14T13:01:22.936000","2021-10-11T17:20:40",1150,0,"2020-09-09T14:00:00","[""studioworks""]","","",false,"","","","","","","Unique work",""
73789506,"Haroshi - GUZO (Black)",6548035928163,"/products/guzo-black-marble","https://avantarte.com/products/guzo-black-marble","2026-09-14T13:01:22.936000","2021-09-24T10:38:59",10000,50,"2021-06-04T13:00:00","[""sculpture""]","","",false,"","","","","","","",""
76490303,"Paul Insect - The Reflection (Blue)",4775295975523,"/products/the-reflection-blue","https://avantarte.com/products/the-reflection-blue","2026-09-14T13:01:22.936000","2021-10-07T16:27:28",2250,100,"2020-01-15T12:00:00","[""print""]","","",false,"","","","","","","",""
77509906,"Roby Dwi Antono - KIRA (Black)",6626368225379,"/products/kira-black","https://avantarte.com/products/kira-black","2026-09-14T13:01:22.936000","2021-09-24T10:38:59",4000,75,"2021-10-20T14:00:00","[""sculpture""]","","",false,"","","","","","","",""
75204869,"Angel Otero - Bathed in Light",4731381153891,"/products/bathed-in-light","https://avantarte.com/products/bathed-in-light","2026-09-14T13:01:22.936000","2021-09-24T10:38:59.838000",2200,35,"2021-01-19T14:00:00","[""print""]","","",false,"","","","","","","",""
75733013,"Javier Calleja - Up to You",4423618068579,"/products/up-to-you","https://avantarte.com/products/up-to-you","2026-09-14T13:01:22.936000","2021-09-24T10:38:59.838000",3500,75,"2020-03-11T14:00:00","[""print""]","","",false,"","","","","","","Limited edition",""
73547459,"Zhang Huan - Amitabha",6608000483427,"/products/amitabha","https://avantarte.com/products/amitabha","2026-09-14T13:01:22.937000","2021-09-24T10:38:59",8000,40,"2021-08-12T13:00:00","[""sculpture""]","","",false,"","","","","","","",""
75707235,"Tau Lewis - Melon",6602951098467,"/products/melon","https://avantarte.com/products/melon","2026-09-14T13:01:22.937000","2021-09-24T10:38:59.838000",10000,20,"2020-08-25T13:00:00","[""sculpture""]","","",false,"","","","","","","",""
73551122,"Ali Banisadr - Thinkpol",6552779030627,"/products/thinkpol","https://avantarte.com/products/thinkpol","2026-09-14T13:01:22.937000","2021-09-24T10:38:59.838000",4200,50,"2021-05-08T13:00:00","[""print""]","","",false,"","","","","","","",""
76110063,"Michael Kagan - V as in Victor",4399428862051,"/products/v-as-in-victor","https://avantarte.com/products/v-as-in-victor","2026-09-14T13:01:22.937000","2021-09-24T10:38:59",850,120,"2019-11-02T14:00:00","[""print""]","","",false,"","","","","","","Limited edition",""
75725738,"Tau Lewis - Grove",6602278371427,"/products/grove","https://avantarte.com/products/grove","2026-09-14T13:01:22.937000","2021-09-24T10:38:59.838000",10000,20,"2020-08-25T13:00:00","[""sculpture""]","","",false,"","","","","","","",""
73547357,"Adriana Oliver - Stay",6624135151715,"/products/stay","https://avantarte.com/products/stay","2026-09-14T13:01:22.937000","2021-09-24T10:38:59.838000",1.5,75,"2021-09-15T13:00:00","[""print""]","","","","","","","","","","",""
73547441,"Ekene Emeka-Maduka - Tinko, Tinko in pretty aunty-give-me-cake",6610765676643,"/products/tinko-tinko-in-pretty-aunty-give-me-cake","https://avantarte.com/products/tinko-tinko-in-pretty-aunty-give-me-cake","2026-09-14T13:01:22.937000","2021-09-24T10:38:59.838000",1400,30,"2021-08-18T13:00:00","[""print"", ""hand""]","","",false,"","","","","","","",""
76110028,"Elliot Dodd - Major Terpene",4423618297955,"/products/major-terpene","https://avantarte.com/products/major-terpene","2026-09-14T13:01:22.937000","2021-09-24T10:38:59",750,27,"2020-01-15T14:00:00","[""print""]","","",false,"","","","","","","",""
75204226,"Conrad Jon Godly - Nevertheless #16",4737211465827,"/products/nevertheless-16","https://avantarte.com/products/nevertheless-16","2026-09-14T13:01:22.937000","2021-09-24T10:38:59",1000,50,"2021-01-21T14:00:00","[""print""]","","",false,"","","","","","","",""
75713311,"Tau Lewis - Neroli",6602702291043,"/products/neroli","https://avantarte.com/products/neroli","2026-09-14T13:01:22.937000","2021-09-24T10:38:59.838000",10000,20,"2020-08-25T13:00:00","[""sculpture""]","","",false,"","","","","","","",""
75707217,"Tau Lewis - Soleil",6602976886883,"/products/soleil","https://avantarte.com/products/soleil","2026-09-14T13:01:22.937000","2021-09-24T10:38:59.838000",10000,20,"2020-08-25T13:00:00","[""sculpture""]","","",false,"","","","","","","",""
73788590,"Tomokazu Matsuyama - 20 Dollar Cold Cold Heart",6538308190307,"/products/20-dollar-cold-cold-heart","https://avantarte.com/products/20-dollar-cold-cold-heart","2026-09-14T13:01:22.937000","2021-09-24T10:38:59",2.6,125,"2021-03-30T13:00:00","[""print""]","","","","","","","","","","",""
75723625,"Tau Lewis - Stratus",6602279682147,"/products/stratus","https://avantarte.com/products/stratus","2026-09-14T13:01:22.937000","2021-09-24T10:38:59.838000",10000,20,"2020-08-25T13:00:00","[""sculpture""]","","",false,"","","","","","","",""
76110020,"Paul Insect - The Ultimate Journey (Blue)",4423649525859,"/products/the-ultimate-journey-blue","https://avantarte.com/products/the-ultimate-journey-blue","2026-09-14T13:01:22.937000","2021-09-24T10:38:59",1886.79,75,"2018-05-16T13:00:00","[""print""]","","",false,"","","","","","","Limited edition",""
75207540,"Lu Yang - Gong Tau Alien",4411396358243,"/products/luyang-gong-tau-alien","https://avantarte.com/products/luyang-gong-tau-alien","2026-09-14T13:01:22.937000","2021-09-24T10:38:59.838000",2000,20,"2020-10-07T13:00:00","[""sculpture""]","","",false,"","","","","","","",""
73551085,"Felipe Pantone - SubtractiveVariability P 1",6552784797795,"/products/subtractivevariability-p-1","https://avantarte.com/products/subtractivevariability-p-1","2026-09-14T13:01:22.937000","2021-09-24T10:38:59.838000",1200,30,"2021-04-28T13:00:00","[""print""]","","",false,"","","","","","","",""
73550972,"Satoru Koizumi - Studio 2021",6554425753699,"/products/studio-2022","https://avantarte.com/products/studio-2022","2026-09-14T13:01:22.937000","2021-09-24T10:38:59",1500,45,"2021-11-10T14:00:00","[""print""]","","","","","","","","","","",""
75725753,"Tau Lewis - Poppy",6602275979363,"/products/poppy","https://avantarte.com/products/poppy","2026-09-14T13:01:22.937000","2021-09-24T10:38:59.838000",10000,20,"2020-08-25T13:00:00","[""sculpture""]","","",false,"","","","","","","",""
73547533,"Ludovic Nkoth - All Aboard",6601696542819,"/products/all-aboard","https://avantarte.com/products/all-aboard","2026-09-14T13:01:22.937000","2021-09-24T10:38:59.838000","",30,"2021-07-14T13:00:00","[""print""]","","",false,"","","","","","","",""
76210761,"Trudy Benson - Red Sky",4398448279651,"/products/red-sky","https://avantarte.com/products/red-sky","2026-09-14T13:01:22.937000","2021-09-24T10:38:59",458.72,50,"2019-10-03T13:00:00","[""print""]","","",false,"","","","","","","Limited edition",""
76109978,"Felipe Pantone - Chromadynamica Variable (Grey)",4423651360867,"/products/chromadynamica-variable-grey","https://avantarte.com/products/chromadynamica-variable-grey","2026-09-14T13:01:22.937000","2021-09-24T10:38:59",1886.79,10,"2017-10-18T13:00:00","[""print""]","","",false,"","","","","","","Limited edition",""
73547761,"Huma Bhabha - Untitled, 2021",6577612816483,"/products/untitled-2022","https://avantarte.com/products/untitled-2022","2026-09-14T13:01:22.937000","2021-09-24T10:38:59.838000",1235,15,"2021-05-23T13:00:00","[""print""]","","","","","","","","","","",""
75731324,"Johnson Tsang - Lucid Dream II - Who’s There?",4656939434083,"/products/lucid-dream-ii-who-s-there","https://avantarte.com/products/lucid-dream-ii-who-s-there","2026-09-14T13:01:22.937000","2021-09-24T10:38:59.838000",500,100,"2020-08-05T13:00:00","[""sculpture""]","","",false,"","","","","","","Limited edition",""
73788563,"Super Future Kid - Billy Big Ears",6552429166691,"/products/billy-big-ears-1","https://avantarte.com/products/billy-big-ears-1","2026-09-14T13:01:22.937000","2021-09-24T10:38:59",900,60,"2021-05-08T13:00:00","[""print""]","","",false,"","","","","","","",""
73547205,"Thenjiwe Niki Nkosi - Landing Triptych (Gold, Hand-finished)",6624601931875,"/products/landing-triptych-gold","https://avantarte.com/products/landing-triptych-gold","2026-09-14T13:01:22.937000","2021-09-24T10:38:59",2.5,10,"2021-12-10T14:00:00","[""print"", ""hand""]","","",false,"","","","","","","",""
76110105,"Katrin Fridriks - StarGate Messenger",4399399436387,"/products/stargate-messenger","https://avantarte.com/products/stargate-messenger","2026-09-14T13:01:22.937000","2021-09-24T10:38:59",500,40,"2019-10-20T13:00:00","[""print""]","","",false,"","","","","","","Limited edition",""
76110022,"Tomokazu Matsuyama - She's So Sweet Ride",4423621673059,"/products/shes-so-sweet-ride","https://avantarte.com/products/shes-so-sweet-ride","2026-09-14T13:01:22.937000","2021-09-24T10:38:59",800,75,"2019-04-17T13:00:00","[""print""]","","",false,"","","","","","","Limited edition",""
75204844,"Elmgreen & Dragset - The Future",4737130659939,"/products/the-future-elmgreen-dragset","https://avantarte.com/products/the-future-elmgreen-dragset","2026-09-14T13:01:22.937000","2021-09-24T10:38:59",7500,30,"2020-11-11T14:00:00","[""sculpture""]","","",false,"","","","","","","",""
73547427,"Roby Dwi Antono - The Battle",6613374238819,"/products/the-battle","https://avantarte.com/products/the-battle","2026-09-14T13:01:22.937000","2021-09-24T10:38:59",2300,1,"2021-06-15T13:00:00","[""original"", ""studioworks""]","","",false,"","","","","","","",""
75707242,"Tau Lewis - Nutmeg",6602933043299,"/products/nutmeg","https://avantarte.com/products/nutmeg","2026-09-14T13:01:22.937000","2021-09-24T10:38:59.838000",10000,20,"2020-08-25T13:00:00","[""sculpture""]","","",false,"","","","","","","",""
73547565,"Javier Calleja - First Look (Hand-finished)",6575182217315,"/products/javier-calleja-first-look","https://avantarte.com/products/javier-calleja-first-look","2026-09-14T13:01:22.937000","2021-09-24T10:38:59.838000",9000,70,"2021-06-09T13:00:00","[""print"", ""hand""]","public-release","",false,"","","","","","","",""
73547375,"Scott Kahn - Spring Moon, Grant Street (Hand-finished)",6622495440995,"/products/spring-moon-grant-street","https://avantarte.com/products/spring-moon-grant-street","2026-09-14T13:01:22.937000","2021-09-24T10:38:59",6000,30,"2021-09-08T13:00:00","[""hand"", ""print""]","","",false,"","","","","","","",""
76110044,"Vhils - Vista Series #3",4399677046883,"/products/vista-series-3","https://avantarte.com/products/vista-series-3","2026-09-14T13:01:22.937000","2021-09-24T10:38:59",5000,10,"2019-11-13T14:00:00","[""sculpture""]","","",false,"","","","","","","",""
75708122,"Tau Lewis - Primrose",6602924556387,"/products/primrose","https://avantarte.com/products/primrose","2026-09-14T13:01:22.937000","2021-09-24T10:38:59.838000",10000,20,"2020-08-25T13:00:00","[""sculpture""]","","",false,"","","","","","","",""
73551105,"Felipe Pantone - SubtractiveVariability P 2",6552797708387,"/products/subtractivevariability-p-2","https://avantarte.com/products/subtractivevariability-p-2","2026-09-14T13:01:22.937000","2021-09-24T10:38:59",1200,30,"2021-04-28T13:00:00","[""print""]","","",false,"","","","","","","",""
76110060,"Joakim Ojanen - Pink Dots All Over Me",4399514714211,"/products/pink-dots-all-over-me","https://avantarte.com/products/pink-dots-all-over-me","2026-09-14T13:01:22.937000","2021-09-24T10:38:59",1350,50,"2019-11-02T14:00:00","[""sculpture""]","","",false,"","","","","","","Limited edition",""
73788574,"Johnson Tsang - Fight for a Dream",6551772463203,"/products/fight-for-a-dream-1","https://avantarte.com/products/fight-for-a-dream-1","2026-09-14T13:01:22.937000","2021-09-24T10:38:59.838000",600,100,"2021-04-06T13:00:00","[""sculpture""]","","","","","","","","","","",""
75708135,"Tau Lewis - Opium",6602900734051,"/products/opium","https://avantarte.com/products/opium","2026-09-14T13:01:22.937000","2021-09-24T10:38:59.838000",10000,20,"2020-08-25T13:00:00","[""sculpture""]","","",false,"","","","","","","",""
75712462,"Tau Lewis - Teardrop",6602762223715,"/products/teardrop","https://avantarte.com/products/teardrop","2026-09-14T13:01:22.937000","2021-09-24T10:38:59.838000",10000,20,"2020-08-25T13:00:00","[""sculpture""]","","",false,"","","","","","","",""
73547378,"Hank Willis Thomas - Who Taught You To Love?",6622184079459,"/products/who-taught-you-to-love","https://avantarte.com/products/who-taught-you-to-love","2026-09-14T13:01:22.937000","2021-09-24T10:38:59.838000",1500,75,"2021-09-29T13:00:00","[""print""]","","",false,"","","","","","","",""
75719098,"Tau Lewis - Dove",6602584227939,"/products/dove","https://avantarte.com/products/dove","2026-09-14T13:01:22.937000","2021-09-24T10:38:59.838000",10000,20,"2020-08-25T13:00:00","[""sculpture""]","","",false,"","","","","","","",""
75713300,"Tau Lewis - Roots",6602747281507,"/products/roots","https://avantarte.com/products/roots","2026-09-14T13:01:22.937000","2021-09-24T10:38:59.838000",10000,20,"2020-08-25T13:00:00","[""sculpture""]","","",false,"","","","","","","",""
76110041,"Vhils - Vista Series #2",4399687991395,"/products/vista-series-2","https://avantarte.com/products/vista-series-2","2026-09-14T13:01:22.937000","2021-09-24T10:38:59",5000,10,"2019-11-13T14:00:00","[""sculpture""]","","",false,"","","","","","","",""
75730750,"José Parlá - Writers' Bench 149th Street and Grand Concourse",4698965147747,"/products/writers-bench-149th-street-and-grand-concourse","https://avantarte.com/products/writers-bench-149th-street-and-grand-concourse","2026-09-14T13:01:22.937000","2021-09-24T10:38:59",6000,60,"2020-09-24T13:00:00","[""print""]","","","","","","","","","","",""
75707231,"Tau Lewis - Silk",6602960961635,"/products/silk","https://avantarte.com/products/silk","2026-09-14T13:01:22.937000","2021-09-24T10:38:59.838000",10000,20,"2020-08-25T13:00:00","[""sculpture""]","","",false,"","","","","","","",""
75204218,"Donna Huanca - SPIRAL PARA EL CIELO (Hand-finished)",4761588367459,"/products/spiral-para-el-cielo-handfinished","https://avantarte.com/products/spiral-para-el-cielo-handfinished","2026-09-14T13:01:22.937000","2021-09-24T10:38:59",1600,20,"2021-04-21T13:00:00","[""print"", ""hand""]","","",false,"","","","","","","",""
73547539,"James Jean - Maze Aurum",6554238255203,"/products/maze-aurum","https://avantarte.com/products/maze-aurum","2026-09-14T13:01:22.937000","2021-09-24T10:38:59",7500,50,"2021-05-06T13:00:00","[""sculpture""]","","",false,"","","","","","","",""
75708743,"Tau Lewis - Olivine",6602888347747,"/products/olivine","https://avantarte.com/products/olivine","2026-09-14T13:01:22.937000","2021-09-24T10:38:59",10000,20,"2020-08-25T13:00:00","[""sculpture""]","","",false,"","","","","","","",""
73547541,"Neo Image Matloga - Majakathata",6593251180643,"/products/majakathata","https://avantarte.com/products/majakathata","2026-09-14T13:01:22.937000","2021-09-24T10:38:59",750,70,"2021-08-10T13:00:00","[""print""]","","",false,"","","","","","","",""
73547373,"LY - Standing with LUV (Small)",6622805459043,"/products/standing-with-luv-small","https://avantarte.com/products/standing-with-luv-small","2026-09-14T13:01:22.937000","2021-09-24T10:38:59",3.5,50,"2021-09-15T13:00:00","[""sculpture""]","","",false,"","","","","","","",""
76110016,"Paul Insect - The Ultimate Journey (Gold)",4423649722467,"/products/the-ultimate-journey-gold","https://avantarte.com/products/the-ultimate-journey-gold","2026-09-14T13:01:22.937000","2021-09-24T10:38:59",1132.08,75,"2018-03-16T14:00:00","[""print""]","","",false,"","","","","","","Limited edition",""
73547178,"Thenjiwe Niki Nkosi - Landing",6624611237987,"/products/landing","https://avantarte.com/products/landing","2026-09-14T13:01:22.937000","2021-09-24T10:38:59",700,60,"2021-12-10T14:00:00","[""print""]","","",false,"","","","","","","",""
76110047,"- Aragonitesphere",4399640019043,"/products/aragonitesphere","https://avantarte.com/products/aragonitesphere","2026-09-14T13:01:22.937000","2021-09-24T10:38:59",1930,75,"2019-09-18T13:00:00","[""print""]","","",false,"","","","","","","",""
76108331,"Paul Insect - Together Alone (Silver)",4466343149667,"/products/together-alone-silver","https://avantarte.com/products/together-alone-silver","2026-09-14T13:01:22.937000","2021-09-24T10:38:59",2000,75,"2021-01-31T16:00:00","[""print"", ""hand""]","","",false,"","","","","","","Limited edition",""
75731489,"Tomás Sánchez - Meditador en la orilla",4670896472163,"/products/meditador-en-la-orilla","https://avantarte.com/products/meditador-en-la-orilla","2026-09-14T13:01:22.937000","2021-09-24T10:38:59",1500,75,"2020-11-25T14:00:00","[""print""]","","","","","","","","","","",""
75730792,"Tomokazu Matsuyama - Honestly Gone Going",4682120298595,"/products/bowery-tomokazu","https://avantarte.com/products/bowery-tomokazu","2026-09-14T13:01:22.937000","2021-09-24T10:38:59",1350,75,"2020-09-16T13:00:00","[""print""]","","",false,"","","","","","","Limited edition",""
75205602,"Conrad Jon Godly - Nevertheless #20",4729302319203,"/products/nevertheless-20","https://avantarte.com/products/nevertheless-20","2026-09-14T13:01:22.937000","2021-09-24T10:38:59",1250,20,"2021-01-21T14:00:00","[""print""]","","","","","","","","","","",""
76206460,"Paul Insect - Together Alone (Gold)",4466327617635,"/products/together-alone-gold","https://avantarte.com/products/together-alone-gold","2026-09-14T13:01:22.937000","2021-09-24T10:38:59",2000,20,"2021-01-31T16:00:00","[""print"", ""hand""]","","",false,"","","","","","","Limited edition",""
75708748,"Tau Lewis - Dhalia",6602869375075,"/products/dhalia","https://avantarte.com/products/dhalia","2026-09-14T13:01:22.937000","2021-09-24T10:38:59.838000",10000,20,"2020-08-25T13:00:00","[""sculpture""]","","","","","","","","","","",""
73547508,"Ludovic Nkoth - All Aboard (Hand-finished)",6601702113379,"/products/all-aboard-hand-finished","https://avantarte.com/products/all-aboard-hand-finished","2026-09-14T13:01:22.937000","2021-09-24T10:38:59.838000",4000,20,"2021-07-14T13:00:00","[""print"", ""hand""]","","",false,"","","","","","","",""
76110107,"James Jean - Passage",4399338651747,"/products/passage","https://avantarte.com/products/passage","2026-09-14T13:01:22.937000","2021-09-24T10:38:59",2700,50,"2019-11-02T14:00:00","[""print""]","","",false,"","","","","","","Limited edition",""
73547536,"Hassan Hajjaj - Yazid & Rania",6600841461859,"/products/yazid-and-rania","https://avantarte.com/products/yazid-and-rania","2026-09-14T13:01:22.937000","2021-09-24T10:38:59.838000",1500,50,"2021-09-10T13:00:00","[""print""]","private-release","",false,"","","","","","","",""
75731508,"James Jean - Maze",4527164981347,"/products/maze","https://avantarte.com/products/maze","2026-09-14T13:01:22.937000","2021-09-24T10:38:59.838000",7500,25,"2021-07-10T13:00:00","[""sculpture""]","","",false,"","","","","","","Limited edition",""
75708126,"Tau Lewis - Fawn",6602909384803,"/products/fawn","https://avantarte.com/products/fawn","2026-09-14T13:01:22.937000","2021-09-24T10:38:59",10000,20,"2020-08-25T13:00:00","[""sculpture""]","","",false,"","","","","","","",""
76110019,"Paul Insect - The Ultimate Journey (Red)",4423649624163,"/products/the-ultimate-journey-red","https://avantarte.com/products/the-ultimate-journey-red","2026-09-14T13:01:22.937000","2021-09-24T10:38:59",1886.79,20,"2018-05-16T13:00:00","[""print""]","","",false,"","","","","","","Limited edition",""
73547408,"Roby Dwi Antono - Sleeping Dino",6613401501795,"/products/sleeping-dino","https://avantarte.com/products/sleeping-dino","2026-09-14T13:01:22.937000","2021-09-24T10:38:59",1900,1,"2021-06-15T13:00:00","[""original"", ""studioworks""]","","",false,"","","","","","","",""
75204221,"Yue Minjun - Hibiscus",4761068404835,"/products/yue-minjun-hibiscus","https://avantarte.com/products/yue-minjun-hibiscus","2026-09-14T13:01:22.937000","2021-09-24T10:38:59",4500,40,"2021-01-27T14:00:00","[""print""]","","",false,"","","","","","","",""
73551079,"Makiko Kudo - Empathy",6554425327715,"/products/empathy-1","https://avantarte.com/products/empathy-1","2026-09-14T13:01:22.937000","2021-09-24T10:38:59.838000",400,120,"2021-04-14T13:00:00","[""print""]","","",false,"","","","","","","",""
75708738,"Tau Lewis - Moon",6602893754467,"/products/moon","https://avantarte.com/products/moon","2026-09-14T13:01:22.937000","2021-09-24T10:38:59.838000",10000,20,"2020-08-25T13:00:00","[""sculpture""]","","",false,"","","","","","","",""
73547463,"Jen Stark - In Between Space",6605037666403,"/products/in-between-space","https://avantarte.com/products/in-between-space","2026-09-14T13:01:22.937000","2021-09-24T10:38:59.838000",1750,50,"2021-07-28T13:00:00","[""sculpture""]","","","","","","","","","","",""
75731513,"Friedrich Kunath - The Last Perfect Day",4600398610531,"/products/the-last-perfect-day","https://avantarte.com/products/the-last-perfect-day","2026-09-14T13:01:22.937000","2021-09-24T10:38:59.838000",1834,60,"2020-07-01T13:00:00","[""print""]","","",false,"","","","","","","Limited edition",""
75731479,"Thenjiwe Niki Nkosi - Salute",4670897193059,"/products/salute","https://avantarte.com/products/salute","2026-09-14T13:01:22.937000","2021-09-24T10:38:59",700,60,"2020-08-28T13:00:00","[""print""]","","",false,"","","","","","","Limited edition",""
73547447,"Michael Kagan - Critical Mass",6608077783139,"/products/critical-mass","https://avantarte.com/products/critical-mass","2026-09-14T13:01:22.937000","2021-09-24T10:38:59.838000",8000,16,"2021-07-07T13:00:00","[""print""]","","",false,"","","","","","","",""
75210569,"Cali Thornhill Dewitt - HAUNTED",4704022331491,"/products/haunted-2","https://avantarte.com/products/haunted-2","2026-09-14T13:01:22.937000","2021-09-24T10:38:59",400,55,"2020-08-25T13:00:00","[""print""]","","",false,"","","","","","","Limited edition",""
77486814,"Felipe Pantone - Chromadynamica Variable (Color)",3928458952803,"/products/chromadynamica-variable-color","https://avantarte.com/products/chromadynamica-variable-color","2026-09-14T13:01:22.937000","2021-09-24T10:38:59",1886.79,10,"2017-10-18T13:00:00","[""print""]","","",false,"","","","","","","Limited edition",""
75205854,"Jonny Niesche - Schein Blossom",4727677190243,"/products/schein-blossom","https://avantarte.com/products/schein-blossom","2026-09-14T13:01:22.937000","2021-09-24T10:38:59.838000",1250,35,"2020-11-18T14:00:00","[""print""]","","","","","","","","","","",""
75732996,"Simphiwe Ndzube - In the Silence of the Drum",4563501547619,"/products/in-the-silence-of-the-drum","https://avantarte.com/products/in-the-silence-of-the-drum","2026-09-14T13:01:22.937000","2021-09-24T10:38:59",899.08,55,"2021-05-20T13:00:00","[""print""]","","",false,"","","","","","","Limited edition",""
75730813,"Tomokazu Matsuyama - The Farm Crash",4681948037219,"/products/the-office","https://avantarte.com/products/the-office","2026-09-14T13:01:22.937000","2021-09-24T10:38:59.838000",1350,75,"2020-09-16T13:00:00","[""print""]","","",false,"","","","","","","Limited edition",""
75713308,"Tau Lewis - Moss",6602736959587,"/products/moss","https://avantarte.com/products/moss","2026-09-14T13:01:22.937000","2021-09-24T10:38:59.838000",10000,20,"2020-08-25T13:00:00","[""sculpture""]","","",false,"","","","","","","",""
73547431,"Antonia Showering - Wake Up",6612666450019,"/products/wake-up-2021","https://avantarte.com/products/wake-up-2021","2026-09-14T13:01:22.938000","2021-09-24T10:38:59",2500,1,"2021-06-15T13:00:00","[""original"", ""studioworks""]","","",false,"","","","","","","",""
76110102,"Katrin Fridriks - Spiritual Awakening",4399411560547,"/products/spiritual-awakening","https://avantarte.com/products/spiritual-awakening","2026-09-14T13:01:22.938000","2021-09-24T10:38:59",980,44,"2019-10-20T13:00:00","[""print"", ""hand""]","","",false,"","","","","","","",""
75210564,"Wang Yan Cheng - Between Two Poles",4712585756771,"/products/between-two-poles-1","https://avantarte.com/products/between-two-poles-1","2026-09-14T13:01:22.938000","2021-09-24T10:38:59",5000,50,"2020-10-21T13:00:00","[""print""]","","",false,"","","","","","","",""
73547562,"Javier Calleja - Second Chance Always (Hand-finished)",6575133982819,"/products/second-chance-always","https://avantarte.com/products/second-chance-always","2026-09-14T13:01:22.938000","2021-09-24T10:38:59.838000",9000,70,"2021-06-09T13:00:00","[""print"", ""hand""]","","","","","","","","","","",""
71645111,"James Jean - Slingshot Aurum",4714274783331,"/products/slingshot-aurum-jj","https://avantarte.com/products/slingshot-aurum-jj","2026-09-14T13:01:22.938000","2021-09-15T14:52:23",7000,50,"2020-09-30T00:00:00","[""sculpture""]","","",false,"","","","","","","",""
73449002,"Roby Dwi Antono - KIRA",6610770952291,"/products/kira","https://avantarte.com/products/kira","2026-09-14T13:01:22.938000","2021-09-24T10:38:59",750,50,"2021-09-23T13:00:00","[""print""]","","",false,"","","","","","","",""
73792489,"Susumu Kamijo - The Sinner at Dusk",4788850524259,"/products/the-sinner-at-dusk-1","https://avantarte.com/products/the-sinner-at-dusk-1","2026-09-14T13:01:22.938000","2021-09-24T10:38:59",4000,50,"2021-02-17T14:00:00","[""sculpture""]","","",false,"","","","","","","",""
73547560,"Javier Calleja - Third Time Lucky (Hand-finished)",6575182774371,"/products/third-time-lucky","https://avantarte.com/products/third-time-lucky","2026-09-14T13:01:22.938000","2021-09-24T10:38:59.838000",9000,70,"2021-06-09T13:00:00","[""print"", ""hand""]","","","","","","","","","","",""
73547385,"Christine Wong Yap - How Do You Keep Your Heart Open? (For Susan)",6622155407459,"/products/how-do-you-keep-your-heart-open","https://avantarte.com/products/how-do-you-keep-your-heart-open","2026-09-14T13:01:22.938000","2021-09-24T10:38:59.838000",500,25,"2021-09-29T13:00:00","[""print""]","","",false,"","","","","","","",""
73435890,"José Parlá - The Founders",6625399472227,"/products/the-founders","https://avantarte.com/products/the-founders","2026-09-14T13:01:22.938000","2021-09-24T10:38:59.838000",475,1368,"2021-10-02T13:00:00","[""print""]","","",false,"","","","","","","",""
75713318,"Tau Lewis - Chestnut",6602686169187,"/products/chestnut","https://avantarte.com/products/chestnut","2026-09-14T13:01:22.938000","2021-09-24T10:38:59",10000,20,"2020-08-25T13:00:00","[""sculpture""]","","",false,"","","","","","","",""
73547537,"James Jean - Slingshot Saxum",6590085333091,"/products/slingshot-saxum","https://avantarte.com/products/slingshot-saxum","2026-09-14T13:01:22.938000","2021-09-24T10:38:59.838000",7500,50,"2021-06-30T13:00:00","[""sculpture""]","","",false,"","","","","","","",""
73547545,"Tomokazu Matsuyama - Broken Train Pick Me",6592461013091,"/products/broken-train-pick-me","https://avantarte.com/products/broken-train-pick-me","2026-09-14T13:01:22.938000","2021-09-24T10:38:59",3000,100,"2021-07-20T13:00:00","[""print""]","","","","","","","","","","",""
77524139,"Roby Dwi Antono - KIRA (Burnished Gold)",6626338406499,"/products/kira-burnished-gold","https://avantarte.com/products/kira-burnished-gold","2026-09-14T13:01:22.938000","2021-09-24T10:38:59",4000,75,"2021-10-20T14:00:00","[""sculpture""]","","",false,"","","","","","","",""
73547377,"LY - Far From Home",6622479941731,"/products/far-from-home","https://avantarte.com/products/far-from-home","2026-09-14T13:01:22.938000","2021-09-24T10:38:59",700,50,"2021-09-15T13:00:00","[""print""]","","","","","","","","","","",""
73791459,"Donna Huanca - SPIRAL PARA EL CIELO",6541829439587,"/products/spiral-para-el-cielo","https://avantarte.com/products/spiral-para-el-cielo","2026-09-14T13:01:22.938000","2021-09-24T10:38:59",3500,30,"2021-04-21T13:00:00","[""print""]","","",false,"","","","","","","",""
73551106,"Felipe Pantone - SubtractiveVariability P 3",6552798330979,"/products/subtractivevariability-p-3","https://avantarte.com/products/subtractivevariability-p-3","2026-09-14T13:01:22.938000","2021-09-24T10:38:59.838000",1200,3,"2021-04-28T13:00:00","[""print""]","","",false,"","","","","","","",""
73547421,"Roby Dwi Antono - This Conversation",6613388427363,"/products/this-conversation","https://avantarte.com/products/this-conversation","2026-09-14T13:01:22.938000","2021-09-24T10:38:59",2300,1,"2021-06-15T13:00:00","[""original"", ""studioworks""]","","",false,"","","","","","","",""
71436510,"Tomás Sánchez - Contemplar al Otro en Tarde Rosa",4761412436067,"/products/contemplar-al-otro-en-tarde-rosa","https://avantarte.com/products/contemplar-al-otro-en-tarde-rosa","2026-09-14T13:01:22.938000","2021-09-14T17:13:44",1.6,75,"2021-03-03T00:00:00","[""print""]","","",false,"","","","","","","",""
75204220,"Yue Minjun - Hibiscus (Hand-finished)",4761132826723,"/products/hibiscus-handfinished","https://avantarte.com/products/hibiscus-handfinished","2026-09-14T13:01:22.938000","2021-09-24T10:38:59",7500,10,"2021-01-27T14:00:00","[""print"", ""hand""]","","",false,"","","","","","","",""
73547438,"Antonia Showering - Start Again",6612742406243,"/products/start-again-2021","https://avantarte.com/products/start-again-2021","2026-09-14T13:01:22.938000","2021-09-24T10:38:59.838000",2500,1,"2021-06-15T13:00:00","[""original"", ""studioworks""]","","",false,"","","","","","","",""
73547555,"Aya Takano - We, human race made this structure",6591300567139,"/products/we-human-race-made-this-structure-1","https://avantarte.com/products/we-human-race-made-this-structure-1","2026-09-14T13:01:22.938000","2021-09-24T10:38:59.838000",1500,100,"2021-06-15T13:00:00","[""print""]","","",false,"","","","","","","",""
75721727,"Tau Lewis - Seal",6602566172771,"/products/seal","https://avantarte.com/products/seal","2026-09-14T13:01:22.938000","2021-09-24T10:38:59.838000",10000,20,"2020-08-25T13:00:00","[""sculpture""]","","",false,"","","","","","","",""
73547397,"Roby Dwi Antono - The Warrior #2",6613403959395,"/products/the-warrior-2","https://avantarte.com/products/the-warrior-2","2026-09-14T13:01:22.938000","2021-09-24T10:38:59",1900,1,"2021-06-15T13:00:00","[""original"", ""studioworks""]","","",false,"","","","","","","",""
76210722,"José Parlá - Exile and The Kingdom",4398467285091,"/products/exile-and-the-kingdom","https://avantarte.com/products/exile-and-the-kingdom","2026-09-14T13:01:22.938000","2021-09-24T10:38:59",4541.28,50,"2019-11-27T13:00:00","[""print"", ""hand""]","","",false,"","","","","","","Limited edition",""
73551107,"Felipe Pantone - SubtractiveVariability P 4",6552798789731,"/products/subtractivevariability-p-4","https://avantarte.com/products/subtractivevariability-p-4","2026-09-14T13:01:22.938000","2021-09-24T10:38:59.838000",1200,30,"2021-04-28T13:00:00","[""print""]","","",false,"","","","","","","",""
73547417,"Roby Dwi Antono - I'll Kill Her",6613390327907,"/products/ill-kill-her","https://avantarte.com/products/ill-kill-her","2026-09-14T13:01:22.938000","2021-09-24T10:38:59",1900,1,"2021-06-15T13:00:00","[""original"", ""studioworks""]","","",false,"","","","","","","",""